319.0,12.0,310.0,223.0,-1,-1
319.0,12.0,310.0,223.0,-1,-1
319.0,12.0,310.0,223.0,-1,-1
319.0,12.0,310.0,223.0,-1,-1
319.0,12.0,310.0,223.0,-1,-1
319.0,12.0,310.0,223.0,-1,-1
319.0,12.0,310.0,223.0,-1,-1
319.0,12.0,310.0,223.0,-1,-1
319.0,12.0,310.0,223.0,-1,-1
319.0,12.0,310.0,223.0,-1,-1
319.0,12.0,310.0,223.0,-1,-1
319.0,12.0,310.0,223.0,-1,-1
319.0,12.0,310.0,223.0,-1,-1
319.0,12.0,310.0,223.0,-1,-1
319.0,12.0,310.0,223.0,-1,-1
319.0,12.0,310.0,223.0,-1,-1
319.0,12.0,310.0,223.0,-1,-1
319.0,12.0,310.0,223.0,-1,-1
319.0,12.0,310.0,223.0,-1,-1
319.0,12.0,310.2,223.0,-1,-1
319.0,12.0,310.0,223.0,-1,-1
319.0,12.0,310.0,223.0,-1,-1
319.0,12.0,310.0,223.0,-1,-1
319.0,12.0,310.0,223.0,-1,-1
319.0,12.0,310.0,223.0,-1,-1
319.0,12.0,310.0,223.0,-1,-1
319.0,12.0,310.0,223.0,-1,-1
319.0,12.0,310.0,223.0,-1,-1
319.0,12.0,310.0,223.0,-1,-1
319.0,12.0,310.0,223.0,-1,-1
319.0,12.0,310.0,223.0,-1,-1
319.0,12.0,310.0,223.0,-1,-1
319.6,12.0,310.0,223.0,-1,-1
319.0,12.0,310.0,223.0,-1,-1
319.2,12.0,310.0,223.0,-1,-1
319.0,12.0,310.0,223.0,-1,-1
319.2,12.0,310.0,223.0,-1,-1
319.2,12.0,310.0,223.0,-1,-1
319.2,12.0,310.0,223.0,-1,-1
319.4,12.0,310.0,223.0,-1,-1
320.0,12.0,310.0,223.0,-1,-1
320.0,12.0,310.0,223.0,-1,-1
320.0,12.0,310.0,223.0,-1,-1
320.0,12.0,310.0,223.0,-1,-1
320.0,12.0,310.2,223.0,-1,-1
320.0,12.0,310.4,223.0,-1,-1
320.0,12.0,310.0,223.0,-1,-1
320.0,12.2,310.4,223.0,-1,-1
320.0,12.0,311.0,223.0,-1,-1
319.6,12.0,310.6,223.0,-1,-1
319.8,12.0,310.4,223.0,-1,-1
319.8,12.0,310.2,223.0,-1,-1
320.0,12.0,310.6,223.0,-1,-1
320.0,12.0,310.6,223.0,-1,-1
320.0,12.0,310.2,223.0,-1,-1
320.0,12.0,310.0,223.0,-1,-1
320.0,12.0,310.0,223.0,-1,-1
320.0,12.0,310.4,223.0,-1,-1
320.0,12.0,310.6,223.0,-1,-1
320.0,12.0,310.6,223.0,-1,-1
320.0,12.0,310.0,223.0,-1,-1
320.0,12.0,310.0,223.0,-1,-1
320.0,12.0,310.0,223.0,-1,-1
320.0,12.0,310.2,223.0,-1,-1
320.0,12.0,310.2,223.0,-1,-1
320.0,12.0,310.4,223.0,-1,-1
320.0,12.0,310.2,223.0,-1,-1
320.0,12.0,310.6,223.0,-1,-1
320.0,12.0,310.2,223.0,-1,-1
320.4,12.0,310.0,223.0,-1,-1
320.8,12.0,310.0,223.0,-1,-1
321.0,12.0,310.0,223.0,-1,-1
321.0,12.0,310.2,223.0,-1,-1
321.0,12.0,310.0,223.0,-1,-1
321.0,12.0,310.2,223.0,-1,-1
321.0,12.0,310.0,223.0,-1,-1
321.0,12.0,310.2,223.0,-1,-1
321.0,12.0,311.0,223.0,-1,-1
321.0,12.0,310.6,223.0,-1,-1
321.0,12.0,310.6,223.0,-1,-1
321.0,12.0,310.4,223.0,-1,-1
321.0,12.0,310.4,223.0,-1,-1
321.0,12.0,311.0,223.0,-1,-1
321.0,12.0,311.0,223.0,-1,-1
321.0,12.0,311.0,223.0,-1,-1
321.0,12.0,311.0,223.0,-1,-1
321.0,12.0,311.0,223.0,-1,-1
321.0,12.0,310.6,223.0,-1,-1
321.0,12.0,311.0,223.0,-1,-1
321.0,12.0,311.0,223.0,-1,-1
321.0,12.0,310.8,223.0,-1,-1
321.0,12.0,311.0,223.0,-1,-1
321.0,12.0,311.0,223.0,-1,-1
321.0,12.0,311.0,223.0,-1,-1
321.0,12.0,311.0,223.0,-1,-1
321.0,12.0,311.0,223.0,-1,-1
321.2,12.0,311.0,223.0,-1,-1
321.2,12.0,311.2,223.0,-1,-1
321.2,12.0,311.0,223.0,-1,-1
321.2,12.0,311.0,223.0,-1,-1
321.0,12.0,311.0,223.0,-1,-1
321.2,12.0,311.0,223.0,-1,-1
321.6,12.0,311.0,223.0,-1,-1
321.4,12.0,311.0,223.0,-1,-1
322.0,12.0,311.2,223.0,-1,-1
322.0,12.0,311.0,223.0,-1,-1
322.0,12.0,311.0,223.0,-1,-1
322.0,12.2,311.2,223.0,-1,-1
322.0,12.0,311.4,223.0,-1,-1
322.0,12.0,311.6,223.0,-1,-1
322.0,12.0,311.6,223.0,-1,-1
322.0,12.0,312.0,223.0,-1,-1
322.0,12.0,311.8,223.0,-1,-1
322.0,12.0,312.0,223.0,-1,-1
322.0,12.0,312.0,223.0,-1,-1
322.0,12.0,312.0,223.0,-1,-1
322.0,12.0,312.0,223.0,-1,-1
322.0,12.0,311.8,223.0,-1,-1
322.0,12.0,312.0,223.0,-1,-1
322.0,12.0,312.0,223.0,-1,-1
322.0,12.0,312.0,223.0,-1,-1
322.0,12.0,312.0,223.0,-1,-1
322.0,12.0,312.0,223.0,-1,-1
322.0,12.0,312.0,223.0,-1,-1
322.0,12.0,312.0,223.0,-1,-1
322.0,12.0,312.0,223.0,-1,-1
322.0,12.0,312.0,223.0,-1,-1
322.0,12.0,312.0,223.0,-1,-1
322.0,12.0,312.0,223.0,-1,-1
322.0,12.0,312.0,223.0,-1,-1
322.0,12.0,312.0,223.0,-1,-1
322.0,12.0,312.0,223.0,-1,-1
322.0,12.0,312.0,223.0,-1,-1
322.0,12.0,312.0,223.0,-1,-1
322.0,12.0,312.0,223.0,-1,-1
322.0,12.0,312.0,223.0,-1,-1
322.0,12.0,312.0,223.0,-1,-1
322.0,12.0,312.0,223.0,-1,-1
322.0,12.0,312.0,223.0,-1,-1
322.0,12.0,312.0,223.0,-1,-1
322.0,12.0,312.0,223.0,-1,-1
322.0,12.0,312.0,223.0,-1,-1
322.0,12.0,312.0,223.0,-1,-1
322.0,12.0,312.0,223.0,-1,-1
322.0,12.0,312.0,223.0,-1,-1
322.0,12.0,312.0,223.0,-1,-1
322.0,12.0,312.0,223.0,-1,-1
322.0,12.0,312.0,223.0,-1,-1
322.0,12.0,312.0,223.0,-1,-1
322.0,12.0,312.0,223.0,-1,-1
322.0,12.0,312.0,223.0,-1,-1
322.0,12.0,312.0,223.0,-1,-1
322.0,12.0,312.0,223.0,-1,-1
322.0,12.0,312.0,223.0,-1,-1
322.0,12.0,312.0,223.0,-1,-1
322.0,12.0,312.0,223.0,-1,-1
322.0,12.0,312.0,223.0,-1,-1
322.0,12.0,312.0,223.0,-1,-1
322.0,12.0,312.0,223.0,-1,-1
322.0,12.0,312.0,223.0,-1,-1
322.0,12.0,312.2,223.0,-1,-1
322.0,12.0,313.0,223.0,-1,-1
322.0,12.0,312.8,223.0,-1,-1
322.0,12.0,313.0,223.0,-1,-1
322.0,12.0,312.2,223.0,-1,-1
322.2,12.0,313.0,223.0,-1,-1
322.2,12.0,312.8,223.0,-1,-1
322.4,12.2,312.8,223.0,-1,-1
322.8,12.0,313.0,223.0,-1,-1
323.0,12.0,312.8,223.0,-1,-1
323.0,12.0,312.6,223.0,-1,-1
322.8,12.0,312.8,223.0,-1,-1
322.8,12.0,313.0,223.0,-1,-1
323.0,12.0,313.0,223.0,-1,-1
323.0,12.0,313.0,223.0,-1,-1
323.0,12.0,313.0,223.0,-1,-1
323.0,12.0,312.8,223.0,-1,-1
323.0,12.0,313.0,223.0,-1,-1
323.0,12.0,313.0,223.0,-1,-1
323.0,12.0,313.0,223.0,-1,-1
323.0,12.0,313.0,223.0,-1,-1
323.0,12.0,313.0,223.0,-1,-1
323.0,12.0,313.0,223.0,-1,-1
323.0,12.0,313.0,223.0,-1,-1
323.0,12.0,313.0,223.0,-1,-1
323.0,12.0,313.0,223.0,-1,-1
323.0,12.0,313.0,223.0,-1,-1
323.0,12.0,313.0,223.0,-1,-1
323.0,12.0,313.0,223.0,-1,-1
323.0,12.0,313.0,223.0,-1,-1
323.0,12.0,313.0,223.0,-1,-1
323.0,12.0,313.0,223.0,-1,-1
323.0,12.0,313.0,223.0,-1,-1
323.0,12.0,313.0,223.0,-1,-1
323.0,12.0,313.0,223.0,-1,-1
323.0,12.0,313.0,223.0,-1,-1
323.0,12.0,313.0,223.0,-1,-1
323.0,12.0,313.0,223.0,-1,-1
323.0,12.0,313.0,223.0,-1,-1
323.0,12.0,313.0,223.0,-1,-1
323.0,12.2,313.0,223.0,-1,-1
323.0,12.2,313.0,223.0,-1,-1
323.0,12.0,313.0,223.0,-1,-1
323.0,12.0,313.0,223.0,-1,-1
323.0,12.0,313.0,223.0,-1,-1
323.0,12.0,313.0,223.0,-1,-1
323.0,12.0,313.0,223.0,-1,-1
323.0,12.0,313.0,223.0,-1,-1
323.0,12.0,313.0,223.0,-1,-1
323.0,12.0,313.0,223.0,-1,-1
323.0,12.2,313.0,223.0,-1,-1
323.0,12.0,313.0,223.0,-1,-1
323.0,12.0,313.0,223.0,-1,-1
323.0,12.0,313.0,223.0,-1,-1
323.0,12.0,313.0,223.0,-1,-1
323.0,12.0,313.0,223.0,-1,-1
323.0,12.0,313.0,223.0,-1,-1
323.0,12.0,313.0,223.0,-1,-1
323.0,12.0,313.0,223.0,-1,-1
323.0,12.0,313.0,223.0,-1,-1
323.0,12.0,313.0,223.0,-1,-1
323.0,12.0,313.0,223.0,-1,-1
323.0,12.0,313.2,223.0,-1,-1
323.0,12.0,313.2,223.0,-1,-1
323.0,12.0,313.6,223.0,-1,-1
323.4,12.2,313.8,223.0,-1,-1
324.0,12.0,314.0,223.0,-1,-1
323.0,12.0,314.0,223.0,-1,-1
323.2,12.0,314.0,223.0,-1,-1
323.0,12.0,314.0,223.0,-1,-1
323.0,12.0,314.0,223.0,-1,-1
323.0,12.0,314.0,223.0,-1,-1
323.2,12.0,314.0,223.0,-1,-1
323.0,12.0,314.0,223.0,-1,-1
323.2,12.0,314.0,223.0,-1,-1
323.2,12.0,314.0,223.0,-1,-1
324.0,12.0,314.0,223.0,-1,-1
323.6,12.0,314.0,223.0,-1,-1
323.6,12.0,314.0,223.0,-1,-1
323.6,12.0,314.0,223.0,-1,-1
323.6,12.0,314.0,223.0,-1,-1
323.6,12.0,314.0,223.0,-1,-1
323.8,12.0,314.0,223.0,-1,-1
323.6,12.0,314.0,223.0,-1,-1
324.0,12.2,314.0,223.0,-1,-1
324.0,12.0,314.0,223.0,-1,-1
324.0,12.0,314.0,223.0,-1,-1
324.0,12.0,314.0,223.0,-1,-1
323.8,12.0,314.0,223.0,-1,-1
323.6,12.2,314.0,223.0,-1,-1
323.6,12.0,314.0,223.0,-1,-1
323.8,12.0,314.0,223.0,-1,-1
323.8,12.0,314.0,223.0,-1,-1
323.6,12.2,314.0,223.0,-1,-1
323.8,12.0,314.0,223.0,-1,-1
323.8,12.0,314.0,223.0,-1,-1
324.0,12.0,314.0,223.0,-1,-1
324.0,12.0,314.0,223.0,-1,-1
323.8,12.0,314.0,223.0,-1,-1
323.8,12.0,314.0,223.0,-1,-1
323.8,12.0,314.0,223.0,-1,-1
323.4,12.0,314.0,223.0,-1,-1
323.4,12.0,313.8,223.0,-1,-1
323.4,12.0,314.0,223.0,-1,-1
323.6,12.0,314.0,223.0,-1,-1
324.0,12.0,314.0,223.0,-1,-1
324.0,12.0,314.0,223.0,-1,-1
324.0,12.0,314.0,223.0,-1,-1
324.0,12.0,314.0,223.0,-1,-1
324.0,12.0,314.0,223.0,-1,-1
324.0,12.0,314.0,223.0,-1,-1
324.0,12.0,314.0,223.0,-1,-1
324.0,12.0,314.0,223.0,-1,-1
324.0,12.0,314.0,223.0,-1,-1
324.0,12.0,314.0,223.0,-1,-1
324.0,12.0,314.0,223.0,-1,-1
324.0,12.0,314.0,223.0,-1,-1
324.0,12.0,314.0,223.0,-1,-1
324.0,12.0,314.0,223.0,-1,-1
324.0,12.0,314.0,223.0,-1,-1
324.0,12.0,314.0,223.0,-1,-1
324.0,12.0,314.0,223.0,-1,-1
324.0,12.2,314.0,223.0,-1,-1
324.0,12.4,314.0,223.0,-1,-1
324.0,12.0,314.0,223.0,-1,-1
324.0,12.0,314.0,223.0,-1,-1
324.0,12.2,314.0,223.0,-1,-1
324.0,12.0,314.0,223.0,-1,-1
324.0,12.0,314.0,223.0,-1,-1
324.0,12.0,314.0,223.0,-1,-1
324.0,12.0,314.0,223.0,-1,-1
324.0,12.2,314.0,223.0,-1,-1
324.0,12.0,314.0,223.0,-1,-1
324.0,12.0,314.0,223.0,-1,-1
324.0,12.0,314.0,223.0,-1,-1
324.0,12.0,314.0,223.0,-1,-1
324.0,12.0,314.0,223.0,-1,-1
324.0,12.0,314.0,223.0,-1,-1
324.0,12.0,314.2,223.0,-1,-1
324.0,12.2,314.2,223.0,-1,-1
324.0,12.0,314.2,223.0,-1,-1
324.0,12.0,315.0,223.0,-1,-1
324.0,12.0,314.8,223.0,-1,-1
324.0,12.0,314.6,223.0,-1,-1
324.0,12.0,315.0,223.0,-1,-1
324.2,12.0,315.0,223.0,-1,-1
324.0,12.2,315.0,223.0,-1,-1
324.0,12.0,315.0,223.0,-1,-1
324.4,12.0,315.0,223.0,-1,-1
324.4,12.0,315.0,223.0,-1,-1
324.6,12.0,314.8,223.0,-1,-1
324.0,12.0,314.4,223.0,-1,-1
324.2,12.0,314.8,223.0,-1,-1
324.0,12.0,314.6,223.0,-1,-1
324.0,12.0,314.4,223.0,-1,-1
324.2,12.0,314.4,223.0,-1,-1
324.0,12.0,314.8,223.0,-1,-1
324.0,12.0,314.8,223.0,-1,-1
324.0,12.0,314.8,223.0,-1,-1
324.0,12.4,315.0,223.0,-1,-1
324.0,12.0,315.0,223.0,-1,-1
324.0,12.0,315.0,223.0,-1,-1
324.0,12.0,315.0,223.0,-1,-1
324.0,12.0,315.0,223.0,-1,-1
324.0,12.0,315.0,223.0,-1,-1
324.0,12.0,315.0,223.0,-1,-1
324.2,12.0,314.8,223.0,-1,-1
324.2,12.0,314.2,223.0,-1,-1
324.2,12.0,314.0,223.0,-1,-1
324.6,12.0,314.0,223.0,-1,-1
324.2,12.0,314.0,223.0,-1,-1
325.0,12.0,314.2,223.0,-1,-1
325.0,12.2,314.0,223.0,-1,-1
325.0,12.0,314.2,223.0,-1,-1
325.0,12.0,314.2,223.0,-1,-1
325.0,12.0,314.2,223.0,-1,-1
325.0,12.2,314.2,223.0,-1,-1
324.8,12.0,314.6,223.0,-1,-1
325.0,12.0,315.0,223.0,-1,-1
325.0,12.0,314.6,223.0,-1,-1
325.0,12.0,314.0,223.0,-1,-1
325.0,12.0,314.0,223.0,-1,-1
324.8,12.2,314.0,223.0,-1,-1
325.0,12.0,314.4,223.0,-1,-1
325.0,12.0,314.6,223.0,-1,-1
325.0,12.0,314.4,223.0,-1,-1
325.0,12.4,314.2,223.0,-1,-1
325.0,12.0,314.0,223.0,-1,-1
325.0,12.0,314.2,223.0,-1,-1
325.0,12.2,314.6,223.0,-1,-1
325.0,12.0,314.8,223.0,-1,-1
324.8,12.0,315.0,223.0,-1,-1
324.8,12.0,315.0,223.0,-1,-1
325.0,12.0,315.0,223.0,-1,-1
325.0,12.0,315.0,223.0,-1,-1
325.0,12.0,315.0,223.0,-1,-1
325.0,12.0,315.0,223.0,-1,-1
325.0,12.4,315.0,223.0,-1,-1
325.0,12.2,315.0,223.0,-1,-1
325.0,12.2,315.0,223.0,-1,-1
325.0,12.0,315.0,223.0,-1,-1
325.0,12.0,315.0,223.0,-1,-1
325.0,12.4,314.8,223.0,-1,-1
325.0,12.2,315.0,223.0,-1,-1
325.0,12.4,315.0,223.0,-1,-1
325.0,12.0,315.0,223.0,-1,-1
325.0,12.0,315.0,223.0,-1,-1
325.0,12.0,315.0,223.0,-1,-1
325.0,12.2,315.0,223.0,-1,-1
325.0,12.0,315.0,223.0,-1,-1
325.0,12.0,315.0,223.0,-1,-1
325.0,12.0,315.0,223.0,-1,-1
325.0,12.0,315.0,223.0,-1,-1
325.2,12.0,315.0,223.0,-1,-1
325.4,12.2,315.0,223.0,-1,-1
325.4,12.0,315.0,223.0,-1,-1
325.0,12.0,315.0,223.0,-1,-1
325.2,12.4,315.0,223.0,-1,-1
325.0,12.2,315.0,223.0,-1,-1
325.0,12.2,315.0,223.0,-1,-1
325.2,12.2,315.0,223.0,-1,-1
325.2,12.2,315.0,223.0,-1,-1
325.2,12.2,315.0,223.0,-1,-1
325.0,12.0,315.0,223.0,-1,-1
325.0,12.2,315.0,223.0,-1,-1
325.0,12.2,315.0,223.0,-1,-1
325.0,12.0,315.0,223.0,-1,-1
325.0,12.0,315.0,223.0,-1,-1
325.0,12.0,315.0,223.0,-1,-1
325.0,12.0,315.0,223.0,-1,-1
325.0,12.0,314.0,223.0,-1,-1
325.2,12.0,314.2,223.0,-1,-1
325.0,12.2,314.8,223.0,-1,-1
325.0,12.0,314.8,223.0,-1,-1
325.0,12.4,315.0,223.0,-1,-1
325.0,12.2,315.0,223.0,-1,-1
325.4,12.0,315.0,223.0,-1,-1
325.0,12.2,314.6,223.0,-1,-1
325.4,12.2,314.6,223.0,-1,-1
325.6,12.2,314.8,223.0,-1,-1
325.4,12.4,315.0,223.0,-1,-1
325.2,12.4,315.0,223.0,-1,-1
325.0,12.0,314.8,223.0,-1,-1
325.8,12.0,314.8,223.0,-1,-1
325.4,12.0,314.4,223.0,-1,-1
325.4,12.2,315.0,223.0,-1,-1
325.8,12.0,314.8,223.0,-1,-1
326.0,12.2,315.0,223.0,-1,-1
326.0,12.0,315.0,223.0,-1,-1
326.0,12.2,315.0,223.0,-1,-1
325.8,12.0,315.0,223.0,-1,-1
325.8,12.2,315.0,223.0,-1,-1
325.8,12.0,315.0,223.0,-1,-1
325.4,12.0,314.8,223.0,-1,-1
325.8,12.2,314.8,223.0,-1,-1
325.2,12.0,314.4,223.0,-1,-1
325.0,12.2,314.0,223.0,-1,-1
325.0,12.0,314.0,223.0,-1,-1
325.0,12.0,314.0,223.0,-1,-1
325.2,12.2,314.0,223.0,-1,-1
325.6,12.0,314.0,223.0,-1,-1
325.6,12.0,314.2,223.0,-1,-1
325.8,12.0,314.4,223.0,-1,-1
326.0,12.0,314.0,223.0,-1,-1
325.8,12.0,314.0,223.0,-1,-1
325.0,12.0,314.0,223.0,-1,-1
325.0,12.0,314.4,223.0,-1,-1
325.0,12.2,314.2,223.0,-1,-1
325.0,12.2,314.0,223.0,-1,-1
325.0,12.0,314.0,223.0,-1,-1
325.0,12.0,314.0,223.0,-1,-1
325.0,12.0,314.0,223.0,-1,-1
325.0,12.0,314.0,223.0,-1,-1
325.0,12.2,314.2,223.0,-1,-1
325.0,12.2,314.6,223.0,-1,-1
325.0,12.0,314.6,223.0,-1,-1
325.0,12.4,314.4,223.0,-1,-1
325.0,12.0,314.0,223.0,-1,-1
325.0,12.2,314.0,223.0,-1,-1
325.0,12.2,314.0,223.0,-1,-1
325.0,12.2,314.6,223.0,-1,-1
325.0,12.0,314.0,223.0,-1,-1
325.0,12.0,314.0,223.0,-1,-1
325.0,12.2,314.2,223.0,-1,-1
325.0,12.0,314.4,223.0,-1,-1
325.0,12.4,314.6,223.0,-1,-1
325.4,12.2,314.8,223.0,-1,-1
325.4,12.0,315.0,223.0,-1,-1
325.2,12.2,315.0,223.0,-1,-1
325.4,12.0,314.8,223.0,-1,-1
325.4,12.0,314.6,223.0,-1,-1
325.4,12.4,315.0,223.0,-1,-1
325.6,12.0,314.4,223.0,-1,-1
325.6,12.2,314.8,223.0,-1,-1
325.0,12.4,315.0,223.0,-1,-1
325.8,12.2,314.8,223.0,-1,-1
325.0,12.0,314.4,223.0,-1,-1
325.0,12.0,314.2,223.0,-1,-1
325.0,12.2,314.0,223.0,-1,-1
325.0,12.0,314.2,223.0,-1,-1
325.0,12.0,315.0,223.0,-1,-1
325.0,12.0,314.8,223.0,-1,-1
325.4,12.2,315.0,223.0,-1,-1
325.6,12.0,315.0,223.0,-1,-1
325.2,12.0,315.0,223.0,-1,-1
325.2,12.0,314.8,223.0,-1,-1
325.6,12.2,314.4,223.0,-1,-1
325.8,12.0,314.4,223.0,-1,-1
325.8,12.0,314.8,223.0,-1,-1
325.8,12.0,314.6,223.0,-1,-1
325.4,12.2,314.0,223.0,-1,-1
325.0,12.2,314.0,223.0,-1,-1
325.2,12.4,314.2,223.0,-1,-1
325.0,12.0,314.4,223.0,-1,-1
325.2,12.2,315.0,223.0,-1,-1
325.4,12.0,315.0,223.0,-1,-1
325.6,12.0,315.0,223.0,-1,-1
326.0,12.0,314.6,223.0,-1,-1
326.0,12.2,315.0,223.0,-1,-1
325.6,12.0,314.6,223.0,-1,-1
325.8,12.2,315.0,223.0,-1,-1
326.0,12.2,315.0,223.0,-1,-1
325.8,12.0,315.0,223.0,-1,-1
326.0,12.0,315.0,223.0,-1,-1
326.0,12.0,315.0,223.0,-1,-1
326.0,12.0,315.0,223.0,-1,-1
326.0,12.6,315.0,223.0,-1,-1
326.0,12.2,315.0,223.0,-1,-1
326.0,12.0,315.0,223.0,-1,-1
326.0,12.0,315.0,223.0,-1,-1
326.0,12.2,315.0,223.0,-1,-1
326.0,12.4,315.0,223.0,-1,-1
326.0,12.0,315.0,223.0,-1,-1
326.0,12.0,315.0,223.0,-1,-1
326.0,12.2,315.0,223.0,-1,-1
326.0,12.4,315.0,223.0,-1,-1
326.0,12.0,315.0,223.0,-1,-1
326.0,12.0,315.0,223.0,-1,-1
326.0,12.0,315.0,223.0,-1,-1
326.0,12.0,315.0,223.0,-1,-1
326.0,12.0,315.0,223.0,-1,-1
326.0,12.0,315.0,223.0,-1,-1
326.0,12.2,315.0,223.0,-1,-1
326.0,12.0,315.0,223.0,-1,-1
326.0,12.2,315.0,223.0,-1,-1
326.0,12.0,315.0,223.0,-1,-1
326.0,12.2,315.0,223.0,-1,-1
326.0,12.2,315.0,223.0,-1,-1
326.0,12.2,315.0,223.0,-1,-1
326.0,12.2,315.0,223.0,-1,-1
325.8,12.0,315.0,223.0,-1,-1
326.0,12.0,315.0,223.0,-1,-1
326.0,12.2,315.0,223.0,-1,-1
326.0,12.2,315.0,223.0,-1,-1
326.0,12.0,315.0,223.0,-1,-1
326.0,12.0,315.0,223.0,-1,-1
326.0,12.0,315.0,223.0,-1,-1
326.0,12.0,315.0,223.0,-1,-1
326.0,12.2,315.0,223.0,-1,-1
326.0,12.0,315.0,223.0,-1,-1
326.0,12.4,315.0,223.0,-1,-1
326.0,12.2,315.0,223.0,-1,-1
326.0,12.2,315.0,223.0,-1,-1
326.0,12.2,315.0,223.0,-1,-1
326.0,12.0,315.0,223.0,-1,-1
326.0,12.0,315.0,223.0,-1,-1
326.0,12.4,315.0,223.0,-1,-1
326.0,12.2,315.0,223.0,-1,-1
325.6,12.0,315.0,223.0,-1,-1
325.2,12.0,315.0,223.0,-1,-1
326.0,12.2,315.0,223.0,-1,-1
326.0,12.0,315.0,223.0,-1,-1
326.0,12.0,315.0,223.0,-1,-1
326.0,12.6,315.0,223.0,-1,-1
326.0,12.2,315.0,223.0,-1,-1
326.0,12.0,315.0,223.0,-1,-1
326.0,12.0,315.0,223.0,-1,-1
326.0,12.2,315.0,223.0,-1,-1
326.0,12.2,315.0,223.0,-1,-1
326.0,12.2,315.0,223.0,-1,-1
326.0,12.0,315.0,223.0,-1,-1
326.0,12.4,315.0,223.0,-1,-1
326.0,12.0,315.0,223.0,-1,-1
326.0,12.2,315.0,223.0,-1,-1
326.0,12.2,315.0,223.0,-1,-1
326.0,12.0,315.0,223.0,-1,-1
326.0,12.2,315.0,223.0,-1,-1
326.0,12.2,315.0,223.0,-1,-1
326.0,12.4,315.0,223.0,-1,-1
326.0,12.0,315.0,223.0,-1,-1
326.0,12.2,315.0,223.0,-1,-1
326.0,12.0,315.0,223.0,-1,-1
326.0,12.4,315.0,223.0,-1,-1
326.0,12.0,315.0,223.0,-1,-1
325.6,12.2,315.0,223.0,-1,-1
326.0,12.4,315.0,223.0,-1,-1
326.0,12.2,315.0,223.0,-1,-1
326.0,12.0,315.0,223.0,-1,-1
326.0,12.2,315.0,223.0,-1,-1
326.0,12.2,315.0,223.0,-1,-1
326.0,12.0,315.0,223.0,-1,-1
326.0,12.4,315.0,223.0,-1,-1
326.0,12.0,315.0,223.0,-1,-1
326.0,12.2,315.0,223.0,-1,-1
326.0,12.0,315.0,223.0,-1,-1
326.0,12.0,315.0,223.0,-1,-1
326.0,12.0,315.0,223.0,-1,-1
326.0,12.2,315.0,223.0,-1,-1
326.0,12.2,315.0,223.0,-1,-1
326.0,12.0,315.0,223.0,-1,-1
326.0,12.0,315.0,223.0,-1,-1
326.0,12.2,315.0,223.0,-1,-1
326.0,12.0,315.0,223.0,-1,-1
326.0,12.2,315.0,223.0,-1,-1
326.0,12.4,315.0,223.0,-1,-1
326.0,12.2,315.2,223.0,-1,-1
326.0,12.6,315.0,223.0,-1,-1
326.0,12.0,315.0,223.0,-1,-1
326.0,12.2,315.0,223.0,-1,-1
326.0,12.0,315.0,223.0,-1,-1
326.0,12.0,315.0,223.0,-1,-1
326.0,12.2,315.0,223.0,-1,-1
326.0,12.2,315.0,223.0,-1,-1
326.0,12.0,315.4,223.0,-1,-1
326.0,12.2,315.8,223.0,-1,-1
326.0,12.0,315.4,223.0,-1,-1
326.0,12.4,315.2,223.0,-1,-1
326.0,12.2,315.0,223.0,-1,-1
326.0,12.0,315.2,223.0,-1,-1
326.0,12.2,316.0,223.0,-1,-1
326.0,12.4,315.8,223.0,-1,-1
326.0,12.2,315.0,223.0,-1,-1
326.0,12.4,315.6,223.0,-1,-1
326.0,12.0,315.0,223.0,-1,-1
326.0,12.0,315.0,223.0,-1,-1
326.0,12.4,315.0,223.0,-1,-1
326.0,12.0,315.0,223.0,-1,-1
326.0,12.4,315.0,223.0,-1,-1
326.0,12.0,315.0,223.0,-1,-1
326.0,12.0,315.2,223.0,-1,-1
326.0,12.0,315.6,223.0,-1,-1
326.0,12.0,315.4,223.0,-1,-1
326.0,12.0,315.0,223.0,-1,-1
326.0,12.0,315.2,223.0,-1,-1
326.0,12.4,315.0,223.0,-1,-1
326.0,12.4,315.0,223.0,-1,-1
326.0,12.2,315.0,223.0,-1,-1
326.0,12.2,315.0,223.0,-1,-1
326.0,12.6,315.0,223.0,-1,-1
326.0,12.0,315.0,223.0,-1,-1
326.0,12.0,315.0,223.0,-1,-1
326.0,12.4,315.0,223.0,-1,-1
326.0,12.4,315.0,223.0,-1,-1
326.0,12.0,315.0,223.0,-1,-1
326.0,12.2,315.0,223.0,-1,-1
326.0,12.4,315.0,223.0,-1,-1
326.0,12.0,315.0,223.0,-1,-1
326.0,12.0,315.0,223.0,-1,-1
326.0,12.0,315.0,223.0,-1,-1
326.0,12.2,315.0,223.0,-1,-1
326.0,12.0,315.0,223.0,-1,-1
326.0,12.2,315.0,223.0,-1,-1
326.0,12.2,315.0,223.0,-1,-1
326.0,12.4,315.0,223.0,-1,-1
326.0,12.2,315.0,223.0,-1,-1
326.0,12.0,315.0,223.0,-1,-1
326.0,12.4,315.0,223.0,-1,-1
326.0,12.4,315.0,223.0,-1,-1
326.0,12.2,315.0,223.0,-1,-1
326.0,12.4,315.0,223.0,-1,-1
326.0,12.0,315.0,223.0,-1,-1
326.0,12.2,315.0,223.0,-1,-1
326.0,12.0,315.0,223.0,-1,-1
326.0,12.0,315.0,223.0,-1,-1
326.0,12.6,315.0,223.0,-1,-1
326.0,12.0,315.0,223.0,-1,-1
326.0,12.0,315.0,223.0,-1,-1
326.0,12.0,315.0,223.0,-1,-1
326.0,12.0,315.0,223.0,-1,-1
326.0,12.2,315.0,223.0,-1,-1
326.0,12.2,315.0,223.0,-1,-1
326.0,12.6,315.0,223.0,-1,-1
326.0,12.2,315.0,223.0,-1,-1
326.0,12.2,315.0,223.0,-1,-1
326.0,12.4,315.0,223.0,-1,-1
326.0,12.0,315.0,223.0,-1,-1
326.0,12.0,315.0,223.0,-1,-1
326.0,12.0,315.0,223.0,-1,-1
326.0,12.0,315.0,223.0,-1,-1
326.0,12.2,315.0,223.0,-1,-1
326.0,12.0,315.0,223.0,-1,-1
326.0,12.4,315.0,223.0,-1,-1
326.0,12.4,315.0,223.0,-1,-1
326.0,12.2,315.0,223.0,-1,-1
326.0,12.2,315.0,223.0,-1,-1
326.0,12.0,315.0,223.0,-1,-1
326.0,12.0,315.0,223.0,-1,-1
326.0,12.2,315.0,223.0,-1,-1
326.0,12.2,315.0,223.0,-1,-1
326.0,12.2,315.0,223.0,-1,-1
326.0,12.2,315.0,223.0,-1,-1
326.0,12.2,315.0,223.0,-1,-1
326.0,12.0,315.0,223.0,-1,-1
326.0,12.2,315.0,223.0,-1,-1
326.0,12.2,315.0,223.0,-1,-1
326.0,12.0,315.0,223.0,-1,-1
326.0,12.4,315.0,223.0,-1,-1
326.0,12.0,315.4,223.0,-1,-1
326.0,12.6,315.6,223.0,-1,-1
326.0,12.4,315.2,223.0,-1,-1
326.0,12.2,315.0,223.0,-1,-1
326.0,12.0,315.0,223.0,-1,-1
326.0,12.0,315.0,223.0,-1,-1
326.0,12.0,315.0,223.0,-1,-1
326.0,12.0,315.0,223.0,-1,-1
326.0,12.0,315.0,223.0,-1,-1
326.0,12.4,315.0,223.0,-1,-1
326.0,12.0,315.0,223.0,-1,-1
326.0,12.2,315.0,223.0,-1,-1
326.0,12.0,315.0,223.0,-1,-1
326.0,12.4,315.0,223.0,-1,-1
326.0,12.2,315.0,223.0,-1,-1
326.0,12.0,315.0,223.0,-1,-1
326.0,12.0,315.0,223.0,-1,-1
326.0,12.0,315.0,223.0,-1,-1
326.0,12.0,315.0,223.0,-1,-1
326.0,12.0,315.0,223.0,-1,-1
326.0,12.0,315.0,223.0,-1,-1
326.0,12.2,315.0,223.0,-1,-1
326.0,12.0,315.0,223.0,-1,-1
326.0,12.2,315.0,223.0,-1,-1
326.0,12.0,315.0,223.0,-1,-1
326.0,12.4,315.0,223.0,-1,-1
326.0,12.0,315.0,223.0,-1,-1
326.0,12.0,315.0,223.0,-1,-1
326.0,12.6,315.0,223.0,-1,-1
326.0,12.2,315.0,223.0,-1,-1
326.0,12.0,315.0,223.0,-1,-1
326.0,12.0,315.0,223.0,-1,-1
326.0,12.2,315.0,223.0,-1,-1
326.0,12.2,315.6,223.0,-1,-1
326.0,12.0,315.2,223.0,-1,-1
326.0,12.4,315.6,223.0,-1,-1
326.0,12.4,315.2,223.0,-1,-1
326.0,12.0,315.0,223.0,-1,-1
326.0,12.2,315.6,223.0,-1,-1
326.0,12.4,315.6,223.0,-1,-1
326.0,12.0,315.2,223.0,-1,-1
326.0,12.0,315.2,223.0,-1,-1
326.4,12.2,315.2,223.0,-1,-1
326.0,12.2,315.2,223.0,-1,-1
326.0,12.0,315.6,223.0,-1,-1
326.0,12.4,315.6,223.0,-1,-1
326.0,12.2,315.4,223.0,-1,-1
326.0,12.0,315.6,223.0,-1,-1
326.0,12.4,315.6,223.0,-1,-1
326.0,12.0,315.6,223.0,-1,-1
326.0,12.2,315.4,223.0,-1,-1
326.0,12.2,315.4,223.0,-1,-1
326.0,12.4,315.8,223.0,-1,-1
326.0,12.0,315.8,223.0,-1,-1
326.0,12.4,315.6,223.0,-1,-1
326.0,12.0,316.0,223.0,-1,-1
326.0,12.2,315.8,223.0,-1,-1
326.0,12.2,315.8,223.0,-1,-1
326.0,12.0,315.6,223.0,-1,-1
326.0,12.0,315.8,223.0,-1,-1
326.0,12.0,316.0,223.0,-1,-1
326.0,12.4,315.4,223.0,-1,-1
326.0,12.0,315.8,223.0,-1,-1
326.0,12.4,316.0,223.0,-1,-1
326.0,12.2,315.6,223.0,-1,-1
326.0,12.6,316.0,223.0,-1,-1
326.0,12.0,315.2,223.0,-1,-1
326.0,12.0,315.8,223.0,-1,-1
326.0,12.2,316.0,223.0,-1,-1
326.2,12.2,316.0,223.0,-1,-1
326.0,12.4,316.0,223.0,-1,-1
326.0,12.4,316.0,223.0,-1,-1
326.2,12.2,315.8,223.0,-1,-1
326.0,12.4,316.0,223.0,-1,-1
326.0,12.4,316.0,223.0,-1,-1
326.0,12.2,315.8,223.0,-1,-1
326.4,12.2,316.0,223.0,-1,-1
326.6,12.2,316.0,223.0,-1,-1
326.2,12.2,316.0,223.0,-1,-1
326.0,12.4,316.0,223.0,-1,-1
326.0,12.2,316.0,223.0,-1,-1
326.0,12.2,316.0,223.0,-1,-1
326.0,12.2,316.0,223.0,-1,-1
326.0,12.2,316.0,223.0,-1,-1
326.0,12.0,316.0,223.0,-1,-1
326.0,12.2,316.0,223.0,-1,-1
326.0,12.0,316.0,223.0,-1,-1
326.0,12.2,316.0,223.0,-1,-1
326.0,12.2,316.0,223.0,-1,-1
326.0,12.6,316.0,223.0,-1,-1
326.0,12.2,316.0,223.0,-1,-1
326.0,12.2,316.0,223.0,-1,-1
326.0,12.2,316.0,223.0,-1,-1
326.0,12.2,316.0,223.0,-1,-1
326.0,12.2,316.0,223.0,-1,-1
326.0,12.0,316.0,223.0,-1,-1
326.0,12.2,316.0,223.0,-1,-1
326.0,12.4,316.0,223.0,-1,-1
326.0,12.4,316.0,223.0,-1,-1
326.0,12.4,316.0,223.0,-1,-1
326.2,12.6,316.0,223.0,-1,-1
326.2,12.4,316.0,223.0,-1,-1
326.2,12.4,316.0,223.0,-1,-1
326.6,12.0,316.0,223.0,-1,-1
326.0,12.4,316.0,223.0,-1,-1
326.0,12.2,316.0,223.0,-1,-1
326.0,12.4,316.0,223.0,-1,-1
326.6,12.8,316.0,223.0,-1,-1
326.0,12.2,316.0,223.0,-1,-1
326.2,12.2,316.0,223.0,-1,-1
326.4,12.0,316.0,223.0,-1,-1
326.8,12.2,316.0,223.0,-1,-1
327.0,12.4,316.0,223.0,-1,-1
327.0,12.0,316.0,223.0,-1,-1
327.0,12.2,316.0,223.0,-1,-1
327.0,12.4,316.0,223.0,-1,-1
327.0,12.0,316.0,223.0,-1,-1
327.0,12.4,316.0,223.0,-1,-1
327.0,12.2,316.0,223.0,-1,-1
327.0,12.4,316.0,223.0,-1,-1
327.0,12.2,316.0,223.0,-1,-1
327.0,12.4,316.0,223.0,-1,-1
327.0,12.4,316.0,223.0,-1,-1
327.0,12.2,316.0,223.0,-1,-1
327.0,12.2,316.0,223.0,-1,-1
327.0,12.0,316.0,223.0,-1,-1
327.0,12.4,316.0,223.0,-1,-1
327.0,12.2,316.0,223.0,-1,-1
327.0,12.2,316.0,223.0,-1,-1
327.0,12.4,316.0,223.0,-1,-1
327.0,12.0,316.0,223.0,-1,-1
327.0,12.6,316.0,223.0,-1,-1
327.0,12.2,316.0,223.0,-1,-1
327.0,12.6,316.0,223.0,-1,-1
327.0,12.6,316.0,223.0,-1,-1
327.0,12.2,316.0,223.0,-1,-1
327.0,12.0,316.0,223.0,-1,-1
327.0,12.4,316.0,223.0,-1,-1
327.0,12.2,316.0,223.0,-1,-1
327.0,12.2,316.0,223.0,-1,-1
327.0,12.6,316.0,223.0,-1,-1
327.0,12.2,316.0,223.0,-1,-1
327.0,12.2,316.0,223.0,-1,-1
327.0,12.2,316.0,223.0,-1,-1
327.0,12.4,316.0,223.0,-1,-1
327.0,12.2,316.0,223.0,-1,-1
327.0,12.4,316.0,223.0,-1,-1
327.0,12.4,316.0,223.0,-1,-1
327.0,12.8,316.0,223.0,-1,-1
327.0,12.2,316.0,223.0,-1,-1
327.0,12.2,316.0,223.0,-1,-1
327.0,12.2,316.0,223.0,-1,-1
327.0,12.2,316.0,223.0,-1,-1
327.0,12.2,316.0,223.0,-1,-1
327.0,12.4,316.0,223.0,-1,-1
327.0,12.2,316.0,223.0,-1,-1
327.0,12.2,316.0,223.0,-1,-1
327.0,12.8,316.0,223.0,-1,-1
327.0,12.6,316.0,223.0,-1,-1
327.0,12.2,316.0,223.0,-1,-1
327.0,12.6,316.0,223.0,-1,-1
327.0,12.2,316.0,223.0,-1,-1
327.0,12.4,316.0,223.0,-1,-1
327.0,12.8,316.0,223.0,-1,-1
327.0,12.2,316.0,223.0,-1,-1
327.0,12.0,316.0,223.0,-1,-1
327.0,12.4,316.0,223.0,-1,-1
327.0,12.4,316.0,223.0,-1,-1
327.0,12.4,316.0,223.0,-1,-1
327.0,12.4,316.0,223.0,-1,-1
327.0,12.0,316.0,223.0,-1,-1
327.0,12.2,316.0,223.0,-1,-1
327.0,12.4,316.0,223.0,-1,-1
327.0,12.4,316.0,223.0,-1,-1
327.0,12.4,316.0,223.0,-1,-1
327.0,12.4,316.0,223.0,-1,-1
327.0,12.4,316.0,223.0,-1,-1
327.0,12.0,316.0,223.0,-1,-1
327.0,12.0,316.0,223.0,-1,-1
327.0,12.4,316.0,223.0,-1,-1
327.0,12.4,316.0,223.0,-1,-1
327.0,12.0,316.0,223.0,-1,-1
327.0,12.2,316.0,223.0,-1,-1
327.0,12.4,316.0,223.0,-1,-1
326.8,12.6,316.0,223.0,-1,-1
326.8,12.4,316.0,223.0,-1,-1
327.0,12.4,316.0,223.0,-1,-1
327.0,12.0,316.0,223.0,-1,-1
327.0,12.8,316.0,223.0,-1,-1
327.0,12.4,316.0,223.0,-1,-1
327.0,12.2,316.0,223.0,-1,-1
327.0,12.6,316.0,223.0,-1,-1
327.0,12.2,316.0,223.0,-1,-1
327.0,12.2,316.0,223.0,-1,-1
327.0,12.4,316.0,223.0,-1,-1
327.0,12.4,316.0,223.0,-1,-1
327.0,12.8,316.0,223.0,-1,-1
327.0,12.2,316.0,223.0,-1,-1
327.0,12.2,316.0,223.0,-1,-1
327.0,12.4,316.0,223.0,-1,-1
327.0,12.2,316.0,223.0,-1,-1
327.0,12.2,316.0,223.0,-1,-1
327.0,12.4,316.0,223.0,-1,-1
327.0,12.4,316.0,223.0,-1,-1
327.0,12.6,316.0,223.0,-1,-1
327.0,12.2,316.0,223.0,-1,-1
327.0,12.4,316.0,223.0,-1,-1
327.0,12.2,316.0,223.0,-1,-1
327.0,12.4,316.0,223.0,-1,-1
327.0,12.4,316.0,223.0,-1,-1
327.0,12.2,316.0,223.0,-1,-1
327.0,12.6,316.0,223.0,-1,-1
327.0,12.4,316.0,223.0,-1,-1
327.0,12.4,316.0,223.0,-1,-1
327.0,12.2,316.0,223.0,-1,-1
327.0,12.6,316.0,223.0,-1,-1
327.0,12.6,316.0,223.0,-1,-1
327.0,12.2,316.0,223.0,-1,-1
327.0,12.0,316.0,223.0,-1,-1
327.0,12.2,316.0,223.0,-1,-1
327.0,12.2,316.0,223.0,-1,-1
327.0,12.2,316.2,223.0,-1,-1
327.0,12.2,316.2,223.0,-1,-1
327.0,12.2,316.2,223.0,-1,-1
327.0,12.4,316.0,223.0,-1,-1
327.0,12.6,316.2,223.0,-1,-1
327.0,12.4,316.0,223.0,-1,-1
327.0,12.0,316.0,223.0,-1,-1
327.0,12.6,316.0,223.0,-1,-1
327.0,12.6,316.2,223.0,-1,-1
327.0,12.4,316.0,223.0,-1,-1
327.0,12.6,316.2,223.0,-1,-1
327.0,12.6,316.2,223.0,-1,-1
327.0,12.6,316.0,223.0,-1,-1
327.0,12.8,316.0,223.0,-1,-1
327.0,12.4,316.0,223.0,-1,-1
327.0,12.6,316.0,223.0,-1,-1
327.0,12.6,316.0,223.0,-1,-1
327.0,12.6,316.0,223.0,-1,-1
327.0,12.4,316.0,223.0,-1,-1
327.0,12.4,316.0,223.0,-1,-1
327.0,12.2,316.0,223.0,-1,-1
327.0,12.6,316.2,223.0,-1,-1
327.0,12.6,316.2,223.0,-1,-1
327.0,12.6,316.2,223.0,-1,-1
327.0,12.0,316.4,223.0,-1,-1
327.0,12.4,316.2,223.0,-1,-1
327.0,12.2,316.8,223.0,-1,-1
327.0,12.4,316.6,223.0,-1,-1
327.0,12.0,316.0,223.0,-1,-1
327.0,12.6,316.0,223.0,-1,-1
327.0,12.4,316.4,223.0,-1,-1
327.0,12.2,316.0,223.0,-1,-1
327.0,12.4,316.4,223.0,-1,-1
327.0,12.4,316.6,223.0,-1,-1
327.0,12.6,316.0,223.0,-1,-1
327.0,12.2,316.4,223.0,-1,-1
327.0,12.2,316.8,223.0,-1,-1
327.0,12.6,316.6,223.0,-1,-1
327.0,12.6,316.2,223.0,-1,-1
327.0,12.8,316.4,223.0,-1,-1
327.0,12.0,316.6,223.0,-1,-1
327.0,12.4,316.8,223.0,-1,-1
327.0,12.2,316.8,223.0,-1,-1
327.0,12.6,316.6,223.0,-1,-1
327.0,12.4,317.0,223.0,-1,-1
327.0,12.0,316.8,223.0,-1,-1
327.0,12.4,316.4,223.0,-1,-1
327.0,12.2,316.8,223.0,-1,-1
327.0,12.6,316.8,223.0,-1,-1
327.0,12.0,316.4,223.0,-1,-1
327.0,12.4,316.4,223.0,-1,-1
327.0,12.2,317.0,223.0,-1,-1
327.0,12.4,316.8,223.0,-1,-1
327.0,12.4,317.0,223.0,-1,-1
327.0,12.2,317.0,223.0,-1,-1
327.0,12.4,316.6,223.0,-1,-1
327.0,12.4,316.4,223.0,-1,-1
327.0,12.0,316.6,223.0,-1,-1
327.0,12.0,316.0,223.0,-1,-1
327.0,12.2,316.4,223.0,-1,-1
327.0,12.6,317.0,223.0,-1,-1
327.0,12.2,317.0,223.0,-1,-1
327.0,12.2,317.0,223.0,-1,-1
327.0,12.6,317.0,223.0,-1,-1
327.0,12.4,317.0,223.0,-1,-1
327.0,12.2,317.0,223.0,-1,-1
327.0,12.4,317.0,223.0,-1,-1
327.0,12.8,317.0,223.0,-1,-1
327.0,12.4,317.0,223.0,-1,-1
327.0,12.0,317.0,223.0,-1,-1
327.0,12.6,317.0,223.0,-1,-1
327.0,12.6,317.0,223.0,-1,-1
327.0,12.4,317.0,223.0,-1,-1
327.0,12.6,317.0,223.0,-1,-1
327.0,12.8,317.0,223.0,-1,-1
327.0,12.8,317.0,223.0,-1,-1
327.0,12.4,317.0,223.0,-1,-1
327.0,12.6,317.0,223.0,-1,-1
327.2,12.6,317.0,223.0,-1,-1
327.0,12.6,317.0,223.0,-1,-1
327.0,12.4,317.0,223.0,-1,-1
327.0,12.6,317.0,223.0,-1,-1
327.0,12.4,317.0,223.0,-1,-1
327.2,12.2,317.0,223.0,-1,-1
327.2,12.4,317.0,223.0,-1,-1
327.0,12.4,317.0,223.0,-1,-1
327.0,12.6,317.0,223.0,-1,-1
327.4,12.4,317.0,223.0,-1,-1
327.4,12.2,317.0,223.0,-1,-1
327.2,12.4,317.0,223.0,-1,-1
327.6,12.4,317.0,223.0,-1,-1
327.6,12.2,317.0,223.0,-1,-1
327.6,12.4,317.0,223.0,-1,-1
327.8,12.6,317.0,223.0,-1,-1
327.6,12.4,317.0,223.0,-1,-1
328.0,12.6,317.0,223.0,-1,-1
328.0,12.2,317.0,223.0,-1,-1
328.0,12.6,317.0,223.0,-1,-1
328.0,12.4,317.0,223.0,-1,-1
328.0,12.2,317.0,223.0,-1,-1
328.0,12.4,317.0,223.0,-1,-1
328.0,12.4,317.0,223.0,-1,-1
328.0,12.2,317.0,223.0,-1,-1
327.0,12.4,317.0,223.0,-1,-1
328.0,12.0,317.0,223.0,-1,-1
327.8,12.4,317.0,223.0,-1,-1
328.0,12.6,317.0,223.0,-1,-1
327.6,12.4,317.0,223.0,-1,-1
327.4,12.4,317.0,223.0,-1,-1
327.6,12.2,317.0,223.0,-1,-1
327.8,12.2,317.0,223.0,-1,-1
327.8,12.4,317.0,223.0,-1,-1
328.0,12.6,317.0,223.0,-1,-1
328.0,12.0,317.0,223.0,-1,-1
328.0,12.6,317.0,223.0,-1,-1
327.8,12.4,317.0,223.0,-1,-1
328.0,12.4,317.0,223.0,-1,-1
328.0,12.2,317.0,223.0,-1,-1
327.8,12.2,317.0,223.0,-1,-1
328.0,12.8,317.0,223.0,-1,-1
327.4,12.8,317.0,223.0,-1,-1
328.0,12.8,317.0,223.0,-1,-1
327.6,12.4,317.0,223.0,-1,-1
327.8,12.8,317.0,223.0,-1,-1
328.0,12.8,317.0,223.0,-1,-1
328.0,12.4,317.0,223.0,-1,-1
328.0,12.6,317.0,223.0,-1,-1
327.8,12.4,317.0,223.0,-1,-1
327.8,12.2,317.0,223.0,-1,-1
328.0,13.0,317.0,223.0,-1,-1
327.8,12.6,317.0,223.0,-1,-1
328.0,13.0,317.0,223.0,-1,-1
328.0,12.6,317.0,223.0,-1,-1
328.0,12.6,317.0,223.0,-1,-1
328.0,12.6,317.0,223.0,-1,-1
328.0,12.4,317.0,223.0,-1,-1
328.0,12.4,317.0,223.0,-1,-1
328.0,12.2,317.0,223.0,-1,-1
328.0,12.2,317.0,223.0,-1,-1
328.0,12.6,317.0,223.0,-1,-1
328.0,12.6,317.0,223.0,-1,-1
328.0,12.4,317.0,223.0,-1,-1
328.0,12.2,317.0,223.0,-1,-1
328.0,12.4,317.0,223.0,-1,-1
328.0,12.4,317.0,223.0,-1,-1
328.0,12.6,317.0,223.0,-1,-1
328.0,12.6,317.0,223.0,-1,-1
328.0,12.4,317.0,223.0,-1,-1
328.0,12.6,317.0,223.0,-1,-1
328.0,12.4,317.0,223.0,-1,-1
327.8,12.8,317.0,223.0,-1,-1
328.0,12.8,317.0,223.0,-1,-1
328.0,12.6,317.0,223.0,-1,-1
328.0,12.6,317.0,223.0,-1,-1
327.8,12.4,317.0,223.0,-1,-1
328.0,12.6,317.0,223.0,-1,-1
328.0,12.6,317.0,223.0,-1,-1
328.0,12.4,317.0,223.0,-1,-1
328.0,12.4,317.0,223.0,-1,-1
328.0,12.8,317.0,223.0,-1,-1
328.0,12.4,317.0,223.0,-1,-1
328.0,13.0,317.0,223.0,-1,-1
328.0,12.6,317.0,223.0,-1,-1
328.0,13.0,317.0,223.0,-1,-1
327.8,12.4,317.0,223.0,-1,-1
327.6,12.6,317.0,223.0,-1,-1
327.2,12.4,317.0,223.0,-1,-1
328.0,12.4,317.0,223.0,-1,-1
327.6,12.6,317.0,223.0,-1,-1
328.0,12.2,317.0,223.0,-1,-1
328.0,12.4,317.0,223.0,-1,-1
327.6,12.6,317.0,223.0,-1,-1
328.0,12.4,317.0,223.0,-1,-1
327.8,12.6,317.0,223.0,-1,-1
328.0,12.6,317.0,223.0,-1,-1
327.2,12.2,317.0,223.0,-1,-1
327.2,12.4,317.0,223.0,-1,-1
327.4,12.4,317.0,223.0,-1,-1
327.2,12.6,317.0,223.0,-1,-1
327.2,12.4,317.0,223.0,-1,-1
327.0,12.4,317.0,223.0,-1,-1
327.6,12.4,317.0,223.0,-1,-1
327.6,12.8,317.0,223.0,-1,-1
327.4,13.0,317.0,223.0,-1,-1
327.2,12.4,317.0,223.0,-1,-1
327.0,12.4,317.0,223.0,-1,-1
327.0,12.4,317.0,223.0,-1,-1
327.0,12.4,317.0,223.0,-1,-1
327.0,12.2,317.0,223.0,-1,-1
327.4,12.8,317.0,223.0,-1,-1
327.0,12.4,317.0,223.0,-1,-1
327.4,12.4,317.0,223.0,-1,-1
327.2,12.2,317.0,223.0,-1,-1
327.2,12.2,317.0,223.0,-1,-1
327.4,12.4,317.0,223.0,-1,-1
327.0,12.6,317.0,223.0,-1,-1
327.2,12.4,317.0,223.0,-1,-1
327.4,12.6,317.0,223.0,-1,-1
327.4,12.6,317.0,223.0,-1,-1
327.2,12.0,317.0,223.0,-1,-1
327.6,12.6,317.0,223.0,-1,-1
327.0,12.2,317.0,223.0,-1,-1
327.0,12.0,317.0,223.0,-1,-1
327.0,12.4,317.0,223.0,-1,-1
327.4,12.6,317.0,223.0,-1,-1
327.2,12.4,317.0,223.0,-1,-1
327.0,12.2,317.0,223.0,-1,-1
327.0,12.8,317.0,223.0,-1,-1
327.0,12.2,317.0,223.0,-1,-1
327.2,12.4,317.0,223.0,-1,-1
327.0,12.6,317.0,223.0,-1,-1
327.0,12.4,317.0,223.0,-1,-1
327.2,12.0,317.0,223.0,-1,-1
327.0,12.6,317.0,223.0,-1,-1
327.2,12.4,317.0,223.0,-1,-1
327.0,12.4,317.0,223.0,-1,-1
327.0,12.2,317.0,223.0,-1,-1
327.2,12.2,317.0,223.0,-1,-1
327.0,12.4,317.0,223.0,-1,-1
327.8,12.4,317.8,223.0,-1,-1
328.0,12.4,317.6,223.0,-1,-1
327.6,12.4,317.4,223.0,-1,-1
327.6,12.4,317.8,223.0,-1,-1
327.4,12.4,317.6,223.0,-1,-1
327.0,12.4,317.8,223.0,-1,-1
327.0,12.6,317.8,223.0,-1,-1
328.0,12.8,318.0,223.0,-1,-1
327.6,12.6,317.8,223.0,-1,-1
327.8,12.8,318.0,223.0,-1,-1
328.0,12.6,318.0,223.0,-1,-1
327.6,12.2,317.8,223.0,-1,-1
327.0,12.6,318.0,223.0,-1,-1
327.2,12.6,317.8,223.0,-1,-1
327.4,12.0,317.8,223.0,-1,-1
327.4,12.6,317.2,223.0,-1,-1
327.4,12.6,317.0,223.0,-1,-1
327.0,12.8,317.0,223.0,-1,-1
327.0,12.6,317.0,223.0,-1,-1
327.0,12.4,317.0,223.0,-1,-1
327.2,12.4,317.0,223.0,-1,-1
327.2,12.6,317.0,223.0,-1,-1
327.2,12.8,317.0,223.0,-1,-1
327.0,12.4,317.0,223.0,-1,-1
327.0,12.4,317.0,223.0,-1,-1
327.0,12.4,317.0,223.0,-1,-1
327.0,12.4,317.2,223.0,-1,-1
327.0,12.6,317.0,223.0,-1,-1
327.0,12.4,317.0,223.0,-1,-1
327.4,12.4,317.0,223.0,-1,-1
327.0,12.4,317.4,223.0,-1,-1
327.2,12.4,317.0,223.0,-1,-1
327.4,12.4,317.0,223.0,-1,-1
327.8,12.4,317.0,223.0,-1,-1
327.4,12.4,317.0,223.0,-1,-1
327.4,12.6,317.0,223.0,-1,-1
327.6,12.6,317.0,223.0,-1,-1
327.6,12.2,317.0,223.0,-1,-1
327.0,12.2,317.0,223.0,-1,-1
327.6,12.6,317.0,223.0,-1,-1
327.4,12.4,317.0,223.0,-1,-1
327.6,12.8,317.0,223.0,-1,-1
327.4,12.4,317.0,223.0,-1,-1
327.8,12.4,317.0,223.0,-1,-1
328.0,12.6,317.0,223.0,-1,-1
328.0,12.2,317.0,223.0,-1,-1
327.8,12.4,317.0,223.0,-1,-1
327.6,12.4,317.0,223.0,-1,-1
327.6,12.6,317.0,223.0,-1,-1
327.2,12.0,317.0,223.0,-1,-1
327.4,12.4,317.0,223.0,-1,-1
328.0,12.4,317.0,223.0,-1,-1
327.8,12.2,317.0,223.0,-1,-1
327.8,12.4,317.0,223.0,-1,-1
328.0,12.4,317.0,223.0,-1,-1
328.0,12.4,317.0,223.0,-1,-1
328.0,12.4,317.0,223.0,-1,-1
328.0,12.2,317.0,223.0,-1,-1
328.0,12.4,317.0,223.0,-1,-1
328.0,12.4,317.0,223.0,-1,-1
328.0,12.8,317.0,223.0,-1,-1
328.0,12.6,317.0,223.0,-1,-1
328.0,12.6,317.0,223.0,-1,-1
328.0,12.4,317.0,223.0,-1,-1
328.0,12.6,317.0,223.0,-1,-1
328.0,12.4,317.0,223.0,-1,-1
328.0,12.4,317.0,223.0,-1,-1
328.0,12.6,317.0,223.0,-1,-1
328.0,12.2,317.0,223.0,-1,-1
328.0,12.4,317.0,223.0,-1,-1
328.0,13.0,317.0,223.0,-1,-1
328.0,12.6,317.2,223.0,-1,-1
328.0,12.2,317.0,223.0,-1,-1
328.0,13.0,317.0,223.0,-1,-1
328.0,12.8,317.0,223.0,-1,-1
328.0,12.6,317.0,223.0,-1,-1
328.0,12.6,317.0,223.0,-1,-1
328.0,12.6,317.0,223.0,-1,-1
328.0,12.6,317.0,223.0,-1,-1
328.0,12.6,317.0,223.0,-1,-1
328.0,12.6,317.0,223.0,-1,-1
328.0,12.6,317.2,223.0,-1,-1
328.0,13.0,317.0,223.0,-1,-1
328.0,12.6,317.0,223.0,-1,-1
328.0,12.6,317.0,223.0,-1,-1
328.0,12.8,317.0,223.0,-1,-1
328.0,12.2,317.0,223.0,-1,-1
328.0,12.8,317.0,223.0,-1,-1
328.0,12.0,317.0,223.0,-1,-1
328.0,12.4,317.0,223.0,-1,-1
328.0,12.4,317.0,223.0,-1,-1
328.0,12.2,317.0,223.0,-1,-1
328.0,12.6,317.0,223.0,-1,-1
328.0,12.0,317.0,223.0,-1,-1
328.0,12.4,317.0,223.0,-1,-1
328.0,12.2,317.0,223.0,-1,-1
328.0,12.6,317.0,223.0,-1,-1
328.0,12.8,317.0,223.0,-1,-1
328.0,12.6,317.0,223.0,-1,-1
328.0,12.6,317.0,223.0,-1,-1
328.0,12.4,317.0,223.0,-1,-1
328.0,12.8,317.0,223.0,-1,-1
328.0,12.2,317.0,223.0,-1,-1
328.0,13.0,317.0,223.0,-1,-1
328.0,12.2,317.0,223.0,-1,-1
328.0,12.2,317.0,223.0,-1,-1
328.0,12.6,317.0,223.0,-1,-1
328.0,12.0,317.0,223.0,-1,-1
328.0,12.2,317.0,223.0,-1,-1
328.0,12.4,317.0,223.0,-1,-1
328.0,12.6,317.0,223.0,-1,-1
328.0,12.8,317.0,223.0,-1,-1
328.0,12.6,317.0,223.0,-1,-1
328.0,12.4,317.0,223.0,-1,-1
328.0,12.8,317.0,223.0,-1,-1
328.0,12.0,317.0,223.0,-1,-1
328.0,12.4,317.0,223.0,-1,-1
328.0,12.6,317.0,223.0,-1,-1
328.0,12.2,317.0,223.0,-1,-1
328.0,12.2,317.0,223.0,-1,-1
328.0,12.8,317.0,223.0,-1,-1
328.0,12.4,317.0,223.0,-1,-1
328.0,13.0,317.0,223.0,-1,-1
328.0,12.6,317.0,223.0,-1,-1
328.0,12.8,317.0,223.0,-1,-1
328.0,12.4,317.0,223.0,-1,-1
328.0,12.8,317.0,223.0,-1,-1
328.0,12.4,317.0,223.0,-1,-1
328.0,12.0,317.0,223.0,-1,-1
328.0,12.2,317.0,223.0,-1,-1
328.0,12.6,317.0,223.0,-1,-1
328.0,12.4,317.0,223.0,-1,-1
328.0,12.8,317.0,223.0,-1,-1
328.0,12.8,317.0,223.0,-1,-1
328.0,12.4,317.0,223.0,-1,-1
328.0,12.4,317.0,223.0,-1,-1
328.0,12.2,317.0,223.0,-1,-1
328.0,12.4,317.0,223.0,-1,-1
328.0,12.4,317.0,223.0,-1,-1
328.0,12.4,317.0,223.0,-1,-1
328.0,12.0,317.0,223.0,-1,-1
328.0,12.6,317.2,223.0,-1,-1
328.0,13.0,317.2,223.0,-1,-1
328.0,12.8,317.0,223.0,-1,-1
328.0,13.0,317.4,223.0,-1,-1
328.0,12.6,317.6,223.0,-1,-1
328.0,12.2,317.2,223.0,-1,-1
328.0,12.4,317.0,223.0,-1,-1
328.0,12.4,317.2,223.0,-1,-1
328.0,12.2,317.0,223.0,-1,-1
328.0,12.8,317.0,223.0,-1,-1
328.0,12.2,317.0,223.0,-1,-1
328.0,12.8,317.0,223.0,-1,-1
328.0,12.6,317.0,223.0,-1,-1
328.0,12.8,317.0,223.0,-1,-1
328.0,12.4,317.0,223.0,-1,-1
328.0,12.8,317.0,223.0,-1,-1
328.0,12.6,317.0,223.0,-1,-1
328.0,12.6,317.0,223.0,-1,-1
328.0,12.6,317.0,223.0,-1,-1
328.0,12.2,317.0,223.0,-1,-1
328.0,12.8,317.0,223.0,-1,-1
328.0,12.4,317.0,223.0,-1,-1
328.0,12.6,317.0,223.0,-1,-1
328.0,12.2,317.0,223.0,-1,-1
328.0,12.6,317.0,223.0,-1,-1
328.0,12.4,317.0,223.0,-1,-1
328.0,12.6,317.0,223.0,-1,-1
328.0,12.4,317.0,223.0,-1,-1
328.0,12.8,317.0,223.0,-1,-1
328.0,12.8,317.0,223.0,-1,-1
328.0,12.6,317.0,223.0,-1,-1
328.0,12.4,317.0,223.0,-1,-1
328.0,12.6,317.0,223.0,-1,-1
328.0,12.4,317.0,223.0,-1,-1
328.0,12.8,317.0,223.0,-1,-1
328.0,12.4,317.0,223.0,-1,-1
328.0,12.2,317.0,223.0,-1,-1
328.0,13.0,317.0,223.0,-1,-1
328.0,12.8,317.0,223.0,-1,-1
328.0,13.0,317.0,223.0,-1,-1
328.0,12.4,317.0,223.0,-1,-1
328.0,12.4,317.0,223.0,-1,-1
328.0,12.4,317.0,223.0,-1,-1
328.0,12.4,317.0,223.0,-1,-1
328.0,12.4,317.2,223.0,-1,-1
328.0,12.6,317.0,223.0,-1,-1
328.0,12.2,317.4,223.0,-1,-1
328.0,12.8,317.4,223.0,-1,-1
328.0,12.6,317.6,223.0,-1,-1
328.0,12.6,317.0,223.0,-1,-1
328.0,12.6,317.2,223.0,-1,-1
328.0,12.4,317.4,223.0,-1,-1
328.0,12.6,317.4,223.0,-1,-1
328.0,12.8,317.0,223.0,-1,-1
328.0,12.6,317.4,223.0,-1,-1
328.0,12.6,317.0,223.0,-1,-1
328.0,12.6,317.0,223.0,-1,-1
328.0,12.4,317.0,223.0,-1,-1
328.0,12.6,317.6,223.0,-1,-1
328.0,12.6,317.0,223.0,-1,-1
328.0,12.4,317.8,223.0,-1,-1
328.0,12.8,317.8,223.0,-1,-1
328.0,12.8,317.8,223.0,-1,-1
328.0,12.4,317.8,223.0,-1,-1
328.0,12.6,317.6,223.0,-1,-1
328.0,12.4,317.8,223.0,-1,-1
328.0,12.4,317.8,223.0,-1,-1
328.0,12.2,317.6,223.0,-1,-1
328.0,13.0,317.4,223.0,-1,-1
328.0,12.4,317.2,223.0,-1,-1
328.0,12.2,317.4,223.0,-1,-1
328.0,12.8,318.0,223.0,-1,-1
328.0,12.8,317.8,223.0,-1,-1
328.0,12.4,317.4,223.0,-1,-1
328.0,12.6,317.6,223.0,-1,-1
328.0,12.8,317.6,223.0,-1,-1
328.0,12.6,317.8,223.0,-1,-1
328.0,12.2,317.8,223.0,-1,-1
328.0,12.6,317.8,223.0,-1,-1
328.0,12.4,318.0,223.0,-1,-1
328.0,12.2,318.0,223.0,-1,-1
328.0,12.4,318.0,223.0,-1,-1
328.0,13.0,318.0,223.0,-1,-1
328.0,12.6,318.0,223.0,-1,-1
328.0,12.2,317.8,223.0,-1,-1
328.0,12.4,318.0,223.0,-1,-1
328.0,12.8,318.0,223.0,-1,-1
328.0,13.0,317.8,223.0,-1,-1
328.0,12.4,317.6,223.0,-1,-1
328.0,12.8,318.0,223.0,-1,-1
328.0,12.0,317.4,223.0,-1,-1
327.8,12.2,317.2,223.0,-1,-1
328.0,12.4,317.2,223.0,-1,-1
328.0,12.2,317.0,223.0,-1,-1
328.0,12.4,317.0,223.0,-1,-1
328.0,12.4,317.0,223.0,-1,-1
328.0,12.6,317.0,223.0,-1,-1
328.0,12.6,317.0,223.0,-1,-1
328.0,12.6,317.2,223.0,-1,-1
328.0,12.4,317.4,223.0,-1,-1
328.0,12.8,317.4,223.0,-1,-1
328.0,12.2,317.6,223.0,-1,-1
328.0,12.6,318.0,223.0,-1,-1
328.0,12.4,318.0,223.0,-1,-1
328.0,12.6,318.0,223.0,-1,-1
328.0,12.2,318.0,223.0,-1,-1
328.0,12.4,318.0,223.0,-1,-1
328.0,12.6,318.0,223.0,-1,-1
328.0,12.8,318.0,223.0,-1,-1
328.0,12.0,318.0,223.0,-1,-1
328.0,12.2,318.0,223.0,-1,-1
328.0,12.8,318.0,223.0,-1,-1
328.0,12.8,318.0,223.0,-1,-1
328.0,12.8,318.0,223.0,-1,-1
328.0,12.6,318.0,223.0,-1,-1
327.8,12.4,318.0,223.0,-1,-1
328.0,12.2,318.0,223.0,-1,-1
328.0,12.6,318.0,223.0,-1,-1
328.0,12.4,318.0,223.0,-1,-1
328.0,12.8,318.0,223.0,-1,-1
328.0,12.6,318.0,223.0,-1,-1
328.0,12.6,318.0,223.0,-1,-1
328.0,12.2,318.0,223.0,-1,-1
328.0,12.4,318.0,223.0,-1,-1
328.0,12.8,318.0,223.0,-1,-1
328.0,12.6,318.0,223.0,-1,-1
328.0,12.4,318.0,223.0,-1,-1
328.0,12.6,318.0,223.0,-1,-1
328.0,12.4,318.0,223.0,-1,-1
328.0,12.4,318.0,223.0,-1,-1
328.0,12.4,318.0,223.0,-1,-1
328.0,12.4,318.0,223.0,-1,-1
328.0,12.8,318.0,223.0,-1,-1
328.0,12.6,318.0,223.0,-1,-1
328.0,12.2,318.0,223.0,-1,-1
328.0,12.2,318.0,223.0,-1,-1
328.0,12.4,318.0,223.0,-1,-1
328.0,12.8,318.0,223.0,-1,-1
328.0,12.6,318.0,223.0,-1,-1
328.0,12.8,318.0,223.0,-1,-1
328.0,12.2,318.0,223.0,-1,-1
328.0,12.6,318.0,223.0,-1,-1
328.0,12.6,318.0,223.0,-1,-1
328.0,12.4,318.0,223.0,-1,-1
328.0,12.4,318.0,223.0,-1,-1
328.0,12.8,317.8,223.0,-1,-1
328.0,12.4,318.0,223.0,-1,-1
328.0,12.6,318.0,223.0,-1,-1
328.0,12.6,318.0,223.0,-1,-1
328.0,12.0,318.0,223.0,-1,-1
328.0,12.8,317.8,223.0,-1,-1
328.0,12.6,318.0,223.0,-1,-1
328.0,12.6,317.6,223.0,-1,-1
327.8,12.8,317.8,223.0,-1,-1
328.0,12.2,317.4,223.0,-1,-1
328.0,12.4,318.0,223.0,-1,-1
328.0,12.6,317.8,223.0,-1,-1
328.0,12.6,317.2,223.0,-1,-1
328.0,12.4,317.6,223.0,-1,-1
328.0,12.8,317.8,223.0,-1,-1
328.0,12.4,318.0,223.0,-1,-1
328.0,12.4,317.6,223.0,-1,-1
328.0,12.8,317.6,223.0,-1,-1
328.0,12.8,317.4,223.0,-1,-1
328.0,12.2,318.0,223.0,-1,-1
328.0,12.4,318.0,223.0,-1,-1
328.0,12.4,318.0,223.0,-1,-1
328.0,12.8,318.0,223.0,-1,-1
328.0,12.8,318.0,223.0,-1,-1
328.0,12.6,318.0,223.0,-1,-1
328.0,12.4,318.0,223.0,-1,-1
328.0,12.6,318.0,223.0,-1,-1
328.0,12.8,318.0,223.0,-1,-1
328.0,12.6,318.0,223.0,-1,-1
328.0,12.2,318.0,223.0,-1,-1
328.0,12.4,318.0,223.0,-1,-1
328.0,12.4,318.0,223.0,-1,-1
328.0,12.6,318.0,223.0,-1,-1
328.0,12.6,318.0,223.0,-1,-1
328.0,12.2,318.0,223.0,-1,-1
328.0,12.8,318.0,223.0,-1,-1
328.0,12.0,317.8,223.0,-1,-1
328.0,12.2,318.0,223.0,-1,-1
328.0,12.8,318.0,223.0,-1,-1
328.0,12.8,318.0,223.0,-1,-1
328.0,12.4,318.0,223.0,-1,-1
328.0,12.2,318.0,223.0,-1,-1
328.0,12.6,318.0,223.0,-1,-1
328.0,12.2,318.0,223.0,-1,-1
328.0,12.6,318.0,223.0,-1,-1
328.0,12.8,318.0,223.0,-1,-1
328.0,12.8,318.0,223.0,-1,-1
328.0,12.6,318.0,223.0,-1,-1
328.0,12.4,318.0,223.0,-1,-1
328.0,12.4,318.0,223.0,-1,-1
328.0,12.6,318.0,223.0,-1,-1
328.0,12.8,318.0,223.0,-1,-1
328.0,12.8,318.0,223.0,-1,-1
328.0,12.6,318.0,223.0,-1,-1
328.0,12.6,318.0,223.0,-1,-1
328.0,12.0,317.8,223.0,-1,-1
328.0,12.6,318.0,223.0,-1,-1
328.0,12.8,318.0,223.0,-1,-1
328.0,12.6,318.0,223.0,-1,-1
328.0,12.8,318.0,223.0,-1,-1
328.0,12.6,318.0,223.0,-1,-1
328.0,12.4,318.0,223.0,-1,-1
328.0,12.8,318.0,223.0,-1,-1
328.0,12.6,318.0,223.0,-1,-1
328.0,12.4,318.0,223.0,-1,-1
328.0,13.0,318.0,223.0,-1,-1
328.0,12.4,318.0,223.0,-1,-1
328.0,12.8,318.0,223.0,-1,-1
328.0,12.4,318.0,223.0,-1,-1
328.0,12.6,318.0,223.0,-1,-1
328.0,12.2,318.0,223.0,-1,-1
328.0,12.6,318.0,223.0,-1,-1
328.0,12.2,318.0,223.0,-1,-1
328.0,12.4,318.0,223.0,-1,-1
328.0,12.6,317.8,223.0,-1,-1
328.0,12.8,318.0,223.0,-1,-1
328.0,12.4,318.0,223.0,-1,-1
328.0,12.6,318.0,223.0,-1,-1
328.0,12.4,318.0,223.0,-1,-1
328.0,12.0,318.0,223.0,-1,-1
328.0,12.8,318.0,223.0,-1,-1
328.0,12.4,318.0,223.0,-1,-1
328.0,12.4,318.0,223.0,-1,-1
328.0,12.6,318.0,223.0,-1,-1
328.0,12.6,318.0,223.0,-1,-1
328.0,12.6,318.0,223.0,-1,-1
328.0,12.8,318.0,223.0,-1,-1
328.0,12.4,318.0,223.0,-1,-1
328.0,12.6,318.0,223.0,-1,-1
328.0,12.8,318.0,223.0,-1,-1
328.0,12.6,318.0,223.0,-1,-1
328.0,12.6,318.0,223.0,-1,-1
328.0,12.8,318.0,223.0,-1,-1
328.0,12.6,318.0,223.0,-1,-1
328.0,12.8,318.0,223.0,-1,-1
328.0,12.4,317.8,223.0,-1,-1
328.0,12.4,318.0,223.0,-1,-1
328.0,12.8,317.8,223.0,-1,-1
328.0,12.8,318.0,223.0,-1,-1
328.0,13.0,318.0,223.0,-1,-1
328.0,12.2,318.0,223.0,-1,-1
328.0,12.2,318.0,223.0,-1,-1
328.0,12.4,318.0,223.0,-1,-1
328.0,12.4,318.0,223.0,-1,-1
328.0,12.4,318.0,223.0,-1,-1
328.0,13.0,318.0,223.0,-1,-1
328.0,12.4,318.0,223.0,-1,-1
328.0,12.8,318.0,223.0,-1,-1
328.0,12.2,318.0,223.0,-1,-1
328.0,12.4,317.8,223.0,-1,-1
328.0,12.8,317.8,223.0,-1,-1
328.0,12.6,317.8,223.0,-1,-1
328.0,12.6,318.0,223.0,-1,-1
328.0,12.6,318.0,223.0,-1,-1
328.0,12.2,318.0,223.0,-1,-1
328.0,12.4,318.0,223.0,-1,-1
328.0,12.6,318.0,223.0,-1,-1
328.0,12.2,318.0,223.0,-1,-1
328.0,12.4,318.0,223.0,-1,-1
328.0,12.8,318.0,223.0,-1,-1
328.0,12.4,318.0,223.0,-1,-1
328.0,12.6,318.0,223.0,-1,-1
328.0,13.0,318.0,223.0,-1,-1
328.0,12.6,318.0,223.0,-1,-1
328.0,12.6,318.0,223.0,-1,-1
328.0,12.4,318.0,223.0,-1,-1
328.0,12.8,318.0,223.0,-1,-1
328.0,12.6,318.0,223.0,-1,-1
328.0,12.6,318.0,223.0,-1,-1
328.0,12.8,318.0,223.0,-1,-1
328.0,13.0,318.0,223.0,-1,-1
328.0,12.4,318.0,223.0,-1,-1
328.0,13.0,317.8,223.0,-1,-1
328.0,12.8,318.0,223.0,-1,-1
328.0,12.6,318.0,223.0,-1,-1
328.0,12.6,318.0,223.0,-1,-1
328.0,12.6,318.0,223.0,-1,-1
328.0,13.0,318.0,223.0,-1,-1
328.0,12.2,318.0,223.0,-1,-1
328.0,12.4,318.0,223.0,-1,-1
328.0,12.4,318.0,223.0,-1,-1
328.0,12.4,317.8,223.0,-1,-1
328.0,12.2,318.0,223.0,-1,-1
328.0,12.0,318.0,223.0,-1,-1
328.0,12.4,318.0,223.0,-1,-1
328.0,12.4,318.0,223.0,-1,-1
328.0,12.2,318.0,223.0,-1,-1
328.0,12.6,318.0,223.0,-1,-1
328.0,12.4,318.0,223.0,-1,-1
328.0,12.4,318.0,223.0,-1,-1
328.0,12.6,318.0,223.0,-1,-1
328.0,12.6,318.0,223.0,-1,-1
328.0,13.0,317.8,223.0,-1,-1
328.0,12.8,317.8,223.0,-1,-1
328.0,12.6,317.8,223.0,-1,-1
328.0,12.6,317.6,223.0,-1,-1
328.0,12.4,318.0,223.0,-1,-1
328.0,12.6,318.0,223.0,-1,-1
328.0,12.4,317.8,223.0,-1,-1
328.0,12.8,317.6,223.0,-1,-1
328.0,12.2,317.8,223.0,-1,-1
328.0,12.8,317.8,223.0,-1,-1
328.0,12.8,317.2,223.0,-1,-1
328.0,12.6,317.4,223.0,-1,-1
328.0,12.4,317.6,223.0,-1,-1
328.0,12.4,317.8,223.0,-1,-1
328.0,12.2,317.6,223.0,-1,-1
328.0,12.6,318.0,223.0,-1,-1
328.0,12.0,318.0,223.0,-1,-1
328.0,12.6,318.0,223.0,-1,-1
328.0,12.6,318.0,223.0,-1,-1
328.0,12.2,318.0,223.0,-1,-1
328.0,12.4,318.0,223.0,-1,-1
328.0,12.2,318.0,223.0,-1,-1
328.0,12.4,318.0,223.0,-1,-1
328.0,12.6,318.0,223.0,-1,-1
328.0,12.0,318.0,223.0,-1,-1
328.0,12.6,318.0,223.0,-1,-1
328.0,12.8,318.0,223.0,-1,-1
328.0,12.2,318.0,223.0,-1,-1
328.0,12.2,318.0,223.0,-1,-1
328.0,12.4,318.0,223.0,-1,-1
328.0,12.8,318.0,223.0,-1,-1
328.0,12.6,318.0,223.0,-1,-1
328.0,12.8,318.0,223.0,-1,-1
328.0,12.0,318.0,223.0,-1,-1
328.0,12.2,318.0,223.0,-1,-1
328.0,12.4,318.0,223.0,-1,-1
328.0,12.6,317.8,223.0,-1,-1
328.0,12.4,318.0,223.0,-1,-1
328.0,12.6,318.0,223.0,-1,-1
328.0,12.8,318.0,223.0,-1,-1
328.0,12.6,318.0,223.0,-1,-1
328.0,12.6,318.0,223.0,-1,-1
328.0,12.8,317.8,223.0,-1,-1
328.0,12.8,318.0,223.0,-1,-1
328.0,12.4,318.0,223.0,-1,-1
328.0,12.4,318.0,223.0,-1,-1
328.0,12.2,318.0,223.0,-1,-1
328.0,12.6,318.0,223.0,-1,-1
328.0,13.0,318.0,223.0,-1,-1
328.0,12.4,318.0,223.0,-1,-1
328.0,12.4,317.8,223.0,-1,-1
328.0,12.8,317.8,223.0,-1,-1
328.0,12.8,318.0,223.0,-1,-1
328.0,12.4,318.0,223.0,-1,-1
328.0,12.6,317.8,223.0,-1,-1
328.0,12.4,318.0,223.0,-1,-1
328.0,12.6,318.0,223.0,-1,-1
328.0,12.6,318.0,223.0,-1,-1
328.0,12.6,318.0,223.0,-1,-1
328.0,12.6,318.0,223.0,-1,-1
328.0,12.6,318.0,223.0,-1,-1
328.0,12.4,318.0,223.0,-1,-1
328.0,12.4,318.0,223.0,-1,-1
328.0,12.4,318.0,223.0,-1,-1
328.0,12.6,318.0,223.0,-1,-1
328.0,12.4,318.0,223.0,-1,-1
328.0,13.0,318.0,223.0,-1,-1
328.0,12.2,317.4,223.0,-1,-1
328.0,13.0,318.0,223.0,-1,-1
328.0,12.2,318.0,223.0,-1,-1
328.0,12.6,317.8,223.0,-1,-1
328.0,12.4,317.8,223.0,-1,-1
328.0,12.2,317.8,223.0,-1,-1
328.0,12.4,317.8,223.0,-1,-1
328.0,12.4,318.0,223.0,-1,-1
328.0,12.6,318.0,223.0,-1,-1
328.0,12.8,318.0,223.0,-1,-1
328.0,12.6,317.8,223.0,-1,-1
328.0,12.6,318.0,223.0,-1,-1
328.0,12.4,318.0,223.0,-1,-1
328.0,12.6,317.8,223.0,-1,-1
328.0,12.2,317.8,223.0,-1,-1
328.0,12.6,318.0,223.0,-1,-1
328.0,12.8,318.0,223.0,-1,-1
328.0,12.6,318.0,223.0,-1,-1
328.0,12.4,317.8,223.0,-1,-1
328.0,12.6,317.8,223.0,-1,-1
328.0,12.6,317.8,223.0,-1,-1
328.0,12.4,317.4,223.0,-1,-1
328.0,12.8,317.2,223.0,-1,-1
328.0,12.4,317.0,223.0,-1,-1
328.0,13.0,317.0,223.0,-1,-1
328.0,12.4,317.0,223.0,-1,-1
328.0,12.8,317.2,223.0,-1,-1
328.0,12.8,318.0,223.0,-1,-1
328.0,12.4,317.8,223.0,-1,-1
328.0,12.4,318.0,223.0,-1,-1
328.0,12.4,318.0,223.0,-1,-1
328.0,12.6,318.0,223.0,-1,-1
328.0,12.4,318.0,223.0,-1,-1
328.0,12.2,317.8,223.0,-1,-1
328.0,12.2,317.4,223.0,-1,-1
328.0,12.8,317.4,223.0,-1,-1
328.0,12.4,317.6,223.0,-1,-1
328.0,12.4,318.0,223.0,-1,-1
328.0,12.4,317.6,223.0,-1,-1
328.0,12.4,317.8,223.0,-1,-1
328.0,12.4,318.0,223.0,-1,-1
328.0,12.4,317.6,223.0,-1,-1
328.0,12.6,317.8,223.0,-1,-1
328.0,12.2,318.0,223.0,-1,-1
328.0,12.8,318.0,223.0,-1,-1
328.0,12.8,317.4,223.0,-1,-1
328.0,12.2,317.6,223.0,-1,-1
328.0,13.0,317.4,223.0,-1,-1
328.0,12.4,317.6,223.0,-1,-1
328.0,12.6,317.6,223.0,-1,-1
328.0,12.4,317.2,223.0,-1,-1
328.0,12.8,318.0,223.0,-1,-1
328.0,12.8,317.2,223.0,-1,-1
328.0,12.4,318.0,223.0,-1,-1
328.0,12.2,318.0,223.0,-1,-1
328.0,12.4,318.0,223.0,-1,-1
328.0,12.6,318.0,223.0,-1,-1
328.0,12.8,318.0,223.0,-1,-1
328.0,12.6,318.0,223.0,-1,-1
328.0,12.6,318.0,223.0,-1,-1
328.0,12.8,318.0,223.0,-1,-1
328.0,12.6,318.0,223.0,-1,-1
328.0,12.6,318.0,223.0,-1,-1
328.0,12.6,318.0,223.0,-1,-1
328.0,12.6,318.0,223.0,-1,-1
328.0,12.4,318.0,223.0,-1,-1
328.0,12.8,318.0,223.0,-1,-1
328.0,12.6,318.0,223.0,-1,-1
328.0,12.2,318.0,223.0,-1,-1
328.0,12.4,318.0,223.0,-1,-1
328.0,12.6,318.0,223.0,-1,-1
328.0,12.8,318.0,223.0,-1,-1
328.0,12.8,318.0,223.0,-1,-1
328.0,12.6,318.0,223.0,-1,-1
328.0,12.8,317.2,223.0,-1,-1
328.0,12.2,317.2,223.0,-1,-1
328.0,12.0,317.0,223.0,-1,-1
328.0,12.4,317.4,223.0,-1,-1
328.0,12.8,317.4,223.0,-1,-1
328.0,12.4,317.6,223.0,-1,-1
328.0,12.4,317.2,223.0,-1,-1
328.0,12.4,317.0,223.0,-1,-1
328.0,12.4,317.0,223.0,-1,-1
328.0,12.4,317.0,223.0,-1,-1
328.0,12.4,317.8,223.0,-1,-1
328.0,12.8,317.0,223.0,-1,-1
328.0,12.6,317.0,223.0,-1,-1
328.0,12.8,317.0,223.0,-1,-1
328.0,12.6,317.2,223.0,-1,-1
328.0,12.6,317.6,223.0,-1,-1
328.0,12.6,317.0,223.0,-1,-1
328.0,12.8,317.0,223.0,-1,-1
328.0,12.6,317.0,223.0,-1,-1
328.0,12.8,317.0,223.0,-1,-1
328.0,12.2,317.0,223.0,-1,-1
328.0,12.6,317.0,223.0,-1,-1
328.0,12.2,317.0,223.0,-1,-1
328.0,12.6,317.0,223.0,-1,-1
328.0,12.6,317.6,223.0,-1,-1
328.0,12.4,317.8,223.0,-1,-1
328.0,12.8,317.6,223.0,-1,-1
328.0,12.0,318.0,223.0,-1,-1
328.0,12.2,318.0,223.0,-1,-1
328.0,12.8,318.0,223.0,-1,-1
328.0,12.6,318.0,223.0,-1,-1
328.0,12.8,317.8,223.0,-1,-1
328.0,12.0,318.0,223.0,-1,-1
328.0,12.6,318.0,223.0,-1,-1
328.0,12.6,318.0,223.0,-1,-1
328.0,12.6,318.0,223.0,-1,-1
328.0,12.8,318.0,223.0,-1,-1
328.0,12.4,318.0,223.0,-1,-1
328.0,12.4,318.0,223.0,-1,-1
328.0,12.6,318.0,223.0,-1,-1
328.0,12.6,318.0,223.0,-1,-1
328.0,12.8,318.0,223.0,-1,-1
328.0,12.4,318.0,223.0,-1,-1
328.0,12.6,318.0,223.0,-1,-1
328.2,12.8,318.0,223.0,-1,-1
328.2,12.6,318.0,223.0,-1,-1
328.2,12.4,318.0,223.0,-1,-1
328.2,13.0,318.0,223.0,-1,-1
328.0,12.8,318.0,223.0,-1,-1
328.6,12.8,318.0,223.0,-1,-1
328.6,12.6,318.0,223.0,-1,-1
328.6,12.6,318.0,223.0,-1,-1
328.6,13.0,318.0,223.0,-1,-1
328.4,12.8,318.0,223.0,-1,-1
328.4,12.6,318.0,223.0,-1,-1
328.6,12.8,318.0,223.0,-1,-1
328.0,12.6,318.0,223.0,-1,-1
328.4,12.6,318.0,223.0,-1,-1
328.4,12.4,318.0,223.0,-1,-1
328.6,12.6,318.0,223.0,-1,-1
328.6,12.6,318.0,223.0,-1,-1
328.4,12.8,318.0,223.0,-1,-1
328.2,12.2,318.0,223.0,-1,-1
328.2,12.6,318.0,223.0,-1,-1
328.0,12.8,318.0,223.0,-1,-1
328.0,12.8,318.0,223.0,-1,-1
328.2,12.4,318.0,223.0,-1,-1
329.0,12.8,318.0,223.0,-1,-1
328.6,12.4,318.0,223.0,-1,-1
328.4,12.4,318.0,223.0,-1,-1
328.6,12.6,318.0,223.0,-1,-1
328.6,12.6,318.0,223.0,-1,-1
328.4,12.4,318.0,223.0,-1,-1
328.4,12.6,318.0,223.0,-1,-1
328.2,12.6,318.0,223.0,-1,-1
328.0,12.8,318.0,223.0,-1,-1
328.0,12.2,318.0,223.0,-1,-1
328.0,12.4,318.0,223.0,-1,-1
328.0,12.6,318.0,223.0,-1,-1
328.0,12.6,318.0,223.0,-1,-1
328.0,12.6,318.0,223.0,-1,-1
328.0,12.6,318.0,223.0,-1,-1
328.0,13.0,318.0,223.0,-1,-1
328.0,12.8,318.0,223.0,-1,-1
328.0,12.6,318.0,223.0,-1,-1
328.0,13.0,318.0,223.0,-1,-1
328.0,12.8,318.0,223.0,-1,-1
328.0,12.6,318.0,223.0,-1,-1
328.0,12.4,318.0,223.0,-1,-1
328.0,12.4,318.0,223.0,-1,-1
328.0,12.2,318.0,223.0,-1,-1
328.0,12.8,318.0,223.0,-1,-1
328.0,12.6,318.0,223.0,-1,-1
328.0,12.4,318.0,223.0,-1,-1
328.0,12.6,318.0,223.0,-1,-1
328.0,12.8,318.0,223.0,-1,-1
328.0,12.8,318.0,223.0,-1,-1
328.0,12.8,318.0,223.0,-1,-1
328.0,12.6,318.0,223.0,-1,-1
328.0,13.0,318.0,223.0,-1,-1
328.0,12.8,318.0,223.0,-1,-1
328.0,12.4,318.0,223.0,-1,-1
328.0,12.8,318.0,223.0,-1,-1
328.0,12.4,318.0,223.0,-1,-1
328.0,12.2,318.0,223.0,-1,-1
328.0,13.0,318.0,223.0,-1,-1
328.0,12.6,318.0,223.0,-1,-1
328.0,12.8,318.0,223.0,-1,-1
328.0,12.4,318.0,223.0,-1,-1
328.0,12.6,318.0,223.0,-1,-1
328.0,12.4,318.0,223.0,-1,-1
328.0,12.4,318.0,223.0,-1,-1
328.0,12.6,318.0,223.0,-1,-1
328.0,13.0,318.0,223.0,-1,-1
328.0,12.4,318.0,223.0,-1,-1
328.0,12.4,318.0,223.0,-1,-1
328.0,12.6,318.0,223.0,-1,-1
328.0,12.8,318.0,223.0,-1,-1
328.0,12.6,318.0,223.0,-1,-1
328.0,12.8,318.0,223.0,-1,-1
328.0,12.8,318.0,223.0,-1,-1
328.0,12.6,318.0,223.0,-1,-1
328.0,12.4,318.0,223.0,-1,-1
328.0,13.0,318.0,223.0,-1,-1
328.0,12.8,318.0,223.0,-1,-1
328.0,12.2,318.0,223.0,-1,-1
328.0,13.0,318.0,223.0,-1,-1
328.0,12.8,318.0,223.0,-1,-1
328.0,13.0,318.0,223.0,-1,-1
328.0,12.2,318.0,223.0,-1,-1
328.0,12.4,318.0,223.0,-1,-1
328.0,12.8,318.0,223.0,-1,-1
328.0,12.6,318.0,223.0,-1,-1
328.0,12.6,318.0,223.0,-1,-1
328.0,13.0,318.0,223.0,-1,-1
328.0,12.6,318.0,223.0,-1,-1
328.0,12.0,318.0,223.0,-1,-1
328.0,12.6,318.0,223.0,-1,-1
328.0,12.6,318.0,223.0,-1,-1
328.0,12.8,318.0,223.0,-1,-1
328.0,12.6,318.0,223.0,-1,-1
328.0,12.8,318.0,223.0,-1,-1
328.0,12.8,318.0,223.0,-1,-1
328.0,12.6,318.0,223.0,-1,-1
328.0,13.0,318.0,223.0,-1,-1
328.0,12.2,318.0,223.0,-1,-1
328.0,12.6,318.0,223.0,-1,-1
328.0,12.8,318.0,223.0,-1,-1
328.0,12.6,318.0,223.0,-1,-1
328.0,12.8,318.0,223.0,-1,-1
328.0,12.2,318.0,223.0,-1,-1
328.0,13.0,318.0,223.0,-1,-1
328.0,13.0,318.0,223.0,-1,-1
328.0,12.6,318.0,223.0,-1,-1
328.0,12.8,318.0,223.0,-1,-1
328.0,12.4,318.0,223.0,-1,-1
328.0,12.2,318.0,223.0,-1,-1
328.0,12.4,318.0,223.0,-1,-1
328.0,12.6,318.0,223.0,-1,-1
328.0,12.8,318.0,223.0,-1,-1
328.0,12.4,318.0,223.0,-1,-1
328.0,12.4,318.0,223.0,-1,-1
328.0,12.4,318.0,223.0,-1,-1
328.0,12.4,318.0,223.0,-1,-1
328.0,12.6,318.0,223.0,-1,-1
328.0,12.6,318.0,223.0,-1,-1
328.0,12.8,318.0,223.0,-1,-1
328.0,12.6,318.0,223.0,-1,-1
328.0,12.4,318.0,223.0,-1,-1
328.0,12.6,318.0,223.0,-1,-1
328.0,12.8,318.0,223.0,-1,-1
328.0,12.2,318.0,223.0,-1,-1
328.0,12.4,318.0,223.0,-1,-1
328.0,13.0,318.2,223.0,-1,-1
328.0,13.0,318.0,223.0,-1,-1
328.0,12.6,318.0,223.0,-1,-1
328.0,12.6,318.0,223.0,-1,-1
328.0,13.0,318.0,223.0,-1,-1
328.0,12.8,318.0,223.0,-1,-1
328.0,13.0,318.0,223.0,-1,-1
328.0,12.4,318.0,223.0,-1,-1
328.0,12.6,318.0,223.0,-1,-1
328.0,12.8,318.0,223.0,-1,-1
328.0,12.6,318.0,223.0,-1,-1
328.0,12.0,318.0,223.0,-1,-1
328.0,12.4,318.4,223.0,-1,-1
328.0,12.2,318.0,223.0,-1,-1
328.0,13.0,318.4,223.0,-1,-1
328.0,12.8,318.4,223.0,-1,-1
328.0,12.6,318.0,223.0,-1,-1
328.0,12.8,318.2,223.0,-1,-1
328.0,12.8,318.4,223.0,-1,-1
328.0,12.8,318.0,223.0,-1,-1
328.0,13.0,318.2,223.0,-1,-1
328.0,12.6,318.0,223.0,-1,-1
328.0,12.6,318.0,223.0,-1,-1
328.0,12.8,318.0,223.0,-1,-1
328.0,12.8,318.0,223.0,-1,-1
328.0,12.6,318.6,223.0,-1,-1
328.0,12.8,318.0,223.0,-1,-1
328.0,12.8,318.4,223.0,-1,-1
328.0,12.8,318.2,223.0,-1,-1
328.0,12.2,318.8,223.0,-1,-1
328.0,12.4,318.6,223.0,-1,-1
328.0,12.8,318.8,223.0,-1,-1
328.2,12.4,318.6,223.0,-1,-1
328.0,12.4,318.6,223.0,-1,-1
328.0,12.8,318.0,223.0,-1,-1
328.0,12.4,318.2,223.0,-1,-1
328.0,12.8,318.0,223.0,-1,-1
328.0,12.6,318.0,223.0,-1,-1
328.0,12.4,318.4,223.0,-1,-1
328.0,12.8,318.2,223.0,-1,-1
328.0,13.0,318.2,223.0,-1,-1
328.0,12.8,318.4,223.0,-1,-1
328.0,13.0,318.2,223.0,-1,-1
328.0,12.8,318.4,223.0,-1,-1
328.0,12.6,318.2,223.0,-1,-1
328.0,12.6,318.0,223.0,-1,-1
328.0,12.8,318.0,223.0,-1,-1
328.0,12.4,318.2,223.0,-1,-1
328.0,12.2,318.0,223.0,-1,-1
328.0,13.0,318.2,223.0,-1,-1
328.0,12.8,318.0,223.0,-1,-1
328.0,12.2,318.0,223.0,-1,-1
328.0,12.6,318.0,223.0,-1,-1
328.0,12.8,318.0,223.0,-1,-1
328.0,12.6,318.2,223.0,-1,-1
328.0,12.8,318.0,223.0,-1,-1
328.0,12.6,318.0,223.0,-1,-1
328.0,12.8,318.0,223.0,-1,-1
328.0,12.2,318.0,223.0,-1,-1
328.0,12.2,318.0,223.0,-1,-1
328.0,12.6,318.2,223.0,-1,-1
328.0,12.6,318.0,223.0,-1,-1
328.0,12.6,318.0,223.0,-1,-1
328.0,12.6,318.0,223.0,-1,-1
328.0,12.8,318.0,223.0,-1,-1
328.0,12.8,318.0,223.0,-1,-1
328.0,12.4,318.0,223.0,-1,-1
328.0,13.0,319.0,223.0,-1,-1
328.0,12.8,318.6,223.0,-1,-1
328.0,12.6,318.2,223.0,-1,-1
328.0,12.8,318.4,223.0,-1,-1
328.0,12.8,318.8,223.0,-1,-1
328.0,12.6,318.8,223.0,-1,-1
328.0,12.6,318.6,223.0,-1,-1
328.0,12.6,318.6,223.0,-1,-1
328.0,12.6,318.8,223.0,-1,-1
328.0,13.0,318.6,223.0,-1,-1
328.0,12.4,318.4,223.0,-1,-1
328.0,12.6,318.2,223.0,-1,-1
328.0,12.8,318.8,223.0,-1,-1
328.0,12.8,318.8,223.0,-1,-1
328.0,13.0,318.8,223.0,-1,-1
328.0,12.8,318.4,223.0,-1,-1
328.0,13.0,318.8,223.0,-1,-1
328.0,12.4,319.0,223.0,-1,-1
328.2,12.8,318.8,223.0,-1,-1
328.0,12.4,319.0,223.0,-1,-1
328.0,12.6,319.0,223.0,-1,-1
328.0,12.6,319.0,223.0,-1,-1
328.0,12.8,319.0,223.0,-1,-1
328.0,12.4,319.0,223.0,-1,-1
328.0,13.0,319.0,223.0,-1,-1
328.0,13.0,319.0,223.0,-1,-1
328.0,13.0,319.0,223.0,-1,-1
328.0,12.6,319.0,223.0,-1,-1
328.0,12.8,319.0,223.0,-1,-1
328.0,12.4,319.0,223.0,-1,-1
328.2,12.8,319.0,223.0,-1,-1
328.0,12.8,319.0,223.0,-1,-1
328.0,13.0,319.0,223.0,-1,-1
328.0,12.8,319.0,223.0,-1,-1
328.0,12.8,318.8,223.0,-1,-1
328.0,12.6,318.4,223.0,-1,-1
328.0,12.8,318.0,223.0,-1,-1
328.0,12.6,318.8,223.0,-1,-1
328.0,12.8,319.0,223.0,-1,-1
328.0,12.4,319.0,223.0,-1,-1
328.0,12.8,319.0,223.0,-1,-1
328.0,12.6,318.8,223.0,-1,-1
328.0,13.0,318.8,223.0,-1,-1
328.2,12.8,319.0,223.0,-1,-1
328.0,13.0,318.8,223.0,-1,-1
328.0,12.8,318.8,223.0,-1,-1
328.8,12.6,319.0,223.0,-1,-1
329.0,12.8,319.0,223.0,-1,-1
329.0,12.8,319.0,223.0,-1,-1
328.8,12.6,319.0,223.0,-1,-1
329.0,13.0,319.0,223.0,-1,-1
329.0,12.8,318.8,223.0,-1,-1
329.0,12.8,318.8,223.0,-1,-1
329.0,13.0,318.4,223.0,-1,-1
329.0,12.8,319.0,223.0,-1,-1
329.0,12.8,318.8,223.0,-1,-1
329.0,12.6,319.0,223.0,-1,-1
329.0,12.4,319.0,223.0,-1,-1
329.0,12.4,319.0,223.0,-1,-1
328.2,13.0,319.0,223.0,-1,-1
328.4,13.0,318.6,223.0,-1,-1
328.6,13.0,319.0,223.0,-1,-1
328.8,12.8,318.8,223.0,-1,-1
328.2,12.6,319.0,223.0,-1,-1
328.8,12.6,319.0,223.0,-1,-1
328.4,12.4,319.0,223.0,-1,-1
328.2,12.8,318.8,223.0,-1,-1
328.0,12.4,318.6,223.0,-1,-1
328.2,13.0,318.0,223.0,-1,-1
328.0,12.8,318.8,223.0,-1,-1
328.0,12.8,319.0,223.0,-1,-1
328.0,13.0,319.0,223.0,-1,-1
328.0,13.0,319.0,223.0,-1,-1
328.0,12.6,319.0,223.0,-1,-1
328.0,12.6,318.4,223.0,-1,-1
328.2,12.2,318.8,223.0,-1,-1
328.2,12.6,319.0,223.0,-1,-1
328.4,13.0,319.0,223.0,-1,-1
328.0,12.8,319.0,223.0,-1,-1
328.4,12.8,319.0,223.0,-1,-1
328.0,12.8,319.0,223.0,-1,-1
328.0,13.0,319.0,223.0,-1,-1
328.0,12.8,319.0,223.0,-1,-1
328.2,12.8,319.0,223.0,-1,-1
328.0,12.8,319.0,223.0,-1,-1
328.2,12.6,319.0,223.0,-1,-1
328.0,12.8,319.0,223.0,-1,-1
328.4,12.6,318.8,223.0,-1,-1
328.0,12.6,318.8,223.0,-1,-1
328.0,12.8,318.8,223.0,-1,-1
328.2,12.6,318.8,223.0,-1,-1
328.4,12.6,319.0,223.0,-1,-1
328.2,12.8,319.0,223.0,-1,-1
328.2,12.6,318.8,223.0,-1,-1
328.0,12.6,318.6,223.0,-1,-1
328.4,13.0,318.6,223.0,-1,-1
328.2,12.6,318.8,223.0,-1,-1
328.2,13.0,319.0,223.0,-1,-1
328.2,12.6,319.0,223.0,-1,-1
328.6,12.8,318.0,223.0,-1,-1
328.0,12.8,318.4,223.0,-1,-1
328.2,13.0,318.0,223.0,-1,-1
328.8,12.8,318.2,223.0,-1,-1
328.8,12.8,318.2,223.0,-1,-1
328.8,12.8,318.0,223.0,-1,-1
328.6,12.6,318.2,223.0,-1,-1
328.8,13.0,318.0,223.0,-1,-1
329.0,12.8,318.0,223.0,-1,-1
328.6,12.6,318.0,223.0,-1,-1
329.0,12.8,318.0,223.0,-1,-1
328.8,12.6,318.0,223.0,-1,-1
329.0,13.0,318.0,223.0,-1,-1
328.8,13.0,318.2,223.0,-1,-1
328.4,13.0,318.2,223.0,-1,-1
328.8,13.0,318.0,223.0,-1,-1
328.8,12.8,318.0,223.0,-1,-1
329.0,12.4,318.0,223.0,-1,-1
328.4,13.0,318.0,223.0,-1,-1
329.0,12.4,318.0,223.0,-1,-1
329.0,13.0,318.0,223.0,-1,-1
329.0,12.8,318.2,223.0,-1,-1
328.6,13.0,318.2,223.0,-1,-1
328.8,13.0,318.0,223.0,-1,-1
329.0,12.6,318.0,223.0,-1,-1
329.0,12.6,318.0,223.0,-1,-1
328.6,13.0,318.0,223.0,-1,-1
328.2,12.8,318.0,223.0,-1,-1
328.8,13.0,318.0,223.0,-1,-1
328.4,12.6,318.2,223.0,-1,-1
328.8,12.8,318.0,223.0,-1,-1
328.6,12.8,318.4,223.0,-1,-1
328.8,13.0,318.6,223.0,-1,-1
328.8,13.0,318.2,223.0,-1,-1
328.4,12.8,318.8,223.0,-1,-1
328.6,13.0,318.8,223.0,-1,-1
328.2,12.6,319.0,223.0,-1,-1
328.8,13.0,318.2,223.0,-1,-1
329.0,12.8,318.4,223.0,-1,-1
328.8,13.0,318.0,223.0,-1,-1
328.4,12.8,318.0,223.0,-1,-1
328.6,12.8,318.0,223.0,-1,-1
328.8,12.8,318.0,223.0,-1,-1
329.0,12.8,318.0,223.0,-1,-1
329.0,12.8,318.0,223.0,-1,-1
329.0,12.8,318.0,223.0,-1,-1
328.6,12.6,318.0,223.0,-1,-1
329.0,12.4,318.0,223.0,-1,-1
328.8,12.8,318.0,223.0,-1,-1
328.8,13.0,318.0,223.0,-1,-1
328.6,13.0,318.0,223.0,-1,-1
328.8,12.4,318.0,223.0,-1,-1
328.2,12.8,318.0,223.0,-1,-1
328.6,12.6,318.2,223.0,-1,-1
329.0,12.6,318.8,223.0,-1,-1
328.8,12.6,318.4,223.0,-1,-1
328.6,12.6,318.2,223.0,-1,-1
328.2,12.2,318.8,223.0,-1,-1
328.4,12.6,319.0,223.0,-1,-1
328.6,12.8,319.0,223.0,-1,-1
328.2,12.8,319.0,223.0,-1,-1
328.4,12.8,319.0,223.0,-1,-1
328.2,13.0,319.0,223.0,-1,-1
328.2,12.8,319.0,223.0,-1,-1
328.0,12.8,319.0,223.0,-1,-1
328.0,12.6,319.0,223.0,-1,-1
328.0,12.8,319.0,223.0,-1,-1
328.0,12.6,319.0,223.0,-1,-1
328.2,12.8,319.0,223.0,-1,-1
328.0,12.8,319.0,223.0,-1,-1
328.0,12.8,319.0,223.0,-1,-1
328.4,12.4,319.0,223.0,-1,-1
328.4,12.8,319.0,223.0,-1,-1
328.2,12.8,319.0,223.0,-1,-1
328.0,12.4,318.8,223.0,-1,-1
328.4,12.8,319.0,223.0,-1,-1
328.2,12.8,319.0,223.0,-1,-1
328.0,12.8,319.0,223.0,-1,-1
328.6,13.0,319.0,223.0,-1,-1
328.2,12.8,319.0,223.0,-1,-1
328.0,12.8,319.0,223.0,-1,-1
328.0,13.0,319.0,223.0,-1,-1
328.6,12.6,319.0,223.0,-1,-1
328.6,13.0,319.0,223.0,-1,-1
328.6,12.8,319.0,223.0,-1,-1
328.4,13.0,319.0,223.0,-1,-1
328.2,13.0,319.0,223.0,-1,-1
328.2,12.8,318.8,223.0,-1,-1
328.2,13.0,318.8,223.0,-1,-1
329.0,12.6,318.0,223.0,-1,-1
328.8,12.8,318.8,223.0,-1,-1
328.2,12.8,318.6,223.0,-1,-1
328.2,13.0,318.2,223.0,-1,-1
329.0,13.0,319.0,223.0,-1,-1
328.0,12.6,318.6,223.0,-1,-1
328.2,12.6,318.8,223.0,-1,-1
328.2,12.8,319.0,223.0,-1,-1
329.0,12.8,319.0,223.0,-1,-1
328.6,13.0,319.0,223.0,-1,-1
329.0,12.8,319.0,223.0,-1,-1
329.0,12.8,319.0,223.0,-1,-1
329.0,12.8,319.0,223.0,-1,-1
329.0,12.8,318.8,223.0,-1,-1
329.0,13.0,318.8,223.0,-1,-1
329.0,13.0,319.0,223.0,-1,-1
329.0,12.8,318.6,223.0,-1,-1
329.0,13.0,318.8,223.0,-1,-1
328.6,13.0,318.2,223.0,-1,-1
328.6,13.0,318.2,223.0,-1,-1
329.0,12.4,318.4,223.0,-1,-1
328.4,13.0,319.0,223.0,-1,-1
328.8,12.8,319.0,223.0,-1,-1
328.6,12.8,318.6,223.0,-1,-1
328.6,12.6,318.8,223.0,-1,-1
328.4,12.8,319.0,223.0,-1,-1
329.0,12.8,319.0,223.0,-1,-1
328.8,12.8,318.8,223.0,-1,-1
329.0,12.6,319.0,223.0,-1,-1
328.8,13.0,319.0,223.0,-1,-1
329.0,13.0,318.6,223.0,-1,-1
328.8,12.8,319.0,223.0,-1,-1
328.8,13.0,319.0,223.0,-1,-1
328.4,13.0,319.0,223.0,-1,-1
328.2,12.6,319.0,223.0,-1,-1
328.6,12.8,318.8,223.0,-1,-1
328.4,12.8,319.0,223.0,-1,-1
329.0,13.0,319.0,223.0,-1,-1
328.4,12.6,319.0,223.0,-1,-1
328.0,13.0,319.0,223.0,-1,-1
328.6,12.6,319.0,223.0,-1,-1
328.0,13.0,319.0,223.0,-1,-1
328.2,12.8,319.0,223.0,-1,-1
328.2,12.6,319.0,223.0,-1,-1
328.2,12.8,319.0,223.0,-1,-1
328.0,12.6,319.0,223.0,-1,-1
328.2,12.6,319.0,223.0,-1,-1
328.0,13.0,318.8,223.0,-1,-1
328.0,12.6,318.0,223.0,-1,-1
328.2,12.6,318.0,223.0,-1,-1
328.8,12.6,318.0,223.0,-1,-1
328.8,12.8,318.0,223.0,-1,-1
328.8,12.6,318.0,223.0,-1,-1
328.6,12.4,318.0,223.0,-1,-1
328.4,12.4,318.0,223.0,-1,-1
328.6,12.8,318.0,223.0,-1,-1
328.6,12.6,318.0,223.0,-1,-1
328.6,13.0,318.0,223.0,-1,-1
328.8,12.6,318.0,223.0,-1,-1
328.4,12.4,318.2,223.0,-1,-1
328.6,12.4,318.0,223.0,-1,-1
328.4,12.8,318.2,223.0,-1,-1
328.2,12.2,318.4,223.0,-1,-1
328.4,12.8,318.4,223.0,-1,-1
328.6,12.8,318.4,223.0,-1,-1
328.8,12.8,318.4,223.0,-1,-1
328.2,12.8,318.4,223.0,-1,-1
328.6,12.8,318.6,223.0,-1,-1
328.6,12.2,318.6,223.0,-1,-1
328.4,12.8,318.4,223.0,-1,-1
328.6,12.6,318.6,223.0,-1,-1
328.6,12.6,318.8,223.0,-1,-1
329.0,12.8,319.0,223.0,-1,-1
328.4,12.8,318.8,223.0,-1,-1
328.2,12.6,319.0,223.0,-1,-1
328.2,12.8,319.0,223.0,-1,-1
328.6,13.0,319.0,223.0,-1,-1
328.6,12.8,319.0,223.0,-1,-1
328.6,12.8,318.8,223.0,-1,-1
329.0,12.6,319.0,223.0,-1,-1
328.8,12.8,319.0,223.0,-1,-1
328.8,12.6,319.0,223.0,-1,-1
328.8,12.8,319.0,223.0,-1,-1
328.2,13.0,319.0,223.0,-1,-1
328.6,13.0,319.0,223.0,-1,-1
328.8,13.0,319.0,223.0,-1,-1
328.8,12.6,318.8,223.0,-1,-1
328.8,12.8,319.0,223.0,-1,-1
329.0,13.0,318.8,223.0,-1,-1
328.8,13.0,319.0,223.0,-1,-1
329.0,12.6,318.8,223.0,-1,-1
329.0,13.0,318.8,223.0,-1,-1
328.6,12.8,319.0,223.0,-1,-1
328.8,12.6,319.0,223.0,-1,-1
329.0,12.6,318.6,223.0,-1,-1
328.6,12.6,318.2,223.0,-1,-1
328.8,12.8,318.0,223.0,-1,-1
328.8,13.0,318.6,223.0,-1,-1
328.6,12.8,318.4,223.0,-1,-1
328.6,12.8,319.0,223.0,-1,-1
328.4,12.8,318.6,223.0,-1,-1
328.4,13.0,318.4,223.0,-1,-1
328.8,12.8,318.6,223.0,-1,-1
328.8,12.6,318.6,223.0,-1,-1
328.8,12.8,318.2,223.0,-1,-1
328.6,12.6,318.2,223.0,-1,-1
328.8,13.0,318.6,223.0,-1,-1
328.6,12.8,318.8,223.0,-1,-1
328.4,12.6,319.0,223.0,-1,-1
328.0,12.8,319.0,223.0,-1,-1
328.0,12.8,319.0,223.0,-1,-1
328.0,13.0,319.0,223.0,-1,-1
328.0,12.8,319.0,223.0,-1,-1
328.2,12.8,319.0,223.0,-1,-1
328.6,12.8,319.0,223.0,-1,-1
328.2,12.8,319.0,223.0,-1,-1
328.8,13.0,319.0,223.0,-1,-1
328.6,12.4,318.8,223.0,-1,-1
328.6,12.8,319.0,223.0,-1,-1
329.0,13.0,319.0,223.0,-1,-1
328.4,13.0,318.8,223.0,-1,-1
329.0,12.6,319.0,223.0,-1,-1
328.4,12.6,318.6,223.0,-1,-1
328.8,13.0,319.0,223.0,-1,-1
329.0,13.0,319.0,223.0,-1,-1
328.8,12.6,319.0,223.0,-1,-1
328.2,12.8,319.0,223.0,-1,-1
328.6,12.6,319.0,223.0,-1,-1
328.4,12.6,319.0,223.0,-1,-1
328.4,12.8,319.0,223.0,-1,-1
328.6,12.2,319.0,223.0,-1,-1
328.4,12.6,319.0,223.0,-1,-1
328.8,12.8,319.0,223.0,-1,-1
328.6,12.8,319.0,223.0,-1,-1
328.4,12.8,319.0,223.0,-1,-1
328.0,12.6,319.0,223.0,-1,-1
328.0,12.8,319.0,223.0,-1,-1
328.2,12.8,319.0,223.0,-1,-1
328.4,12.8,319.0,223.0,-1,-1
328.2,12.6,319.0,223.0,-1,-1
328.6,12.8,319.0,223.0,-1,-1
328.2,13.0,319.0,223.0,-1,-1
328.0,12.6,319.0,223.0,-1,-1
328.0,13.0,319.0,223.0,-1,-1
328.0,13.0,319.0,223.0,-1,-1
328.2,12.4,319.0,223.0,-1,-1
328.0,13.0,319.0,223.0,-1,-1
328.0,13.0,319.0,223.0,-1,-1
328.0,12.6,319.0,223.0,-1,-1
328.0,12.8,319.0,223.0,-1,-1
328.2,13.0,319.0,223.0,-1,-1
328.0,12.8,319.0,223.0,-1,-1
328.2,12.6,319.0,223.0,-1,-1
328.4,13.0,319.0,223.0,-1,-1
328.0,13.0,319.0,223.0,-1,-1
328.6,13.0,319.0,223.0,-1,-1
328.6,13.0,319.0,223.0,-1,-1
328.4,13.0,319.0,223.0,-1,-1
328.2,12.6,319.0,223.0,-1,-1
328.0,12.8,319.0,223.0,-1,-1
328.6,12.8,319.0,223.0,-1,-1
328.6,12.8,319.0,223.0,-1,-1
328.4,12.8,319.0,223.0,-1,-1
329.0,12.8,319.0,223.0,-1,-1
329.0,13.0,319.0,223.0,-1,-1
328.8,12.6,319.0,223.0,-1,-1
328.4,12.8,319.0,223.0,-1,-1
328.2,12.6,319.0,223.0,-1,-1
328.0,12.6,319.0,223.0,-1,-1
328.0,13.0,319.0,223.0,-1,-1
328.2,12.6,319.0,223.0,-1,-1
328.0,12.6,319.0,223.0,-1,-1
328.0,12.2,319.0,223.0,-1,-1
328.2,12.8,319.0,223.0,-1,-1
328.0,12.8,319.0,223.0,-1,-1
328.0,12.8,319.0,223.0,-1,-1
328.0,12.8,319.0,223.0,-1,-1
328.0,12.8,319.0,223.0,-1,-1
328.0,12.8,319.0,223.0,-1,-1
328.2,13.0,319.0,223.0,-1,-1
328.0,13.0,319.0,223.0,-1,-1
328.4,12.6,318.8,223.0,-1,-1
328.0,12.6,319.0,223.0,-1,-1
328.0,12.4,319.0,223.0,-1,-1
328.4,12.8,319.0,223.0,-1,-1
328.4,12.8,319.0,223.0,-1,-1
329.0,13.0,319.0,223.0,-1,-1
328.4,13.0,319.0,223.0,-1,-1
328.6,13.0,319.0,223.0,-1,-1
328.4,12.8,319.0,223.0,-1,-1
328.4,12.8,319.0,223.0,-1,-1
328.0,12.8,319.0,223.0,-1,-1
328.0,13.0,319.0,223.0,-1,-1
328.0,13.0,319.0,223.0,-1,-1
328.4,12.6,319.0,223.0,-1,-1
328.4,12.6,319.0,223.0,-1,-1
328.4,13.0,319.0,223.0,-1,-1
328.4,12.8,319.0,223.0,-1,-1
328.4,12.4,318.8,223.0,-1,-1
328.2,12.6,319.0,223.0,-1,-1
328.6,12.4,319.0,223.0,-1,-1
328.4,12.6,319.0,223.0,-1,-1
328.0,12.8,319.0,223.0,-1,-1
328.4,12.8,319.0,223.0,-1,-1
328.6,13.0,319.0,223.0,-1,-1
328.8,12.6,319.0,223.0,-1,-1
328.6,13.0,318.8,223.0,-1,-1
328.8,12.6,319.0,223.0,-1,-1
329.0,12.8,319.0,223.0,-1,-1
328.6,13.0,319.0,223.0,-1,-1
328.8,12.4,319.0,223.0,-1,-1
328.6,12.8,319.0,223.0,-1,-1
328.8,12.8,319.0,223.0,-1,-1
328.4,13.0,319.0,223.0,-1,-1
328.6,13.0,319.0,223.0,-1,-1
328.4,13.0,319.0,223.0,-1,-1
328.0,12.8,319.0,223.0,-1,-1
328.4,13.0,319.0,223.0,-1,-1
328.2,12.8,319.0,223.0,-1,-1
328.2,13.0,319.0,223.0,-1,-1
328.4,13.0,319.0,223.0,-1,-1
328.4,12.8,319.0,223.0,-1,-1
328.0,12.6,319.0,223.0,-1,-1
329.0,12.8,319.0,223.0,-1,-1
328.6,13.0,319.0,223.0,-1,-1
328.6,12.8,319.0,223.0,-1,-1
329.0,12.8,319.0,223.0,-1,-1
329.0,12.6,319.0,223.0,-1,-1
328.8,13.0,319.0,223.0,-1,-1
329.0,13.0,319.0,223.0,-1,-1
329.0,12.6,319.0,223.0,-1,-1
328.4,13.0,319.0,223.0,-1,-1
328.8,12.8,319.0,223.0,-1,-1
329.0,12.6,319.0,223.0,-1,-1
329.0,12.8,318.6,223.0,-1,-1
329.0,13.0,318.8,223.0,-1,-1
328.8,12.8,319.0,223.0,-1,-1
329.0,12.4,319.0,223.0,-1,-1
329.0,12.8,319.0,223.0,-1,-1
329.0,12.8,319.0,223.0,-1,-1
329.0,13.0,319.0,223.0,-1,-1
329.0,13.0,319.0,223.0,-1,-1
328.6,12.8,318.8,223.0,-1,-1
328.8,12.8,319.0,223.0,-1,-1
328.8,12.8,319.0,223.0,-1,-1
328.6,13.0,318.8,223.0,-1,-1
328.8,12.8,319.0,223.0,-1,-1
328.2,13.0,318.8,223.0,-1,-1
328.8,12.8,319.0,223.0,-1,-1
328.6,12.8,318.8,223.0,-1,-1
329.0,12.8,319.0,223.0,-1,-1
328.8,13.0,318.8,223.0,-1,-1
328.8,12.8,318.6,223.0,-1,-1
328.8,13.0,319.0,223.0,-1,-1
329.0,12.8,319.0,223.0,-1,-1
329.0,13.0,318.8,223.0,-1,-1
328.8,12.6,319.0,223.0,-1,-1
329.0,12.6,319.0,223.0,-1,-1
329.0,12.8,318.8,223.0,-1,-1
329.0,12.8,318.0,223.0,-1,-1
329.0,13.0,318.6,223.0,-1,-1
329.0,13.0,318.6,223.0,-1,-1
329.0,12.8,318.4,223.0,-1,-1
329.0,12.8,318.0,223.0,-1,-1
329.0,13.0,318.2,223.0,-1,-1
329.0,12.8,318.0,223.0,-1,-1
329.0,12.8,318.4,223.0,-1,-1
328.4,12.6,318.8,223.0,-1,-1
328.8,13.0,318.6,223.0,-1,-1
329.0,12.8,318.8,223.0,-1,-1
329.0,12.8,318.6,223.0,-1,-1
329.0,13.0,318.2,223.0,-1,-1
329.0,13.0,318.6,223.0,-1,-1
329.0,12.8,318.2,223.0,-1,-1
329.0,13.0,318.2,223.0,-1,-1
329.0,12.8,318.2,223.0,-1,-1
329.0,12.8,318.0,223.0,-1,-1
329.0,13.0,318.0,223.0,-1,-1
329.0,12.8,318.2,223.0,-1,-1
329.0,12.8,318.2,223.0,-1,-1
329.0,12.6,318.0,223.0,-1,-1
329.0,12.8,318.0,223.0,-1,-1
329.0,13.0,318.0,223.0,-1,-1
328.8,12.8,318.0,223.0,-1,-1
329.0,12.8,318.0,223.0,-1,-1
329.0,12.8,318.2,223.0,-1,-1
329.0,12.8,318.2,223.0,-1,-1
329.0,12.8,318.4,223.0,-1,-1
329.0,12.6,318.6,223.0,-1,-1
329.0,12.8,318.8,223.0,-1,-1
329.0,13.0,318.2,223.0,-1,-1
329.0,12.8,318.2,223.0,-1,-1
329.0,12.6,318.8,223.0,-1,-1
329.0,12.6,319.0,223.0,-1,-1
329.0,13.0,319.0,223.0,-1,-1
329.0,12.8,319.0,223.0,-1,-1
329.0,12.6,318.8,223.0,-1,-1
329.0,13.0,318.6,223.0,-1,-1
329.0,12.8,318.8,223.0,-1,-1
329.0,12.6,318.6,223.0,-1,-1
329.0,12.6,319.0,223.0,-1,-1
329.0,12.6,318.8,223.0,-1,-1
329.0,12.6,319.0,223.0,-1,-1
329.0,13.0,319.0,223.0,-1,-1
329.0,12.8,319.0,223.0,-1,-1
329.0,12.6,319.0,223.0,-1,-1
329.0,12.8,319.0,223.0,-1,-1
329.0,12.8,319.0,223.0,-1,-1
329.0,13.0,319.0,223.0,-1,-1
329.0,12.8,319.0,223.0,-1,-1
329.0,12.4,319.0,223.0,-1,-1
329.0,12.8,319.0,223.0,-1,-1
329.0,13.0,319.0,223.0,-1,-1
329.0,12.6,319.0,223.0,-1,-1
329.0,12.8,319.0,223.0,-1,-1
329.0,13.0,319.0,223.0,-1,-1
329.0,13.0,319.0,223.0,-1,-1
329.0,12.6,319.0,223.0,-1,-1
329.0,12.8,319.0,223.0,-1,-1
329.0,12.8,319.0,223.0,-1,-1
329.0,12.6,319.0,223.0,-1,-1
329.0,12.8,319.0,223.0,-1,-1
329.0,12.8,319.0,223.0,-1,-1
329.0,12.8,319.0,223.0,-1,-1
329.0,12.8,319.0,223.0,-1,-1
329.0,12.8,319.0,223.0,-1,-1
329.0,13.0,319.0,223.0,-1,-1
329.0,13.0,319.0,223.0,-1,-1
329.0,12.8,319.0,223.0,-1,-1
329.0,13.0,319.0,223.0,-1,-1
329.0,12.8,319.0,223.0,-1,-1
329.0,13.0,319.0,223.0,-1,-1
329.0,12.8,319.0,223.0,-1,-1
329.0,12.8,319.0,223.0,-1,-1
329.0,13.0,319.0,223.0,-1,-1
329.0,13.0,319.0,223.0,-1,-1
329.0,13.0,319.0,223.0,-1,-1
328.6,12.8,319.0,223.0,-1,-1
329.0,13.0,319.0,223.0,-1,-1
329.0,13.0,319.0,223.0,-1,-1
329.0,13.0,319.0,223.0,-1,-1
329.0,12.6,319.0,223.0,-1,-1
328.8,12.8,319.0,223.0,-1,-1
329.0,12.8,319.0,223.0,-1,-1
329.0,12.6,319.0,223.0,-1,-1
329.0,12.8,319.0,223.0,-1,-1
328.8,13.0,319.0,223.0,-1,-1
329.0,13.0,319.0,223.0,-1,-1
329.0,12.8,319.0,223.0,-1,-1
329.0,12.6,319.0,223.0,-1,-1
328.8,12.8,319.0,223.0,-1,-1
329.0,13.0,319.0,223.0,-1,-1
329.0,12.8,319.0,223.0,-1,-1
329.0,12.8,319.0,223.0,-1,-1
329.0,12.8,319.0,223.0,-1,-1
329.0,13.0,319.0,223.0,-1,-1
329.0,12.6,319.0,223.0,-1,-1
329.0,12.8,319.0,223.0,-1,-1
329.0,12.4,319.0,223.0,-1,-1
329.0,12.4,319.0,223.0,-1,-1
329.0,13.0,319.0,223.0,-1,-1
329.0,13.0,319.0,223.0,-1,-1
329.0,12.8,319.0,223.0,-1,-1
329.0,12.8,319.0,223.0,-1,-1
329.0,12.8,319.0,223.0,-1,-1
329.0,12.8,319.0,223.0,-1,-1
328.8,12.8,319.0,223.0,-1,-1
329.0,12.8,319.0,223.0,-1,-1
329.0,13.0,319.0,223.0,-1,-1
329.0,13.0,319.0,223.0,-1,-1
329.0,13.0,319.0,223.0,-1,-1
329.0,12.6,319.0,223.0,-1,-1
329.0,13.0,319.0,223.0,-1,-1
329.0,12.8,319.0,223.0,-1,-1
329.0,12.6,319.0,223.0,-1,-1
329.0,12.8,319.0,223.0,-1,-1
329.0,13.0,319.0,223.0,-1,-1
329.0,13.0,319.0,223.0,-1,-1
329.0,12.8,319.0,223.0,-1,-1
329.0,13.0,319.0,223.0,-1,-1
329.0,12.8,319.0,223.0,-1,-1
329.0,13.0,319.0,223.0,-1,-1
329.0,12.8,319.0,223.0,-1,-1
329.0,12.8,319.0,223.0,-1,-1
329.0,13.0,319.0,223.0,-1,-1
329.0,13.0,319.0,223.0,-1,-1
