357.4,12.0,275.0,223.0,0,7.5
354.6,12.0,276.2,223.0,0,7.5
357.6,12.0,275.6,223.0,0,7.5
356.6,12.0,276.6,223.0,0,7.5
354.2,12.0,277.0,223.0,0,7.5
355.4,12.0,276.8,223.0,0,7.5
354.2,12.0,276.4,223.0,0,7.5
354.2,12.0,276.8,223.0,0,7.5
356.6,12.0,274.6,223.0,0,7.5
358.0,12.0,274.2,223.0,0,7.5
357.8,12.0,275.6,223.0,0,7.5
355.8,12.0,276.0,223.0,0,7.5
355.8,12.0,276.4,223.0,0,7.5
358.8,12.0,275.0,223.0,0,7.5
361.0,12.0,275.4,223.0,0,7.5
360.4,12.0,276.6,223.0,0,7.5
358.2,12.0,277.8,223.0,0,7.5
359.2,12.0,277.4,223.0,0,7.5
360.8,12.0,277.0,223.0,0,7.5
363.0,12.0,276.4,223.0,0,7.5
364.0,12.0,275.2,223.0,0,7.5
364.6,12.0,274.4,223.0,0,7.5
365.2,12.0,274.0,223.0,0,7.5
365.8,12.0,273.0,223.0,0,7.5
364.4,12.0,275.2,223.0,0,7.5
363.6,12.0,275.4,223.0,0,7.5
365.0,12.0,271.0,223.0,0,7.5
366.2,12.0,271.6,223.0,0,7.5
367.8,12.0,272.0,223.0,0,7.5
368.2,12.0,273.0,223.0,0,7.5
368.0,12.2,273.4,223.0,0,7.5
367.2,12.0,273.8,223.0,0,7.5
368.2,12.0,274.2,223.0,0,7.5
371.0,12.2,275.0,223.0,0,7.5
368.2,12.2,273.8,223.0,0,7.5
367.6,12.0,274.0,223.0,0,7.5
369.6,12.4,274.2,223.0,0,7.5
371.6,12.2,275.0,223.0,0,7.5
370.4,12.4,274.4,223.0,0,7.5
369.4,12.0,274.0,223.0,0,7.5
371.0,12.2,274.8,223.0,0,7.5
371.6,12.4,275.0,223.0,0,7.5
371.8,12.2,275.0,223.0,0,7.5
372.8,12.6,275.0,223.0,0,7.5
373.4,12.8,275.0,223.0,0,7.5
373.2,12.6,276.0,223.0,0,7.5
374.0,12.4,276.0,223.0,0,7.5
372.0,12.4,275.8,223.0,0,7.5
369.2,12.2,276.2,223.0,0,7.5
371.8,12.4,275.4,223.0,0,7.5
373.0,12.4,275.8,223.0,0,7.5
373.8,12.6,275.8,223.0,0,7.5
375.0,12.6,275.2,223.0,0,7.5
376.0,12.6,274.4,223.0,0,7.5
376.0,13.0,276.4,223.0,0,7.5
375.4,12.8,276.2,223.0,0,7.5
372.8,12.8,277.8,223.0,0,7.5
372.0,12.6,278.0,223.0,0,7.5
368.8,12.6,277.0,223.0,0,7.5
363.2,12.2,276.4,223.0,0,7.5
359.4,12.0,278.4,223.0,0,7.5
358.2,12.0,280.0,223.0,0,7.5
360.4,12.2,279.8,223.0,0,7.5
362.8,12.2,279.6,223.0,0,7.5
365.2,12.2,279.8,223.0,0,7.5
365.0,12.0,280.6,223.0,0,7.5
365.6,12.4,282.0,223.0,0,7.5
367.2,12.4,281.8,223.0,0,7.5
369.6,12.8,282.0,223.0,0,7.5
369.0,12.8,281.6,223.0,0,7.5
367.8,12.2,280.8,223.0,0,7.5
366.2,12.0,279.8,223.0,0,7.5
360.4,12.0,279.2,223.0,0,7.5
359.4,12.0,277.4,223.0,0,7.5
363.6,12.0,276.4,223.0,0,7.5
363.4,12.0,277.8,223.0,0,7.5
365.0,12.0,278.2,223.0,0,7.5
366.0,12.2,279.2,223.0,0,7.5
367.8,12.8,279.8,223.0,0,7.5
368.4,12.6,279.8,223.0,0,7.5
369.6,12.8,281.0,223.0,0,7.5
369.2,12.8,281.8,223.0,0,7.5
369.2,12.8,282.0,223.0,0,7.5
369.6,13.0,282.6,223.0,0,7.5
370.0,13.0,283.6,223.0,0,7.5
370.6,13.0,283.6,223.0,0,7.5
371.4,13.0,284.0,223.0,0,7.5
371.0,13.0,283.8,223.0,0,7.5
371.0,13.0,283.2,223.0,0,7.5
372.0,12.8,280.6,223.0,0,7.5
373.0,13.0,279.4,223.0,0,7.5
373.4,13.0,280.4,223.0,0,7.5
372.4,13.0,283.0,223.0,0,7.5
373.0,13.0,284.0,223.0,0,7.5
372.2,13.0,284.0,223.0,0,7.5
372.8,12.8,283.2,223.0,0,7.5
373.4,13.0,283.0,223.0,0,7.5
372.2,13.0,282.2,223.0,0,7.5
373.8,13.0,282.0,223.0,0,7.5
375.4,13.0,280.6,223.0,0,7.5
376.4,13.0,278.8,223.0,0,7.5
376.8,13.0,281.2,223.0,0,7.5
377.0,12.8,281.0,223.0,0,7.5
377.4,13.0,281.6,223.0,0,7.5
377.8,13.0,280.6,223.0,0,7.5
377.0,13.0,281.6,223.0,0,7.5
376.6,13.0,281.4,223.0,0,7.5
378.0,13.0,278.2,223.0,0,7.5
378.0,12.8,278.2,223.0,0,7.5
379.4,12.8,275.0,223.0,0,7.5
379.8,13.0,274.2,223.0,0,7.5
378.6,13.0,274.2,223.0,0,7.5
375.4,12.6,274.6,223.0,0,7.5
375.6,12.8,274.2,223.0,0,7.5
376.0,12.4,275.2,223.0,0,7.5
374.6,12.6,275.6,223.0,0,7.5
373.0,12.4,276.0,223.0,0,7.5
371.8,12.8,276.8,223.0,0,7.5
371.6,12.4,277.2,223.0,0,7.5
371.0,12.2,277.0,223.0,0,7.5
371.8,12.6,277.0,223.0,0,7.5
373.0,12.8,277.2,223.0,0,7.5
375.0,13.0,278.2,223.0,0,7.5
374.4,12.8,279.0,223.0,0,7.5
374.2,13.0,279.0,223.0,0,7.5
374.8,13.0,279.2,223.0,0,7.5
376.8,13.0,279.6,223.0,0,7.5
377.0,13.0,280.0,223.0,0,7.5
376.2,13.0,280.0,223.0,0,7.5
376.4,13.0,280.0,223.0,0,7.5
375.8,13.0,280.0,223.0,0,7.5
376.8,13.0,279.8,223.0,0,7.5
375.6,13.0,279.0,223.0,0,7.5
375.0,12.8,278.4,223.0,0,7.5
375.8,13.0,279.0,223.0,0,7.5
376.0,12.8,279.8,223.0,0,7.5
374.6,13.0,280.0,223.0,0,7.5
375.0,13.0,280.4,223.0,0,7.5
374.2,13.0,281.0,223.0,0,7.5
374.8,13.0,281.0,223.0,0,7.5
374.8,12.8,281.0,223.0,0,7.5
374.2,13.0,281.8,223.0,0,7.5
373.4,13.0,282.4,223.0,0,7.5
373.0,13.0,282.4,223.0,0,7.5
373.2,12.8,282.0,223.0,0,7.5
373.2,13.0,282.2,223.0,0,7.5
374.8,13.0,282.0,223.0,0,7.5
375.8,12.8,283.0,223.0,0,7.5
375.6,13.0,282.8,223.0,0,7.5
376.6,13.0,283.0,223.0,0,7.5
377.6,13.0,283.2,223.0,0,7.5
379.4,13.0,284.2,223.0,0,7.5
380.0,13.0,285.0,223.0,0,7.5
380.0,13.0,286.0,223.0,0,7.5
379.8,13.0,285.2,223.0,0,7.5
378.2,13.0,284.0,223.0,0,7.5
379.0,13.0,284.4,223.0,0,7.5
380.2,13.0,285.2,223.0,0,7.5
381.0,13.0,286.0,223.0,0,7.5
381.0,13.0,286.0,223.0,0,7.5
380.0,13.0,285.0,223.0,0,7.5
379.0,13.0,284.4,223.0,0,7.5
378.8,13.0,283.2,223.0,0,7.5
378.6,13.0,284.2,223.0,0,7.5
379.6,13.0,285.8,223.0,0,7.5
380.8,13.0,286.8,223.0,0,7.5
382.2,13.0,286.6,223.0,0,7.5
384.0,13.0,286.2,225.6,0,7.5
385.6,13.0,287.0,230.8,0,7.5
386.0,13.0,287.4,229.6,0,7.5
384.8,13.0,287.2,223.0,0,7.5
384.0,13.0,287.0,223.0,0,7.5
384.6,13.0,287.8,223.0,0,7.5
384.0,13.0,287.2,223.0,0,7.5
384.0,13.0,287.0,223.0,0,7.5
384.0,13.0,287.0,223.0,0,7.5
383.6,13.0,287.0,223.0,0,7.5
382.6,13.0,287.0,223.0,0,7.5
383.4,13.0,287.2,223.0,0,7.5
384.2,13.0,287.0,223.0,0,7.5
385.4,13.0,287.0,225.6,0,7.5
385.4,13.0,286.4,229.6,0,7.5
384.8,13.0,286.2,224.8,0,7.5
383.8,13.0,286.0,223.0,0,7.5
384.2,13.0,285.4,224.8,0,7.5
385.2,13.0,285.2,229.8,0,7.5
386.8,13.0,286.0,239.2,0,7.5
387.6,13.0,286.6,236.0,0,7.5
386.6,13.0,287.0,226.4,0,7.5
383.8,13.0,286.4,223.0,0,7.5
382.2,13.0,285.0,223.0,0,7.5
381.0,13.0,284.6,223.0,0,7.5
381.0,13.0,285.8,223.0,0,7.5
382.0,13.0,287.0,223.0,0,7.5
382.0,13.0,287.4,223.0,0,7.5
382.8,13.0,288.0,223.0,0,7.5
383.0,13.0,288.0,223.0,0,7.5
383.0,13.0,288.0,223.0,0,7.5
383.0,13.0,287.6,223.0,0,7.5
382.2,13.0,287.4,223.0,0,7.5
383.0,13.0,288.0,223.0,0,7.5
383.8,13.0,289.0,223.0,0,7.5
384.4,13.0,289.8,224.0,0,7.5
384.0,13.0,289.0,223.0,0,7.5
384.0,13.0,288.4,223.0,0,7.5
382.4,13.0,287.0,223.0,0,7.5
383.4,13.0,288.4,226.8,0,7.5
384.2,13.0,288.8,225.6,0,7.5
384.2,13.0,288.8,224.4,0,7.5
384.8,13.0,287.8,224.0,0,7.5
384.2,13.0,286.6,226.6,0,7.5
384.8,13.0,285.8,226.0,0,7.5
382.4,13.0,285.0,223.0,0,7.5
382.6,13.0,284.8,223.0,0,7.5
381.2,13.0,284.4,223.0,0,7.5
381.0,13.0,285.6,223.0,0,7.5
381.4,13.0,286.2,223.0,0,7.5
383.6,13.0,286.2,232.4,0,7.5
385.6,13.0,285.0,238.0,0,7.5
384.2,13.0,283.4,225.2,0,7.5
383.0,13.0,283.0,223.6,0,7.5
383.6,13.0,283.4,223.8,0,7.5
385.8,13.0,284.0,228.0,0,7.5
385.2,13.0,284.8,223.0,0,7.5
383.2,13.0,285.2,223.0,0,7.5
384.0,13.0,286.4,223.0,0,7.5
383.2,13.0,287.0,223.0,0,7.5
384.0,12.8,287.8,223.0,0,7.5
384.6,13.0,288.8,223.6,0,7.5
387.0,13.0,290.0,233.4,0,7.5
388.0,13.0,290.0,239.0,0,7.5
389.2,13.0,289.6,245.0,0,7.5
391.8,13.0,289.0,250.4,0,7.5
392.0,13.0,289.0,248.6,0,7.5
391.4,13.0,290.0,244.0,0,7.5
390.0,13.0,290.0,236.4,0,7.5
388.6,13.0,290.0,231.8,0,7.5
389.0,13.0,289.0,233.6,0,7.5
388.6,13.0,288.2,232.8,0,7.5
388.0,13.0,289.0,227.0,0,7.5
388.0,13.0,289.0,227.4,0,7.5
387.6,13.0,289.0,226.0,0,7.5
388.4,13.0,289.0,232.8,0,7.5
389.0,13.0,289.0,236.4,0,7.5
389.2,13.0,289.0,236.8,0,7.5
390.6,13.0,288.2,243.8,0,7.5
391.0,13.0,288.0,246.4,0,7.5
390.8,13.0,288.2,241.4,0,7.5
388.2,13.0,289.0,227.2,0,7.5
386.0,13.0,287.6,223.0,0,7.5
385.0,13.0,286.6,223.0,0,7.5
385.0,13.0,286.4,223.0,0,7.5
385.0,13.0,287.4,223.0,0,7.5
385.6,13.0,287.8,223.0,0,7.5
385.6,13.0,288.8,223.0,0,7.5
386.0,13.0,289.0,223.0,0,7.5
386.6,13.0,289.0,226.2,0,7.5
387.8,13.0,289.0,230.8,0,7.5
389.8,13.0,289.4,238.8,0,7.5
390.2,13.0,289.8,241.8,0,7.5
391.2,13.0,289.2,244.6,0,7.5
392.0,13.0,289.4,244.8,0,7.5
392.2,13.0,290.0,245.6,0,7.5
392.0,13.0,290.0,245.4,0,7.5
392.0,13.0,289.6,249.0,0,7.5
392.0,13.0,289.0,251.0,0,7.5
392.8,13.0,287.4,253.2,0,7.5
394.0,13.0,285.8,257.2,0,7.5
394.0,13.0,284.2,259.4,0,7.5
394.4,13.4,282.2,258.0,0,7.5
390.8,13.0,281.4,238.4,0,7.5
387.0,13.0,280.8,223.4,0,7.5
385.0,13.0,281.6,223.0,0,7.5
385.2,13.0,283.4,223.4,0,7.5
386.6,13.0,286.0,234.6,0,7.5
389.2,13.0,287.6,243.8,0,7.5
391.6,13.0,288.2,252.2,0,7.5
392.2,13.0,288.8,254.4,0,7.5
392.0,13.2,288.4,254.4,0,7.5
390.4,13.2,289.0,250.6,0,7.5
391.0,13.0,289.0,253.6,0,7.5
391.4,13.2,289.0,251.4,0,7.5
391.0,13.0,289.0,250.8,0,7.5
391.0,13.0,290.0,250.0,0,7.5
392.2,13.0,289.8,253.6,0,7.5
393.4,13.0,289.2,256.8,0,7.5
394.8,13.4,289.0,259.6,0,7.5
395.4,13.8,289.0,261.0,0,7.5
394.6,13.2,289.0,256.4,0,7.5
394.2,13.0,288.4,256.0,0,7.5
395.0,13.6,288.4,256.6,0,7.5
395.8,13.8,289.0,256.2,0,7.5
393.8,13.0,289.0,242.2,0,7.5
394.4,13.0,289.0,249.4,0,7.5
394.8,13.0,289.0,251.6,0,7.5
394.6,13.4,289.0,257.4,0,7.5
395.0,13.4,288.6,257.6,0,7.5
392.8,13.2,288.4,243.4,0,7.5
389.0,13.0,287.4,226.2,0,7.5
383.4,13.0,287.2,223.0,0,7.5
389.6,13.2,289.8,253.2,0,7.5
395.6,14.0,289.2,266.6,0,7.5
397.4,14.0,289.2,269.6,0,7.5
398.6,14.0,290.6,272.0,0,7.5
399.2,14.0,291.6,273.8,0,7.5
400.0,14.0,291.4,275.0,0,7.5
402.8,14.0,290.0,284.4,0,7.5
403.2,14.0,291.6,283.0,0,7.5
403.2,14.0,292.0,285.2,0,7.5
402.2,14.0,292.0,281.4,0,7.5
402.8,14.0,292.0,283.0,0,7.5
402.2,14.0,291.0,281.8,0,7.5
401.8,14.0,291.0,280.0,0,7.5
399.0,14.0,290.8,273.8,0,7.5
398.0,14.0,291.0,273.8,0,7.5
399.6,14.0,290.2,281.8,0,7.5
402.2,14.0,288.6,287.4,0,7.5
404.4,14.0,288.2,294.8,0,7.5
407.0,14.0,290.8,297.4,0,7.5
406.6,14.0,292.2,297.6,0,7.5
405.6,14.0,292.6,291.6,0,7.5
401.2,14.0,291.8,277.8,0,7.5
399.4,14.0,291.0,277.4,0,7.5
401.4,14.0,290.0,285.8,0,7.5
401.4,14.0,290.6,283.6,0,7.5
397.4,14.0,290.2,271.0,0,7.5
396.4,14.0,290.0,270.8,0,7.5
396.6,14.0,290.2,273.0,0,7.5
397.0,14.0,290.0,276.2,0,7.5
399.0,14.0,289.8,282.8,0,7.5
398.8,14.0,289.4,278.6,0,7.5
398.0,14.0,290.0,277.0,0,7.5
398.0,14.0,290.4,276.8,0,7.5
398.4,14.0,290.4,277.6,0,7.5
397.2,14.0,290.0,277.0,0,7.5
398.0,14.0,289.6,277.8,0,7.5
397.4,14.0,290.0,274.2,0,7.5
398.4,14.0,290.0,278.4,0,7.5
399.6,14.0,290.0,280.2,0,7.5
398.0,14.0,289.4,276.6,0,7.5
398.8,14.0,289.0,275.4,0,7.5
397.0,14.0,289.8,269.2,0,7.5
397.8,14.0,290.0,274.4,0,7.5
398.4,14.0,289.8,278.8,0,7.5
399.6,14.0,289.0,280.8,0,7.5
397.4,14.0,290.0,273.2,0,7.5
397.0,14.0,289.6,272.0,0,7.5
397.6,14.0,290.2,273.2,0,7.5
396.8,14.0,290.8,270.0,0,7.5
400.6,14.0,290.0,284.6,0,7.5
401.6,14.0,289.6,288.0,0,7.5
400.0,14.0,287.8,290.8,0,7.5
400.4,14.0,288.8,289.4,0,7.5
400.0,14.0,290.0,285.0,0,7.5
398.0,14.0,289.0,272.8,0,7.5
398.4,14.0,289.0,272.8,0,7.5
398.4,14.0,289.4,273.4,0,7.5
399.8,14.0,290.0,282.2,0,7.5
400.6,14.0,290.0,283.8,0,7.5
398.6,14.0,289.2,273.0,0,7.5
398.0,14.0,289.0,269.4,0,7.5
397.4,14.0,289.2,268.8,0,7.5
398.2,14.0,290.0,271.6,0,7.5
399.0,14.0,290.0,274.2,0,7.5
400.0,14.0,289.8,279.6,0,7.5
400.0,14.0,289.6,278.0,0,7.5
400.0,14.0,290.0,280.0,0,7.5
400.0,14.0,290.0,279.0,0,7.5
400.0,14.0,290.0,279.2,0,7.5
400.0,14.0,290.0,280.4,0,7.5
400.4,14.0,289.0,284.2,0,7.5
400.8,14.0,289.0,283.6,0,7.5
399.8,14.0,289.0,275.8,0,7.5
398.2,14.0,289.2,269.8,0,7.5
398.4,14.0,289.0,270.4,0,7.5
399.0,14.0,289.0,273.0,0,7.5
399.6,14.0,289.4,277.4,0,7.5
400.6,14.0,290.0,278.4,0,7.5
400.0,14.0,289.0,277.2,0,7.5
400.0,14.0,289.0,275.4,0,7.5
400.0,14.0,289.0,276.0,0,7.5
399.8,14.0,290.0,274.6,0,7.5
398.2,14.0,290.0,266.6,0,7.5
398.0,14.0,289.2,267.2,0,7.5
397.2,14.0,289.0,265.0,0,7.5
397.4,14.0,289.0,266.4,0,7.5
397.6,14.0,289.0,266.2,0,7.5
397.0,14.0,289.4,262.0,0,7.5
395.0,13.6,289.6,257.0,0,7.5
395.0,13.4,289.8,253.2,0,7.5
393.4,13.4,289.8,251.6,0,7.5
394.6,13.4,290.0,255.4,0,7.5
394.4,13.4,290.0,256.0,0,7.5
396.0,13.6,289.6,258.8,0,7.5
396.0,14.0,289.0,259.8,0,7.5
394.0,13.4,289.0,254.0,0,7.5
395.4,13.8,289.0,262.0,0,7.5
395.0,13.8,289.0,259.6,0,7.5
395.0,14.0,289.8,261.0,0,7.5
395.6,14.0,290.0,261.4,0,7.5
394.4,13.4,289.6,257.0,0,7.5
395.0,13.4,289.0,259.4,0,7.5
395.4,14.0,289.0,262.2,0,7.5
396.0,14.0,289.2,264.8,0,7.5
396.0,14.0,289.4,264.8,0,7.5
395.4,13.6,289.0,261.6,0,7.5
395.0,13.6,289.0,259.8,0,7.5
395.6,13.8,289.0,261.4,0,7.5
397.6,14.0,289.0,269.0,0,7.5
398.0,14.0,290.0,267.6,0,7.5
397.0,14.0,290.0,264.4,0,7.5
397.0,14.0,290.0,263.0,0,7.5
398.0,14.0,290.0,265.0,0,7.5
397.6,14.0,290.0,266.6,0,7.5
397.0,14.0,289.6,266.6,0,7.5
397.4,14.0,289.4,265.4,0,7.5
394.4,13.4,290.0,253.4,0,7.5
394.2,13.4,290.4,251.6,0,7.5
394.8,13.6,291.0,256.2,0,7.5
395.8,13.6,290.0,258.2,0,7.5
395.0,13.6,290.0,255.4,0,7.5
395.0,13.0,290.0,254.6,0,7.5
395.0,13.8,290.0,256.0,0,7.5
396.2,13.8,289.8,264.2,0,7.5
398.6,14.0,289.0,276.6,0,7.5
400.0,14.0,289.2,280.0,0,7.5
399.8,14.0,289.0,280.0,0,7.5
399.0,14.0,289.0,276.8,0,7.5
398.0,14.0,289.0,272.4,0,7.5
398.0,14.0,289.4,272.0,0,7.5
399.0,14.0,290.6,272.0,0,7.5
399.6,14.0,291.0,274.0,0,7.5
400.8,14.0,291.0,277.2,0,7.5
400.4,14.0,289.6,280.2,0,7.5
401.8,14.0,289.0,284.6,0,7.5
402.0,14.0,289.0,285.0,0,7.5
401.6,14.0,289.6,282.6,0,7.5
402.0,14.0,290.0,284.8,0,7.5
403.0,14.0,290.0,283.8,0,7.5
402.6,14.0,290.8,280.2,0,7.5
401.2,14.0,291.6,276.2,0,7.5
403.6,14.0,291.8,281.0,0,7.5
403.0,14.0,292.6,274.4,0,7.5
401.2,14.0,294.2,269.6,0,7.5
402.2,14.0,295.0,272.6,0,7.5
403.4,14.0,293.6,275.0,0,7.5
404.8,14.0,293.0,281.6,0,7.5
406.0,14.0,292.2,287.0,0,7.5
406.0,14.0,291.4,285.8,0,7.5
405.4,14.0,291.0,280.6,0,7.5
404.0,14.0,291.0,278.0,0,7.5
404.0,14.0,291.0,279.4,0,7.5
405.0,14.0,290.0,285.6,0,7.5
405.2,14.0,290.0,286.6,0,7.5
406.2,14.0,291.0,290.8,0,7.5
404.2,14.0,291.8,278.8,0,7.5
403.0,14.0,291.4,275.2,0,7.5
403.0,14.0,290.6,277.2,0,7.5
403.8,14.0,290.2,279.6,0,7.5
402.8,14.0,291.6,266.8,0,7.5
400.4,14.0,292.0,258.4,0,7.5
401.2,14.0,292.0,263.8,0,7.5
402.0,14.0,291.0,268.6,0,7.5
402.6,14.0,291.0,271.8,0,7.5
406.2,14.0,290.4,294.0,0,7.5
406.4,14.0,291.0,293.6,0,7.5
406.0,14.0,290.8,294.2,0,7.5
409.0,14.2,290.0,301.4,0,7.5
410.8,14.2,289.8,303.2,0,7.5
408.0,14.0,290.0,294.8,0,7.5
403.0,14.0,290.0,273.4,0,7.5
403.8,14.0,290.0,283.6,0,7.5
405.4,14.0,289.2,292.4,0,7.5
405.4,14.0,289.0,291.8,0,7.5
409.6,14.2,289.4,303.4,0,7.5
411.8,14.8,290.6,308.2,0,7.5
410.8,14.2,291.4,302.4,0,7.5
408.0,14.0,291.8,296.2,0,7.5
408.0,14.0,291.0,295.8,0,7.5
406.8,14.0,291.0,290.8,0,7.5
406.8,14.0,291.0,293.2,0,7.5
405.4,14.0,291.8,288.2,0,7.5
405.4,14.0,292.0,287.6,0,7.5
404.2,14.0,292.0,284.6,0,7.5
405.0,14.0,292.0,287.8,0,7.5
405.6,14.0,291.6,290.8,0,7.5
406.0,14.0,291.0,290.8,0,7.5
405.0,14.0,291.0,285.4,0,7.5
405.4,14.0,292.0,288.2,0,7.5
405.4,14.0,292.0,285.2,0,7.5
405.0,14.0,292.0,283.4,0,7.5
405.6,14.0,292.0,289.0,0,7.5
406.6,14.0,291.8,293.2,0,7.5
409.2,14.0,290.4,302.0,0,7.5
410.0,14.0,289.8,301.4,0,7.5
407.2,14.0,289.2,289.0,0,7.5
406.0,14.0,289.0,291.8,0,7.5
407.0,14.0,289.8,294.0,0,7.5
408.4,14.2,291.0,301.4,0,7.5
411.0,14.4,291.0,304.6,0,7.5
407.8,14.0,290.4,294.6,0,7.5
407.2,14.0,290.0,292.4,0,7.5
403.4,14.0,290.0,282.8,0,7.5
401.6,14.0,290.4,273.2,0,7.5
400.8,14.0,291.0,268.0,0,7.5
400.2,14.0,291.0,267.4,0,7.5
402.6,14.0,291.0,273.8,0,7.5
400.8,14.0,291.0,264.8,0,7.5
398.0,13.8,291.0,260.6,0,7.5
400.2,14.0,291.0,267.8,0,7.5
401.0,14.0,291.0,267.2,0,7.5
401.8,14.0,291.0,270.4,0,7.5
400.4,14.0,291.4,264.4,0,7.5
399.8,14.0,292.0,262.2,0,7.5
400.8,14.0,291.2,269.2,0,7.5
401.0,14.0,290.6,269.6,0,7.5
402.0,14.0,290.6,273.4,0,7.5
402.2,14.0,291.0,273.6,0,7.5
403.0,14.0,292.0,277.2,0,7.5
403.0,14.0,292.0,280.6,0,7.5
404.2,14.0,292.0,285.0,0,7.5
404.4,14.0,292.0,285.8,0,7.5
404.6,14.0,292.2,285.8,0,7.5
406.8,14.0,292.0,292.2,0,7.5
404.6,14.0,292.0,284.2,0,7.5
403.0,14.0,291.6,271.6,0,7.5
399.6,14.0,291.0,258.4,0,7.5
400.0,14.0,291.0,262.2,0,7.5
400.2,14.0,291.0,261.8,0,7.5
399.8,13.8,291.0,262.4,0,7.5
400.0,14.0,291.0,261.2,0,7.5
397.6,13.8,291.0,253.2,0,7.5
394.4,13.0,290.4,228.4,0,7.5
393.0,13.0,290.0,224.6,0,7.5
393.8,13.0,290.0,234.4,0,7.5
394.8,13.0,290.0,244.8,0,7.5
396.2,13.4,290.2,242.2,0,7.5
394.0,13.0,290.0,227.0,0,7.5
392.8,13.0,290.0,224.0,0,7.5
391.8,13.0,290.6,227.0,0,7.5
393.8,13.0,291.8,238.6,0,7.5
394.6,13.0,291.6,241.4,0,7.5
394.4,13.0,290.2,244.8,0,7.5
396.0,13.2,290.2,254.0,0,7.5
396.4,13.0,290.0,256.2,0,7.5
396.0,13.2,290.4,250.0,0,7.5
394.8,13.0,290.4,233.6,0,7.5
392.2,13.0,290.8,225.0,0,7.5
393.0,13.0,291.2,227.0,0,7.5
392.6,13.0,292.0,223.0,0,7.5
390.6,13.0,291.0,223.0,0,7.5
390.0,13.0,290.8,223.0,0,7.5
390.2,13.0,290.2,223.0,0,7.5
390.0,13.0,290.6,223.0,0,7.5
390.4,13.0,290.4,223.0,0,7.5
391.0,13.0,291.0,223.0,0,7.5
391.0,13.0,290.6,225.2,0,7.5
392.0,13.0,290.8,226.0,0,7.5
392.6,13.0,290.0,236.4,0,7.5
394.2,13.0,289.8,243.8,0,7.5
394.0,13.0,289.0,238.8,0,7.5
394.6,13.0,289.0,244.6,0,7.5
393.8,13.0,289.0,234.0,0,7.5
394.0,13.0,289.0,240.6,0,7.5
394.6,13.2,289.6,243.4,0,7.5
396.6,14.0,290.0,257.0,0,7.5
396.6,13.4,290.4,253.8,0,7.5
396.0,13.2,291.0,250.4,0,7.5
395.4,13.0,291.0,240.8,0,7.5
393.2,13.0,291.0,223.4,0,7.5
393.0,13.0,291.0,223.0,0,7.5
393.0,13.0,291.4,223.0,0,7.5
393.2,13.0,292.0,227.4,0,7.5
394.0,13.0,292.0,233.4,0,7.5
394.8,13.0,292.0,237.4,0,7.5
395.0,13.0,293.0,239.4,0,7.5
394.6,13.0,293.0,234.6,0,7.5
394.0,13.0,293.0,228.2,0,7.5
393.6,13.0,292.2,223.0,0,7.5
393.6,13.0,291.8,223.6,0,7.5
393.6,13.0,290.6,231.0,0,7.5
394.0,13.0,290.8,225.0,0,7.5
394.8,13.0,290.0,236.0,0,7.5
395.0,13.0,290.6,234.8,0,7.5
395.8,13.0,291.0,237.0,0,7.5
396.0,13.0,291.0,235.6,0,7.5
396.0,13.0,291.0,236.0,0,7.5
396.0,13.0,291.0,238.4,0,7.5
396.6,13.0,290.2,242.0,0,7.5
396.6,13.0,290.0,238.2,0,7.5
395.0,13.0,290.0,223.6,0,7.5
394.8,13.0,290.0,223.0,0,7.5
392.6,13.0,290.8,223.0,0,7.5
391.4,13.0,292.0,223.0,0,7.5
392.4,13.0,291.8,224.0,0,7.5
395.0,13.0,291.4,237.8,0,7.5
394.0,13.0,292.6,226.2,0,7.5
395.2,13.0,291.8,237.6,0,7.5
395.8,13.0,291.0,239.6,0,7.5
396.0,13.0,290.2,238.4,0,7.5
394.2,13.0,290.0,223.0,0,7.5
394.0,13.0,289.6,223.0,0,7.5
394.0,13.0,289.0,223.6,0,7.5
394.8,13.0,289.0,232.6,0,7.5
394.2,13.0,290.4,223.2,0,7.5
394.0,13.0,291.0,223.0,0,7.5
393.2,13.0,291.0,223.0,0,7.5
393.6,13.0,291.0,223.0,0,7.5
394.0,13.0,289.8,223.0,0,7.5
394.2,13.0,289.0,223.0,0,7.5
394.8,13.0,289.2,227.0,0,7.5
394.4,13.0,289.6,224.2,0,7.5
392.6,13.0,290.0,223.0,0,7.5
392.8,13.0,290.4,223.0,0,7.5
393.6,13.0,290.0,223.2,0,7.5
393.8,13.0,289.8,228.6,0,7.5
393.2,13.0,289.2,223.8,0,7.5
393.6,13.0,290.0,223.2,0,7.5
393.0,13.0,290.0,223.0,0,7.5
392.4,13.0,290.4,223.0,0,7.5
393.8,13.0,290.0,233.0,0,7.5
395.0,13.0,289.0,242.6,0,7.5
395.0,13.0,289.4,244.4,0,7.5
391.0,13.0,290.0,224.4,0,7.5
389.8,13.0,291.2,223.0,0,7.5
385.0,13.0,290.2,223.0,0,7.5
377.2,13.0,289.4,223.0,0,7.5
383.8,13.0,284.4,223.0,0,7.5
390.6,13.0,283.8,223.0,0,7.5
390.2,13.0,286.2,223.0,0,7.5
391.4,13.0,287.6,223.0,0,7.5
392.4,13.0,289.6,232.0,0,7.5
394.0,13.0,290.0,240.6,0,7.5
394.4,13.0,290.0,243.6,0,7.5
394.4,13.0,289.4,245.0,0,7.5
395.4,13.2,288.4,255.0,0,7.5
396.0,13.4,289.0,257.4,0,7.5
396.8,13.6,289.0,256.0,0,7.5
395.0,13.0,289.0,244.4,0,7.5
394.0,13.0,288.0,239.8,0,7.5
394.2,13.0,287.4,244.6,0,7.5
395.4,13.0,287.0,255.6,0,7.5
395.4,13.4,287.0,255.0,0,7.5
395.2,13.0,288.0,251.4,0,7.5
392.4,13.0,288.0,228.8,0,7.5
393.0,13.0,288.4,233.4,0,7.5
393.8,13.0,287.6,240.0,0,7.5
394.2,13.0,287.0,243.4,0,7.5
394.4,13.0,285.2,248.8,0,7.5
393.8,13.0,286.0,244.2,0,7.5
393.0,13.0,286.0,239.8,0,7.5
393.0,13.0,286.8,242.8,0,7.5
393.0,13.0,287.0,239.2,0,7.5
393.2,13.0,287.0,240.0,0,7.5
391.6,13.0,287.0,229.2,0,7.5
394.0,13.0,286.6,248.4,0,7.5
395.6,13.4,286.6,256.6,0,7.5
396.0,13.0,287.0,254.2,0,7.5
396.0,13.6,287.2,254.4,0,7.5
397.0,13.4,288.0,257.4,0,7.5
396.6,13.0,287.4,254.6,0,7.5
395.0,13.0,287.0,248.2,0,7.5
394.4,13.0,287.0,249.0,0,7.5
395.6,13.0,288.0,250.2,0,7.5
395.2,13.0,288.0,249.0,0,7.5
394.2,13.0,287.4,239.6,0,7.5
394.6,13.0,287.8,244.8,0,7.5
396.0,13.2,288.0,253.8,0,7.5
396.4,13.4,288.0,252.8,0,7.5
396.4,13.2,287.4,252.8,0,7.5
396.4,13.2,287.0,252.6,0,7.5
396.4,13.2,287.0,252.6,0,7.5
398.0,13.8,287.0,256.6,0,7.5
396.2,13.0,287.0,247.6,0,7.5
395.2,13.0,287.0,242.6,0,7.5
394.6,13.0,287.4,242.6,0,7.5
395.2,13.0,288.0,247.0,0,7.5
396.8,13.2,288.0,250.4,0,7.5
394.8,13.0,287.8,237.0,0,7.5
393.4,13.0,287.8,232.6,0,7.5
395.4,13.0,287.4,242.2,0,7.5
395.8,13.0,287.0,241.4,0,7.5
393.4,13.0,287.0,226.4,0,7.5
391.6,13.0,287.2,223.0,0,7.5
389.8,13.0,287.4,223.0,0,7.5
389.4,13.0,288.2,223.0,0,7.5
390.6,13.0,287.6,223.6,0,7.5
392.0,13.0,287.6,234.2,0,7.5
392.8,13.0,288.0,232.6,0,7.5
392.6,13.0,288.0,238.4,0,7.5
393.2,13.0,288.0,234.2,0,7.5
392.0,13.0,288.0,223.0,0,7.5
392.0,13.0,288.0,223.0,0,7.5
392.0,13.0,286.6,223.0,0,7.5
392.0,13.0,287.0,223.8,0,7.5
392.0,13.0,287.0,223.0,0,7.5
392.0,13.0,287.4,223.4,0,7.5
392.2,13.0,288.0,227.4,0,7.5
392.0,13.0,288.0,224.6,0,7.5
392.0,13.0,288.4,223.4,0,7.5
392.0,13.0,289.0,224.0,0,7.5
392.0,13.0,288.8,223.4,0,7.5
391.4,13.0,289.8,223.0,0,7.5
390.8,13.0,291.2,224.2,0,7.5
391.8,13.0,291.8,232.6,0,7.5
393.2,13.0,292.0,240.2,0,7.5
393.6,13.0,292.4,243.8,0,7.5
394.0,13.0,293.0,245.4,0,7.5
392.4,13.0,293.0,231.6,0,7.5
391.0,13.0,293.0,223.0,0,7.5
391.0,13.0,292.8,223.0,0,7.5
391.0,13.0,292.0,223.0,0,7.5
391.0,13.0,292.0,223.0,0,7.5
390.4,13.0,292.0,223.0,0,7.5
391.0,13.0,291.4,223.0,0,7.5
391.0,13.0,291.8,223.0,0,7.5
389.8,13.0,291.4,223.0,0,7.5
390.4,13.0,292.6,223.0,0,7.5
391.0,13.0,292.0,223.2,0,7.5
392.0,13.0,291.2,228.2,0,7.5
392.2,13.0,291.0,226.6,0,7.5
393.0,13.0,290.8,230.8,0,7.5
393.4,13.0,290.0,234.2,0,7.5
393.6,13.0,290.0,237.8,0,7.5
393.8,13.0,289.2,241.6,0,7.5
394.0,13.0,289.4,239.2,0,7.5
392.4,13.0,290.0,224.8,0,7.5
391.2,13.0,290.0,223.0,0,7.5
390.6,13.0,290.2,223.0,0,7.5
391.0,13.0,291.0,223.0,0,7.5
391.4,13.0,291.0,223.0,0,7.5
392.0,13.0,291.0,223.0,0,7.5
392.0,13.0,291.0,224.8,0,7.5
393.0,13.0,290.4,224.4,0,7.5
393.0,13.0,290.8,223.0,0,7.5
392.8,13.0,290.6,223.0,0,7.5
392.8,13.0,291.0,223.0,0,7.5
392.6,13.0,291.0,223.0,0,7.5
392.6,13.0,290.8,223.0,0,7.5
392.4,13.0,290.0,223.0,0,7.5
392.8,13.0,290.0,223.0,0,7.5
393.0,13.0,290.8,223.0,0,7.5
393.0,13.0,291.0,223.0,0,7.5
393.0,13.0,291.0,223.0,0,7.5
392.6,13.0,290.4,223.0,0,7.5
392.4,13.0,291.0,223.0,0,7.5
392.8,13.0,291.0,223.0,0,7.5
393.0,13.0,290.8,223.0,0,7.5
393.2,13.0,290.2,228.2,0,7.5
394.6,13.0,290.8,242.4,0,7.5
396.0,13.0,290.8,246.0,0,7.5
395.4,13.0,291.0,243.0,0,7.5
395.0,13.0,291.0,240.4,0,7.5
395.0,13.0,291.0,243.4,0,7.5
396.4,13.2,291.0,243.8,0,7.5
395.0,13.0,290.6,239.2,0,7.5
394.6,13.0,290.0,235.0,0,7.5
392.8,13.0,290.2,223.0,0,7.5
390.6,13.0,291.6,223.0,0,7.5
386.6,13.0,292.0,223.0,0,7.5
387.6,13.0,291.8,223.0,0,7.5
386.0,13.0,291.2,223.0,0,7.5
386.2,13.0,290.4,223.0,0,7.5
389.0,13.0,290.0,223.0,0,7.5
389.8,13.0,290.6,223.0,0,7.5
387.6,13.0,291.2,223.0,0,7.5
385.8,13.0,290.8,223.0,0,7.5
385.0,13.0,290.0,223.0,0,7.5
386.0,13.0,290.4,223.0,0,7.5
386.0,13.0,290.0,223.0,0,7.5
386.2,13.0,289.4,223.0,0,7.5
387.8,13.0,289.0,223.0,0,7.5
389.0,13.0,289.6,223.0,0,7.5
389.6,13.0,289.8,223.0,0,7.5
390.0,13.0,290.6,223.0,0,7.5
390.0,13.0,290.6,223.0,0,7.5
389.2,13.0,290.0,223.0,0,7.5
390.0,13.0,290.0,223.0,0,7.5
389.2,13.0,290.0,223.0,0,7.5
388.4,13.0,289.4,223.0,0,7.5
386.8,13.0,289.8,223.0,0,7.5
387.8,13.0,289.4,223.0,0,7.5
388.2,13.0,289.4,223.0,0,7.5
388.0,13.0,289.8,223.0,0,7.5
388.2,13.0,290.0,223.0,0,7.5
388.4,13.0,290.8,223.0,0,7.5
388.4,13.0,290.2,223.0,0,7.5
388.6,13.0,290.0,223.0,0,7.5
388.6,13.0,289.2,223.0,0,7.5
389.0,13.0,289.0,223.0,0,7.5
388.2,13.0,289.4,223.0,0,7.5
385.2,13.0,289.0,223.0,0,7.5
385.4,13.0,288.8,223.0,0,7.5
385.8,13.0,289.0,223.0,0,7.5
385.2,13.0,289.0,223.0,0,7.5
384.8,13.0,289.4,223.0,0,7.5
385.2,13.0,289.0,223.0,0,7.5
386.0,13.0,288.6,223.0,0,7.5
386.0,13.0,289.0,223.0,0,7.5
386.0,13.0,290.0,223.0,0,7.5
386.4,13.0,289.2,223.0,0,7.5
387.2,13.0,289.6,223.0,0,7.5
387.0,13.0,290.0,223.0,0,7.5
387.6,13.0,289.2,223.0,0,7.5
388.0,13.0,289.0,223.0,0,7.5
388.4,13.0,289.0,223.0,0,7.5
388.0,13.0,289.0,223.0,0,7.5
387.0,13.0,288.8,223.0,0,7.5
387.0,13.0,287.6,223.0,0,7.5
386.8,13.0,288.4,223.0,0,7.5
386.2,13.0,288.8,223.0,0,7.5
385.6,13.0,289.0,223.0,0,7.5
382.6,13.0,288.2,223.0,0,7.5
384.0,13.0,288.6,223.0,0,7.5
384.8,13.0,287.4,223.0,0,7.5
385.2,13.0,288.0,223.0,0,7.5
385.6,13.0,288.0,223.0,0,7.5
386.4,13.0,285.6,223.0,0,7.5
385.6,13.0,286.0,223.0,0,7.5
386.0,13.0,286.2,223.0,0,7.5
386.8,13.0,287.2,223.0,0,7.5
386.4,13.0,288.8,223.0,0,7.5
387.0,13.0,289.2,223.0,0,7.5
387.6,13.0,287.8,223.0,0,7.5
388.0,13.0,287.6,223.0,0,7.5
388.4,13.0,288.6,223.0,0,7.5
389.0,13.0,289.2,223.0,0,7.5
388.8,13.0,290.8,223.0,0,7.5
389.4,13.0,292.6,223.0,0,7.5
388.8,13.0,294.0,223.0,0,7.5
388.4,13.0,294.0,223.0,0,7.5
386.4,13.0,291.6,223.0,0,7.5
389.2,13.0,288.4,223.0,0,7.5
388.0,13.0,289.0,223.0,0,7.5
388.0,13.0,291.0,223.0,0,7.5
388.0,13.0,291.4,223.0,0,7.5
389.6,13.0,292.4,223.0,0,7.5
389.6,13.0,294.0,223.0,0,7.5
389.8,13.0,294.0,223.0,0,7.5
390.6,13.0,294.2,223.0,0,7.5
391.0,13.0,295.2,223.0,0,7.5
391.4,13.0,296.0,223.0,0,7.5
390.4,13.0,296.0,223.0,0,7.5
390.6,13.0,295.0,223.0,0,7.5
392.4,13.0,292.8,232.6,0,7.5
394.0,13.0,291.0,245.8,0,7.5
394.2,13.0,290.2,251.6,0,7.5
395.2,13.0,289.0,249.8,0,7.5
393.0,13.0,289.2,229.8,0,7.5
390.8,13.0,291.2,223.0,0,7.5
390.2,13.0,292.0,223.0,0,7.5
390.0,13.0,292.0,223.0,0,7.5
391.2,13.0,291.6,224.8,0,7.5
394.0,13.0,289.0,248.2,0,7.5
397.0,13.6,288.8,259.0,0,7.5
397.8,13.8,289.6,257.4,0,7.5
401.8,14.0,290.0,265.2,0,7.5
398.4,13.6,290.8,256.6,0,7.5
398.4,14.0,291.4,256.0,0,7.5
399.2,14.0,292.0,260.0,0,7.5
399.4,14.0,291.6,264.6,0,7.5
399.4,14.0,291.0,264.4,0,7.5
397.2,13.6,291.6,258.6,0,7.5
397.4,13.6,292.0,254.4,0,7.5
397.6,13.8,291.6,258.0,0,7.5
398.0,14.0,291.2,261.4,0,7.5
398.8,14.0,290.8,262.4,0,7.5
398.0,13.8,290.8,260.0,0,7.5
398.6,14.0,290.0,262.2,0,7.5
400.2,14.0,289.2,266.4,0,7.5
402.0,14.0,289.0,272.0,0,7.5
402.0,14.0,288.4,272.8,0,7.5
401.0,14.0,288.8,266.2,0,7.5
397.2,13.2,290.0,251.8,0,7.5
396.0,13.0,291.0,248.6,0,7.5
396.0,13.4,291.4,250.4,0,7.5
396.6,13.4,291.2,250.2,0,7.5
395.0,13.2,292.0,247.2,0,7.5
399.0,14.0,291.8,260.4,0,7.5
402.6,14.0,291.2,276.0,0,7.5
404.4,14.0,291.6,279.4,0,7.5
405.0,14.0,292.8,282.4,0,7.5
405.0,14.0,293.0,282.2,0,7.5
407.0,14.0,292.0,287.6,0,7.5
406.4,14.0,292.6,284.8,0,7.5
404.8,14.0,292.8,283.0,0,7.5
407.6,14.0,291.6,288.4,0,7.5
412.4,14.6,289.0,302.4,0,7.5
414.6,14.6,288.8,305.2,0,7.5
414.2,14.4,289.4,304.4,0,7.5
409.8,14.0,290.6,294.2,0,7.5
410.6,14.0,290.6,299.0,0,7.5
413.2,14.4,289.4,305.8,0,7.5
416.8,15.0,288.8,314.6,0,7.5
417.0,15.0,289.0,315.2,0,7.5
417.8,15.0,288.0,317.4,0,7.5
417.0,15.0,289.0,312.6,0,7.5
416.0,14.8,290.0,310.8,0,7.5
414.6,14.4,289.6,305.4,0,7.5
415.0,14.8,289.0,307.4,0,7.5
416.0,14.6,288.2,307.2,0,7.5
413.2,14.0,287.4,298.6,0,7.5
413.6,14.2,286.2,303.8,0,7.5
416.8,15.0,285.2,315.6,0,7.5
418.8,15.0,285.8,320.4,0,7.5
420.0,15.0,286.6,321.4,0,7.5
418.8,14.8,288.2,315.6,0,7.5
411.2,14.2,289.2,288.2,0,7.5
405.0,14.0,289.8,272.4,0,7.5
409.8,14.0,290.0,288.6,0,7.5
407.8,14.0,289.8,275.0,0,7.5
406.4,14.0,288.0,265.0,0,7.5
402.2,13.4,287.0,247.6,0,7.5
402.2,13.0,284.8,248.0,0,7.5
401.8,13.2,284.0,253.0,0,7.5
406.4,14.0,284.6,277.0,0,7.5
405.2,14.0,286.6,269.8,0,7.5
404.6,14.0,287.0,273.8,0,7.5
403.6,14.0,287.0,268.2,0,7.5
406.6,14.0,287.0,279.8,0,7.5
401.0,13.6,287.0,245.4,0,7.5
395.4,13.0,287.8,237.4,0,7.5
401.4,14.0,289.0,267.8,0,7.5
405.0,14.0,289.6,281.6,0,7.5
405.8,14.0,290.8,283.8,0,7.5
406.0,14.0,290.8,285.0,0,7.5
409.8,14.0,288.8,296.4,0,7.5
412.4,14.0,288.0,301.8,0,7.5
412.8,14.0,287.2,302.6,0,7.5
413.8,14.4,287.0,305.2,0,7.5
412.6,14.0,288.0,303.0,0,7.5
410.6,14.0,288.4,294.4,0,7.5
406.4,14.0,289.4,280.8,0,7.5
406.0,14.0,290.8,280.4,0,7.5
403.6,14.0,291.0,265.2,0,7.5
401.2,14.0,291.0,256.8,0,7.5
400.4,13.6,291.2,246.2,0,7.5
396.0,13.0,291.8,229.2,0,7.5
397.2,13.0,292.0,241.8,0,7.5
400.0,13.8,292.6,255.8,0,7.5
399.8,13.6,292.0,254.4,0,7.5
400.2,13.8,292.4,255.4,0,7.5
400.2,13.8,292.8,260.8,0,7.5
406.6,14.0,292.4,281.2,0,7.5
410.0,14.0,292.0,294.2,0,7.5
416.2,15.0,292.2,308.6,0,7.5
415.0,15.0,293.0,302.8,0,7.5
415.6,15.0,293.6,306.6,0,7.5
417.4,15.0,294.2,310.0,0,7.5
415.6,14.6,295.0,305.0,0,7.5
415.4,15.0,295.4,304.2,0,7.5
415.2,15.0,296.0,305.8,0,7.5
416.0,15.0,295.6,307.4,0,7.5
416.4,15.0,295.4,306.6,0,7.5
417.2,15.0,294.4,306.8,0,7.5
412.0,14.0,295.4,295.0,0,7.5
411.2,14.2,295.8,296.8,0,7.5
416.0,15.0,294.4,308.2,0,7.5
414.2,15.0,295.0,302.8,0,7.5
411.0,14.0,295.0,293.4,0,7.5
407.8,14.0,294.2,279.8,0,7.5
406.2,14.0,292.8,272.0,0,7.5
406.4,14.0,292.2,273.2,0,7.5
411.0,14.0,291.2,294.8,0,7.5
412.6,14.4,292.0,303.2,0,7.5
417.6,15.0,293.0,319.4,0,7.5
420.6,15.0,294.0,322.6,0,7.5
420.0,15.0,294.8,321.6,0,7.5
420.0,15.0,295.4,321.2,0,7.5
420.8,15.0,296.0,324.2,0,7.5
422.6,15.0,294.6,326.2,0,7.5
422.2,15.0,292.4,326.4,0,7.5
419.8,15.0,289.2,320.6,0,7.5
418.0,15.0,286.8,321.4,0,7.5
419.0,15.0,286.0,326.4,0,7.5
425.2,15.0,286.4,345.8,0,7.5
428.8,15.0,289.2,350.6,0,7.5
427.6,15.2,292.0,350.6,0,7.5
427.2,15.0,293.4,350.4,0,7.5
426.6,15.0,294.6,348.6,0,7.5
426.6,15.0,295.6,345.4,0,7.5
425.6,15.0,296.6,340.4,0,7.5
424.2,15.0,297.8,339.2,0,7.5
425.6,15.0,299.8,345.4,0,7.5
428.0,15.2,301.2,353.4,0,7.5
434.2,16.0,301.8,366.4,0,7.5
437.0,16.0,303.0,368.8,0,7.5
436.4,16.0,303.4,367.0,0,7.5
438.8,16.0,301.2,370.8,0,7.5
439.4,16.0,301.4,373.2,0,7.5
441.8,16.0,302.0,377.6,0,7.5
442.2,16.0,302.8,375.6,0,7.5
434.0,15.6,301.6,348.8,0,7.5
426.8,15.0,298.0,332.2,0,7.5
424.4,15.0,295.6,331.2,0,7.5
427.2,15.0,295.0,341.2,0,7.5
429.6,15.0,296.0,346.4,0,7.5
430.0,15.0,296.2,346.6,0,7.5
430.4,15.2,296.0,347.4,0,7.5
429.2,15.0,295.2,342.4,0,7.5
425.2,15.0,294.4,328.8,0,7.5
420.2,15.0,294.0,313.4,0,7.5
420.4,15.0,294.0,315.2,0,7.5
422.6,15.0,294.2,322.8,0,7.5
424.0,15.0,296.0,326.4,0,7.5
423.8,15.0,297.6,326.4,0,7.5
423.8,15.0,300.0,326.8,0,7.5
423.4,15.0,301.2,324.0,0,7.5
426.0,15.0,302.0,331.0,0,7.5
426.6,15.0,302.0,330.8,0,7.5
425.6,15.0,302.2,327.2,0,7.5
424.2,15.0,303.0,323.2,0,7.5
422.8,15.0,303.0,318.0,0,7.5
422.0,15.0,303.0,318.8,0,7.5
417.2,14.8,302.8,295.8,0,7.5
412.0,14.0,302.4,280.8,0,7.5
410.0,14.0,301.8,267.4,0,7.5
405.6,14.0,302.0,250.6,0,7.5
406.0,14.0,302.8,257.4,0,7.5
405.6,14.0,303.8,261.6,0,7.5
406.2,14.0,303.4,269.8,0,7.5
410.8,14.0,302.4,288.6,0,7.5
415.0,15.0,299.8,301.0,0,7.5
417.2,15.0,300.0,307.0,0,7.5
419.6,15.0,299.0,316.6,0,7.5
421.6,15.0,297.2,321.0,0,7.5
423.8,15.0,295.6,327.2,0,7.5
427.0,15.0,294.0,337.4,0,7.5
429.4,15.0,296.2,342.6,0,7.5
430.0,15.0,299.0,343.6,0,7.5
428.6,15.0,300.6,342.4,0,7.5
428.4,15.0,302.0,345.6,0,7.5
430.6,16.0,300.2,356.0,0,7.5
431.4,15.8,300.4,358.0,0,7.5
432.0,16.0,300.4,358.6,0,7.5
432.6,16.0,298.6,362.0,0,7.5
433.8,16.0,295.0,369.2,0,7.5
435.0,16.0,291.6,374.2,0,7.5
435.8,16.0,291.6,375.4,0,7.5
433.2,16.0,294.0,369.2,0,7.5
430.0,16.0,298.2,360.4,0,7.5
430.6,16.0,299.2,365.4,0,7.5
432.8,16.0,298.6,370.8,0,7.5
433.6,16.0,299.0,373.8,0,7.5
434.0,16.0,298.0,375.0,0,7.5
434.0,16.0,298.0,375.6,0,7.5
434.6,16.0,298.2,376.8,0,7.5
434.2,16.0,299.0,374.0,0,7.5
433.4,16.0,297.8,371.8,0,7.5
433.2,16.0,297.0,373.0,0,7.5
433.4,16.0,297.0,373.2,0,7.5
433.4,16.0,298.8,370.8,0,7.5
433.0,16.0,300.0,370.4,0,7.5
434.4,16.0,299.4,375.2,0,7.5
435.2,16.0,299.8,375.8,0,7.5
432.8,16.0,302.2,363.8,0,7.5
433.2,16.0,303.0,370.0,0,7.5
435.0,16.0,300.0,377.8,0,7.5
436.4,16.0,297.8,381.2,0,7.5
438.0,16.0,296.2,383.2,0,7.5
437.6,16.0,297.6,382.4,0,7.5
437.6,16.0,298.0,382.6,0,7.5
437.2,16.0,297.2,379.8,0,7.5
436.2,16.0,298.4,377.2,0,7.5
432.8,16.0,302.6,362.6,0,7.5
428.0,15.0,304.4,347.0,0,7.5
431.0,16.0,302.6,365.0,0,7.5
433.0,16.0,299.0,372.0,0,7.5
432.6,16.0,297.6,373.6,0,7.5
434.0,16.0,296.6,376.0,0,7.5
432.4,16.0,296.4,370.6,0,7.5
431.2,16.0,298.8,362.2,0,7.5
429.8,16.0,302.4,357.2,0,7.5
432.4,16.0,303.2,366.0,0,7.5
434.2,16.0,301.2,375.0,0,7.5
435.8,16.0,298.2,380.2,0,7.5
434.6,16.0,298.0,373.2,0,7.5
433.0,16.0,299.4,366.2,0,7.5
430.8,16.0,302.0,361.0,0,7.5
435.4,16.0,302.2,379.0,0,7.5
442.8,16.0,298.6,394.6,0,7.5
443.4,16.0,296.0,394.6,0,7.5
440.8,16.0,296.0,386.8,0,7.5
437.2,16.0,296.2,383.6,0,7.5
440.2,16.0,296.2,391.6,0,7.5
442.2,16.0,297.0,394.0,0,7.5
440.8,16.0,298.0,391.4,0,7.5
440.4,16.0,298.0,390.6,0,7.5
442.0,16.0,298.0,394.0,0,7.5
442.4,16.0,298.0,394.8,0,7.5
441.6,16.0,297.6,393.0,0,7.5
442.0,16.0,297.0,394.4,0,7.5
443.8,16.0,296.6,397.2,0,7.5
446.0,16.0,296.6,400.4,0,7.5
445.0,16.0,298.8,395.8,0,7.5
441.8,16.0,300.4,391.2,0,7.5
443.4,16.0,298.4,393.8,0,7.5
443.0,16.0,297.2,392.2,0,7.5
444.4,16.0,297.6,396.6,0,7.5
444.0,16.0,300.8,394.0,0,7.5
442.0,16.0,303.0,387.4,0,7.5
441.2,16.0,304.6,386.8,0,7.5
442.0,16.0,304.0,387.4,0,7.5
442.0,16.0,304.2,387.0,0,7.5
437.4,16.0,305.6,370.2,0,7.5
431.8,16.0,306.8,360.0,0,7.5
432.2,16.0,305.4,357.4,0,7.5
427.0,15.0,305.0,342.6,0,7.5
424.2,15.0,304.0,329.6,0,7.5
415.2,14.8,303.8,294.0,0,7.5
409.2,14.0,303.8,275.4,0,7.5
410.0,14.2,304.2,285.0,0,7.5
414.8,15.0,305.2,303.4,0,7.5
417.6,15.0,305.4,311.0,0,7.5
420.2,15.0,305.2,319.6,0,7.5
422.2,15.0,301.4,330.4,0,7.5
422.4,15.0,297.0,333.4,0,7.5
421.2,15.0,296.0,334.2,0,7.5
419.0,15.0,300.4,320.2,0,7.5
415.6,15.0,302.8,312.0,0,7.5
417.4,15.0,300.6,317.4,0,7.5
418.6,15.0,299.0,320.2,0,7.5
417.6,15.0,300.6,308.6,0,7.5
413.0,14.6,303.6,289.6,0,7.5
411.2,14.2,305.0,281.6,0,7.5
411.4,14.2,304.6,286.2,0,7.5
413.0,14.0,302.4,290.8,0,7.5
412.0,14.2,300.2,286.8,0,7.5
411.2,14.0,298.6,290.0,0,7.5
412.6,14.6,298.0,297.0,0,7.5
411.6,14.0,299.6,286.6,0,7.5
409.2,14.0,301.8,277.0,0,7.5
408.8,14.0,302.0,275.0,0,7.5
405.8,14.0,300.0,264.2,0,7.5
405.0,14.0,297.6,262.0,0,7.5
402.8,14.0,298.8,247.4,0,7.5
402.6,14.0,299.0,245.8,0,7.5
402.8,14.0,299.0,251.6,0,7.5
404.0,14.0,299.2,258.4,0,7.5
404.6,14.0,300.8,262.8,0,7.5
406.2,14.2,301.0,279.4,0,7.5
409.8,14.4,300.2,299.0,0,7.5
412.8,15.0,300.0,309.2,0,7.5
411.6,14.8,300.8,300.8,0,7.5
405.2,14.0,302.2,267.2,0,7.5
401.2,14.0,302.4,251.8,0,7.5
402.8,14.0,300.6,260.6,0,7.5
400.2,13.4,300.0,230.8,0,7.5
398.4,13.0,298.0,232.0,0,7.5
397.8,13.0,297.8,224.0,0,7.5
399.8,13.2,297.4,241.0,0,7.5
401.0,14.0,297.4,250.0,0,7.5
401.8,14.0,296.0,256.0,0,7.5
402.8,14.0,294.2,258.0,0,7.5
398.6,13.4,293.0,240.2,0,7.5
393.6,13.0,291.4,238.0,0,7.5
397.4,13.4,290.6,240.2,0,7.5
398.2,13.6,292.2,252.2,0,7.5
400.0,13.8,294.6,255.0,0,7.5
397.6,13.8,298.0,249.0,0,7.5
398.0,13.6,298.8,249.6,0,7.5
399.0,14.0,297.0,254.4,0,7.5
403.0,14.0,294.6,275.8,0,7.5
403.8,14.0,295.6,271.6,0,7.5
402.4,14.0,297.0,269.8,0,7.5
400.6,14.0,296.4,264.4,0,7.5
401.2,13.8,294.2,258.0,0,7.5
394.4,13.0,292.0,223.6,0,7.5
397.4,13.6,290.6,251.4,0,7.5
399.6,13.8,289.6,256.4,0,7.5
399.4,13.4,289.6,247.6,0,7.5
401.0,13.6,290.6,254.2,0,7.5
402.8,14.0,292.2,261.6,0,7.5
404.8,14.0,294.0,272.0,0,7.5
405.4,14.0,295.8,268.0,0,7.5
406.4,14.0,296.4,273.2,0,7.5
408.6,14.0,296.0,276.8,0,7.5
408.2,14.0,296.0,276.6,0,7.5
409.8,14.0,295.6,285.4,0,7.5
412.2,14.4,294.6,296.8,0,7.5
417.0,15.0,294.0,310.6,0,7.5
416.6,15.0,293.4,309.2,0,7.5
414.4,15.0,294.0,303.0,0,7.5
414.0,14.8,294.6,300.8,0,7.5
413.4,14.6,295.0,301.2,0,7.5
413.4,14.8,294.2,304.2,0,7.5
416.0,15.0,293.0,313.4,0,7.5
416.8,15.0,294.2,313.0,0,7.5
416.4,15.0,296.0,312.0,0,7.5
416.4,15.0,295.8,310.6,0,7.5
414.8,15.0,293.8,306.0,0,7.5
410.8,14.0,292.0,284.2,0,7.5
403.8,13.6,291.0,242.0,0,7.5
398.6,13.0,290.0,223.0,0,7.5
399.2,13.0,290.6,223.4,0,7.5
402.2,13.4,291.2,239.6,0,7.5
405.6,14.0,290.6,252.4,0,7.5
408.2,14.0,291.0,264.6,0,7.5
409.8,14.0,291.0,273.2,0,7.5
408.8,14.0,292.0,266.6,0,7.5
405.6,13.6,292.6,248.4,0,7.5
400.4,13.0,293.6,225.2,0,7.5
398.0,13.0,293.8,223.0,0,7.5
395.0,13.0,291.4,223.0,0,7.5
387.0,13.0,289.6,223.0,0,7.5
391.6,13.0,289.4,223.0,0,7.5
392.6,13.0,291.6,223.0,0,7.5
393.0,13.0,293.6,223.0,0,7.5
394.4,13.0,294.0,226.6,0,7.5
401.2,13.2,295.2,248.6,0,7.5
400.4,13.8,298.2,246.4,0,7.5
403.0,14.0,298.4,260.6,0,7.5
407.4,14.0,298.4,274.6,0,7.5
410.2,14.0,298.6,283.8,0,7.5
411.0,14.0,299.0,287.2,0,7.5
411.4,14.0,299.8,288.0,0,7.5
412.2,14.2,300.0,290.2,0,7.5
411.6,14.0,300.0,289.4,0,7.5
409.8,14.0,300.0,281.2,0,7.5
406.6,14.0,298.8,269.0,0,7.5
405.0,14.0,295.4,265.0,0,7.5
405.2,14.0,295.8,265.6,0,7.5
405.0,14.0,299.2,264.0,0,7.5
404.8,14.0,300.4,262.4,0,7.5
405.6,14.0,299.6,261.8,0,7.5
404.2,14.0,297.6,256.8,0,7.5
404.2,14.0,295.6,256.4,0,7.5
407.0,14.0,294.4,270.8,0,7.5
410.8,14.0,295.8,284.8,0,7.5
412.2,14.2,297.0,289.4,0,7.5
413.0,14.2,299.8,294.8,0,7.5
414.4,15.0,299.8,300.6,0,7.5
411.8,14.4,299.8,295.4,0,7.5
413.8,15.0,298.8,301.6,0,7.5
413.4,14.8,298.4,301.6,0,7.5
413.6,15.0,299.0,302.8,0,7.5
413.2,14.8,299.0,301.2,0,7.5
412.6,14.8,298.2,303.0,0,7.5
415.6,15.0,297.0,308.4,0,7.5
416.6,15.0,297.0,310.0,0,7.5
418.0,15.0,298.6,312.8,0,7.5
419.6,15.0,299.0,321.6,0,7.5
423.8,15.0,294.8,338.2,0,7.5
424.2,15.0,294.8,337.6,0,7.5
421.2,15.0,296.0,327.0,0,7.5
416.4,14.8,298.4,303.8,0,7.5
410.6,14.2,299.0,289.4,0,7.5
410.4,14.0,298.0,287.4,0,7.5
407.8,13.8,297.0,265.6,0,7.5
394.6,13.0,294.2,223.0,0,7.5
387.2,13.0,294.4,223.0,0,7.5
396.4,13.6,295.2,243.2,0,7.5
399.6,14.0,297.0,249.8,0,7.5
401.2,14.0,296.0,255.2,0,7.5
402.4,14.0,295.0,258.6,0,7.5
400.6,13.6,295.0,248.2,0,7.5
402.0,14.0,294.6,255.8,0,7.5
405.6,14.0,293.6,269.4,0,7.5
411.4,14.4,294.8,296.0,0,7.5
421.0,15.0,295.4,323.8,0,7.5
422.8,15.0,295.6,329.4,0,7.5
424.6,15.0,295.0,331.0,0,7.5
421.4,15.0,295.2,313.8,0,7.5
414.0,14.2,296.2,288.2,0,7.5
410.8,14.0,299.0,288.4,0,7.5
412.0,14.6,300.8,293.6,0,7.5
410.0,14.2,302.0,280.8,0,7.5
406.0,14.0,302.0,262.4,0,7.5
402.6,13.4,298.2,234.8,0,7.5
397.8,13.0,293.8,223.0,0,7.5
398.8,13.0,293.0,223.0,0,7.5
399.0,13.0,293.2,223.0,0,7.5
401.2,13.0,293.8,233.4,0,7.5
403.0,13.2,295.8,236.6,0,7.5
404.0,14.0,297.8,250.4,0,7.5
404.4,14.0,299.2,250.4,0,7.5
404.2,14.0,300.0,251.2,0,7.5
402.8,14.0,300.0,249.0,0,7.5
399.6,13.4,300.4,241.8,0,7.5
398.6,13.2,301.4,236.0,0,7.5
401.2,13.6,302.0,245.6,0,7.5
402.6,14.0,301.4,254.8,0,7.5
403.2,14.0,300.0,260.0,0,7.5
404.8,14.0,299.6,263.4,0,7.5
401.4,13.4,300.8,237.6,0,7.5
396.2,13.0,298.4,223.0,0,7.5
395.4,13.0,294.0,223.0,0,7.5
397.2,13.0,289.8,223.8,0,7.5
394.6,13.0,292.2,223.0,0,7.5
394.4,13.0,293.4,223.0,0,7.5
395.8,13.0,294.2,223.0,0,7.5
396.0,13.0,295.2,223.0,0,7.5
397.0,13.0,298.4,223.0,0,7.5
398.2,13.0,300.0,223.0,0,7.5
400.2,13.0,299.0,230.0,0,7.5
401.0,13.0,298.4,224.2,0,7.5
398.8,13.0,299.0,223.0,0,7.5
397.8,13.0,299.0,223.0,0,7.5
398.0,13.0,299.6,223.0,0,7.5
400.4,13.0,298.2,230.4,0,7.5
402.0,13.2,297.8,241.0,0,7.5
402.0,13.4,298.8,241.4,0,7.5
403.2,13.8,298.8,245.4,0,7.5
404.8,14.0,298.2,256.2,0,7.5
406.0,14.0,298.0,261.0,0,7.5
406.0,14.0,297.2,259.2,0,7.5
406.0,14.0,297.0,259.0,0,7.5
406.0,14.0,297.0,258.4,0,7.5
406.0,14.0,297.4,261.0,0,7.5
406.6,14.0,297.0,266.0,0,7.5
408.0,14.0,297.0,268.6,0,7.5
408.0,14.0,297.0,267.2,0,7.5
407.8,14.0,298.0,264.6,0,7.5
405.8,14.0,299.6,253.6,0,7.5
405.0,14.0,300.8,253.8,0,7.5
407.0,14.0,298.8,263.4,0,7.5
406.8,14.0,296.6,261.6,0,7.5
406.0,14.0,295.0,260.2,0,7.5
405.0,13.8,295.6,253.8,0,7.5
403.0,13.6,296.4,240.0,0,7.5
402.0,13.2,297.2,239.8,0,7.5
401.0,13.2,298.8,231.8,0,7.5
398.8,13.0,299.8,223.0,0,7.5
398.2,13.0,300.2,223.0,0,7.5
399.4,13.0,300.8,233.2,0,7.5
400.8,13.6,301.0,240.2,0,7.5
402.0,14.0,300.0,244.6,0,7.5
400.6,13.2,299.2,227.4,0,7.5
398.2,13.0,299.0,223.2,0,7.5
401.0,13.6,297.4,255.4,0,7.5
406.0,14.0,295.0,279.4,0,7.5
406.0,14.0,295.0,278.8,0,7.5
404.8,14.0,295.0,274.6,0,7.5
405.0,14.0,295.0,281.8,0,7.5
404.6,14.0,295.8,280.6,0,7.5
403.8,14.0,296.2,270.2,0,7.5
405.4,14.0,298.6,274.0,0,7.5
407.6,14.0,300.4,285.0,0,7.5
407.2,14.0,296.0,289.2,0,7.5
407.8,14.0,292.4,291.6,0,7.5
405.6,14.0,294.6,273.2,0,7.5
405.2,14.0,296.6,273.0,0,7.5
401.0,13.6,299.4,242.4,0,7.5
397.8,13.0,299.6,223.0,0,7.5
397.8,13.0,299.0,232.8,0,7.5
394.4,13.0,298.4,224.2,0,7.5
392.4,13.0,299.0,223.0,0,7.5
393.0,13.0,300.0,223.0,0,7.5
393.2,13.0,299.0,223.0,0,7.5
393.0,13.0,297.8,223.0,0,7.5
395.2,13.0,296.2,227.6,0,7.5
397.6,13.0,299.4,230.6,0,7.5
398.2,13.0,300.8,233.4,0,7.5
400.4,14.0,300.8,251.0,0,7.5
401.6,14.0,301.6,247.4,0,7.5
402.6,14.0,302.4,249.4,0,7.5
404.4,14.0,304.2,262.6,0,7.5
409.2,14.2,304.8,278.8,0,7.5
411.2,14.0,305.8,282.0,0,7.5
407.2,14.0,306.0,261.6,0,7.5
403.0,14.0,305.4,252.4,0,7.5
401.2,13.6,305.2,240.0,0,7.5
400.4,13.8,303.2,244.2,0,7.5
403.0,14.0,302.2,257.4,0,7.5
404.6,14.0,304.8,257.0,0,7.5
404.6,14.0,306.8,263.2,0,7.5
408.6,14.0,305.4,274.4,0,7.5
410.6,14.0,303.0,282.0,0,7.5
410.2,14.0,303.0,275.6,0,7.5
404.8,14.0,305.0,251.8,0,7.5
402.4,14.0,305.4,249.8,0,7.5
405.2,14.0,305.0,268.8,0,7.5
409.8,14.6,300.4,299.6,0,7.5
413.2,15.0,295.2,312.4,0,7.5
416.2,15.0,291.6,320.8,0,7.5
420.2,15.0,290.6,332.4,0,7.5
423.8,15.0,292.0,345.4,0,7.5
426.8,15.0,291.2,356.8,0,7.5
429.6,15.8,289.4,366.8,0,7.5
431.6,16.0,289.0,372.2,0,7.5
434.2,16.0,289.0,379.0,0,7.5
433.8,16.0,289.0,378.6,0,7.5
432.8,16.0,289.2,376.4,0,7.5
432.0,16.0,288.2,373.4,0,7.5
430.6,15.6,288.0,366.2,0,7.5
423.2,15.0,288.8,334.8,0,7.5
410.4,14.0,289.0,285.4,0,7.5
408.8,14.0,287.0,282.2,0,7.5
408.6,14.0,285.8,281.8,0,7.5
410.8,14.0,286.2,293.0,0,7.5
407.2,14.0,288.2,271.2,0,7.5
396.8,13.0,289.4,229.0,0,7.5
384.6,13.0,288.4,223.0,0,7.5
390.4,13.0,287.6,223.0,0,7.5
393.8,13.0,285.8,223.0,0,7.5
391.6,13.0,288.8,223.0,0,7.5
385.0,13.0,292.2,223.0,0,7.5
383.0,13.0,293.4,223.0,0,7.5
385.0,13.0,291.6,223.0,0,7.5
387.8,13.0,291.4,230.0,0,7.5
396.4,13.4,290.4,257.4,0,7.5
401.8,14.0,289.2,265.8,0,7.5
400.0,14.0,290.4,253.2,0,7.5
398.2,13.0,291.8,247.8,0,7.5
398.0,13.2,293.2,246.2,0,7.5
399.0,13.6,295.2,253.2,0,7.5
403.0,14.0,296.0,268.0,0,7.5
404.8,14.0,297.0,268.6,0,7.5
404.0,14.0,296.4,262.6,0,7.5
404.2,14.0,296.2,263.6,0,7.5
405.0,14.0,296.0,261.2,0,7.5
405.0,14.0,296.0,258.2,0,7.5
404.8,14.0,296.0,259.8,0,7.5
405.8,14.0,297.6,267.2,0,7.5
405.4,14.0,298.0,268.0,0,7.5
405.4,14.0,296.0,271.6,0,7.5
407.0,14.0,293.8,275.2,0,7.5
407.0,14.0,293.0,271.4,0,7.5
407.0,14.0,293.0,270.2,0,7.5
405.0,14.0,293.0,258.6,0,7.5
402.8,13.2,293.6,240.6,0,7.5
400.4,13.0,295.2,225.4,0,7.5
399.0,13.0,295.6,227.8,0,7.5
401.8,13.8,295.8,260.4,0,7.5
402.6,13.8,296.2,255.6,0,7.5
400.2,13.4,297.8,235.4,0,7.5
400.0,13.0,298.0,230.4,0,7.5
401.4,14.0,298.4,246.0,0,7.5
402.2,13.6,298.0,238.0,0,7.5
401.2,13.0,295.2,227.0,0,7.5
403.2,13.2,293.0,241.6,0,7.5
404.6,14.0,293.8,250.4,0,7.5
404.6,14.0,294.6,251.0,0,7.5
403.6,14.0,296.2,251.6,0,7.5
406.6,14.0,297.8,269.0,0,7.5
411.6,14.0,297.0,290.8,0,7.5
408.4,14.0,298.6,266.8,0,7.5
407.8,14.0,297.6,266.2,0,7.5
410.6,14.0,296.4,284.0,0,7.5
415.0,14.6,295.6,297.0,0,7.5
419.2,15.0,294.0,310.8,0,7.5
417.4,15.0,293.6,309.8,0,7.5
408.2,14.0,293.0,268.4,0,7.5
394.2,13.0,290.8,223.0,0,7.5
398.4,13.4,285.2,248.8,0,7.5
402.0,14.0,288.2,260.2,0,7.5
402.4,13.8,292.0,249.8,0,7.5
395.6,13.0,295.0,225.8,0,7.5
402.2,13.8,295.6,262.6,0,7.5
406.8,14.0,298.4,274.8,0,7.5
404.2,14.0,299.0,273.8,0,7.5
413.4,14.6,291.0,316.2,0,7.5
419.0,15.0,286.0,334.0,0,7.5
417.2,15.0,285.6,328.4,0,7.5
416.4,15.0,286.2,324.8,0,7.5
412.6,14.6,290.0,311.4,0,7.5
412.4,14.8,288.8,309.6,0,7.5
410.8,14.0,286.4,299.4,0,7.5
406.6,14.0,287.4,283.2,0,7.5
397.8,13.4,291.4,245.0,0,7.5
400.4,13.6,289.4,268.2,0,7.5
405.6,14.0,286.4,285.6,0,7.5
407.6,14.0,286.2,291.0,0,7.5
407.0,14.0,287.0,282.2,0,7.5
406.2,14.0,287.6,273.4,0,7.5
405.6,14.0,288.8,273.6,0,7.5
404.2,14.0,290.4,259.4,0,7.5
403.6,14.0,292.0,256.6,0,7.5
405.4,14.0,295.2,267.0,0,7.5
404.6,13.8,296.4,249.8,0,7.5
401.4,13.6,297.8,240.4,0,7.5
401.4,13.0,298.0,232.0,0,7.5
399.8,13.2,299.6,235.2,0,7.5
402.6,14.0,299.6,246.8,0,7.5
404.0,14.0,299.4,248.6,0,7.5
404.6,14.0,301.2,254.0,0,7.5
402.6,13.8,301.8,239.4,0,7.5
402.2,13.4,301.8,245.8,0,7.5
407.4,14.0,299.6,269.2,0,7.5
405.2,14.0,301.8,249.0,0,7.5
406.6,14.0,301.8,254.0,0,7.5
406.4,14.0,300.0,259.2,0,7.5
410.4,14.0,299.6,274.2,0,7.5
405.4,14.0,301.4,253.4,0,7.5
404.4,14.0,299.2,274.2,0,7.5
409.8,14.2,295.0,297.4,0,7.5
416.6,15.0,293.8,316.8,0,7.5
420.8,15.0,294.4,329.4,0,7.5
421.4,15.0,295.2,331.4,0,7.5
422.8,15.0,296.6,334.4,0,7.5
428.0,15.4,295.0,359.2,0,7.5
431.6,16.0,294.0,372.0,0,7.5
430.8,16.0,294.8,368.0,0,7.5
426.6,15.2,299.2,354.0,0,7.5
426.0,15.4,301.2,347.4,0,7.5
419.2,15.0,302.0,315.6,0,7.5
415.2,15.0,302.4,300.0,0,7.5
411.8,14.4,299.2,290.2,0,7.5
405.2,14.0,297.4,265.4,0,7.5
408.0,14.0,295.8,282.2,0,7.5
404.6,14.0,294.4,264.8,0,7.5
411.8,14.2,291.0,298.4,0,7.5
407.8,14.0,291.0,266.2,0,7.5
398.0,13.0,291.6,224.2,0,7.5
397.0,13.0,294.0,224.0,0,7.5
398.4,13.0,291.4,228.2,0,7.5
396.4,13.0,291.4,224.4,0,7.5
387.4,13.0,291.8,223.0,0,7.5
398.6,13.0,291.0,241.6,0,7.5
401.6,13.4,292.4,247.0,0,7.5
399.2,13.4,294.8,236.0,0,7.5
395.0,13.0,296.0,223.4,0,7.5
399.8,13.4,296.2,242.6,0,7.5
400.0,13.2,296.0,243.6,0,7.5
400.6,13.8,295.4,249.0,0,7.5
405.4,14.0,293.4,269.6,0,7.5
405.0,14.0,292.0,258.2,0,7.5
403.2,14.0,293.8,254.8,0,7.5
403.8,14.0,296.2,255.2,0,7.5
398.8,13.4,298.6,242.6,0,7.5
400.6,14.0,299.8,251.6,0,7.5
405.8,14.0,298.8,271.6,0,7.5
414.6,14.4,296.2,296.6,0,7.5
405.4,13.6,297.8,249.4,0,7.5
393.8,13.0,296.8,226.8,0,7.5
401.4,14.0,297.0,269.8,0,7.5
404.4,14.0,297.0,278.4,0,7.5
408.4,14.2,296.4,291.8,0,7.5
411.0,14.2,297.4,296.0,0,7.5
413.8,14.6,297.0,301.6,0,7.5
415.0,15.0,297.6,303.2,0,7.5
414.0,15.0,299.0,301.4,0,7.5
415.0,15.0,298.8,306.8,0,7.5
416.0,15.0,298.0,311.6,0,7.5
415.4,15.0,298.0,312.4,0,7.5
417.8,15.0,296.2,319.6,0,7.5
416.4,15.0,297.2,315.2,0,7.5
416.8,15.0,296.0,315.4,0,7.5
414.8,14.6,296.0,303.2,0,7.5
413.0,14.0,296.0,297.4,0,7.5
409.8,14.0,296.0,278.4,0,7.5
408.0,14.0,294.2,273.4,0,7.5
407.8,14.0,294.0,269.6,0,7.5
404.2,13.4,295.4,240.4,0,7.5
401.4,13.0,295.6,227.4,0,7.5
401.2,13.0,294.6,228.8,0,7.5
399.2,13.0,293.2,223.6,0,7.5
400.2,13.0,292.2,223.0,0,7.5
400.0,13.0,292.2,223.0,0,7.5
400.2,13.0,292.4,225.2,0,7.5
403.4,13.4,292.0,247.2,0,7.5
405.4,14.0,292.4,257.4,0,7.5
407.6,14.0,292.0,267.6,0,7.5
410.4,14.0,291.0,271.6,0,7.5
405.8,14.0,292.0,255.8,0,7.5
405.2,13.8,292.6,249.6,0,7.5
404.4,13.6,293.0,247.4,0,7.5
405.2,14.0,292.2,252.8,0,7.5
406.0,14.0,293.0,256.4,0,7.5
405.6,14.0,293.0,251.8,0,7.5
406.6,14.0,293.0,259.2,0,7.5
407.8,14.0,293.4,263.2,0,7.5
408.8,14.0,294.0,265.8,0,7.5
409.6,14.0,294.0,271.2,0,7.5
411.2,14.0,294.0,284.0,0,7.5
412.8,14.0,294.6,289.4,0,7.5
413.0,14.0,295.0,290.4,0,7.5
413.0,14.0,295.0,288.4,0,7.5
412.8,14.0,295.0,288.8,0,7.5
413.4,14.0,295.0,289.8,0,7.5
413.4,14.2,294.2,288.8,0,7.5
412.4,14.0,294.0,285.8,0,7.5
412.2,14.0,294.0,280.6,0,7.5
410.6,14.0,294.0,274.0,0,7.5
410.0,14.0,294.0,270.4,0,7.5
410.2,14.0,294.0,270.0,0,7.5
410.0,14.0,294.0,269.4,0,7.5
410.4,14.0,293.8,269.6,0,7.5
410.4,14.0,294.0,273.2,0,7.5
411.0,14.0,294.0,274.2,0,7.5
411.4,14.0,294.0,276.0,0,7.5
412.0,14.0,294.0,276.6,0,7.5
411.0,14.0,293.8,270.8,0,7.5
409.4,14.0,293.0,262.0,0,7.5
405.6,13.6,292.6,240.8,0,7.5
403.4,13.0,293.0,237.4,0,7.5
402.0,13.0,292.6,226.0,0,7.5
399.6,13.0,292.0,223.0,0,7.5
396.8,13.0,292.0,223.0,0,7.5
395.6,13.0,292.0,223.0,0,7.5
395.0,13.0,292.0,223.0,0,7.5
394.8,13.0,292.0,223.0,0,7.5
393.8,13.0,291.6,223.0,0,7.5
393.0,13.0,291.0,223.0,0,7.5
393.0,13.0,291.0,223.0,0,7.5
394.0,13.0,292.0,223.0,0,7.5
393.4,13.0,291.4,223.0,0,7.5
390.2,13.0,290.8,223.0,0,7.5
389.6,13.0,291.0,223.0,0,7.5
390.0,13.0,291.6,223.0,0,7.5
392.2,13.0,292.6,223.0,0,7.5
394.4,13.0,293.6,223.0,0,7.5
395.0,13.0,294.0,223.0,0,7.5
395.4,13.0,294.0,223.0,0,7.5
394.8,13.0,294.0,223.0,0,7.5
394.0,13.0,294.0,223.0,0,7.5
393.6,13.0,294.0,223.0,0,7.5
393.2,13.0,294.0,223.0,0,7.5
394.2,13.0,294.0,223.0,0,7.5
395.4,13.0,294.6,223.0,0,7.5
396.4,13.0,294.2,223.0,0,7.5
397.0,13.0,295.4,223.0,0,7.5
397.0,13.0,296.0,223.0,0,7.5
397.0,13.0,296.0,223.0,0,7.5
397.0,13.0,296.6,223.0,0,7.5
397.0,13.0,297.0,223.0,0,7.5
397.4,13.0,297.0,226.8,0,7.5
398.0,13.0,297.2,229.4,0,7.5
398.0,13.0,297.0,227.0,0,7.5
398.0,13.0,297.2,223.4,0,7.5
397.2,13.0,296.4,223.0,0,7.5
396.2,13.0,296.2,223.0,0,7.5
392.6,13.0,295.0,223.0,0,7.5
388.6,13.0,295.4,223.0,0,7.5
390.2,13.0,296.0,223.0,0,7.5
391.0,13.0,297.0,223.0,0,7.5
392.0,13.0,294.2,223.0,0,7.5
393.0,13.0,293.6,223.0,0,7.5
394.0,13.0,293.2,223.0,0,7.5
395.2,13.0,292.2,223.0,0,7.5
396.2,13.0,294.6,223.0,0,7.5
397.2,13.0,293.8,223.0,0,7.5
398.0,13.0,293.8,223.0,0,7.5
397.8,13.0,295.0,223.0,0,7.5
396.6,13.0,295.4,223.0,0,7.5
396.0,13.0,296.0,223.0,0,7.5
397.0,13.0,295.4,223.0,0,7.5
397.4,13.0,295.0,223.0,0,7.5
397.2,13.0,296.2,223.0,0,7.5
398.6,13.0,295.8,223.0,0,7.5
399.0,13.0,295.8,223.0,0,7.5
399.8,13.0,296.6,227.6,0,7.5
401.0,13.0,297.0,233.4,0,7.5
401.0,13.6,297.4,236.2,0,7.5
401.2,13.0,298.0,238.0,0,7.5
401.8,13.4,298.0,240.0,0,7.5
402.4,13.6,298.2,245.6,0,7.5
403.0,14.0,299.0,248.8,0,7.5
403.4,14.0,299.6,250.0,0,7.5
403.4,14.0,300.0,252.2,0,7.5
403.0,14.0,300.6,249.0,0,7.5
403.0,14.0,301.0,251.6,0,7.5
403.8,14.0,300.0,253.2,0,7.5
404.0,14.0,300.2,252.0,0,7.5
403.4,14.0,301.0,248.8,0,7.5
403.0,14.0,301.0,246.6,0,7.5
403.0,14.0,301.0,246.4,0,7.5
403.0,14.0,301.0,248.2,0,7.5
403.0,14.0,300.8,249.2,0,7.5
403.8,14.0,300.0,253.4,0,7.5
404.2,14.0,300.8,254.6,0,7.5
404.8,14.0,301.2,256.6,0,7.5
406.8,14.0,302.0,263.0,0,7.5
408.6,14.0,302.0,270.0,0,7.5
409.4,14.0,302.0,275.2,0,7.5
410.2,14.0,302.0,279.0,0,7.5
411.0,14.0,302.0,280.0,0,7.5
410.4,14.0,302.0,278.6,0,7.5
410.0,14.0,302.0,278.6,0,7.5
410.0,14.0,302.0,279.0,0,7.5
411.0,14.0,302.0,280.4,0,7.5
411.0,14.0,302.4,280.8,0,7.5
411.0,14.0,302.4,280.0,0,7.5
411.0,14.0,302.2,280.0,0,7.5
411.0,14.0,302.0,282.2,0,7.5
411.6,14.2,302.0,284.6,0,7.5
411.8,14.0,301.8,286.2,0,7.5
411.2,14.4,301.8,290.6,0,7.5
412.0,14.2,302.0,291.8,0,7.5
411.6,14.4,302.0,291.2,0,7.5
412.0,14.0,302.0,290.6,0,7.5
411.8,14.0,302.0,289.6,0,7.5
411.8,14.4,302.0,290.8,0,7.5
411.0,14.2,302.0,287.6,0,7.5
411.0,14.0,302.0,286.6,0,7.5
410.2,14.0,302.0,284.8,0,7.5
410.0,14.0,302.0,283.6,0,7.5
410.2,14.0,302.0,285.0,0,7.5
411.0,14.0,302.0,287.2,0,7.5
410.4,14.0,302.0,285.4,0,7.5
411.0,14.0,302.0,287.0,0,7.5
411.0,14.0,302.0,288.4,0,7.5
411.2,14.0,302.0,289.6,0,7.5
413.0,14.6,302.0,294.6,0,7.5
413.0,14.8,302.0,295.8,0,7.5
412.2,14.2,302.2,290.2,0,7.5
411.2,14.2,302.4,287.6,0,7.5
411.0,14.0,302.0,285.8,0,7.5
411.0,14.0,302.4,287.4,0,7.5
411.0,14.0,302.0,283.2,0,7.5
409.8,14.0,302.2,274.4,0,7.5
401.0,13.4,302.0,230.8,0,7.5
398.0,13.0,302.0,223.0,0,7.5
398.0,13.0,302.0,223.6,0,7.5
399.0,13.0,302.6,229.6,0,7.5
399.6,13.2,303.0,235.8,0,7.5
400.0,13.2,303.0,236.6,0,7.5
400.4,13.8,303.0,241.8,0,7.5
401.8,14.0,302.0,245.6,0,7.5
401.2,13.2,302.0,238.8,0,7.5
399.2,13.0,301.0,223.8,0,7.5
399.0,13.0,300.0,223.0,0,7.5
397.8,13.0,298.2,223.0,0,7.5
395.6,13.0,295.2,223.0,0,7.5
395.0,13.0,294.6,223.0,0,7.5
396.2,13.0,294.0,223.0,0,7.5
396.4,13.0,294.0,223.0,0,7.5
395.2,13.0,293.0,223.0,0,7.5
395.0,13.0,293.6,223.0,0,7.5
394.6,13.0,294.0,223.0,0,7.5
393.0,13.0,294.0,223.0,0,7.5
394.6,13.0,294.6,223.0,0,7.5
395.6,13.0,293.8,223.0,0,7.5
397.0,13.0,293.6,223.0,0,7.5
397.0,13.0,294.4,223.0,0,7.5
396.4,13.0,295.6,223.0,0,7.5
397.0,13.0,296.0,223.0,0,7.5
397.6,13.0,296.8,223.0,0,7.5
397.8,13.0,297.6,223.0,0,7.5
397.6,13.0,298.0,223.0,0,7.5
397.6,13.0,297.4,223.0,0,7.5
397.0,13.0,296.0,225.0,0,7.5
398.8,13.0,294.0,238.6,0,7.5
401.4,13.8,294.0,248.2,0,7.5
401.6,13.4,295.0,244.0,0,7.5
400.0,13.0,296.4,236.6,0,7.5
400.6,13.2,297.0,237.6,0,7.5
399.2,13.0,297.0,232.4,0,7.5
399.4,13.0,297.0,232.6,0,7.5
401.4,13.6,295.6,246.4,0,7.5
403.2,13.8,295.8,250.6,0,7.5
405.2,14.0,297.2,258.4,0,7.5
405.0,14.0,298.0,259.0,0,7.5
405.4,14.0,298.0,262.0,0,7.5
405.6,14.0,298.0,262.0,0,7.5
404.0,14.0,299.0,260.0,0,7.5
403.4,14.0,300.0,259.6,0,7.5
402.2,14.0,301.2,259.2,0,7.5
403.6,14.0,301.8,263.4,0,7.5
404.2,14.0,302.0,265.0,0,7.5
404.0,14.0,301.8,263.2,0,7.5
404.6,14.0,301.0,264.6,0,7.5
403.8,14.0,300.2,263.0,0,7.5
404.0,14.0,301.0,263.4,0,7.5
405.4,14.0,302.0,268.8,0,7.5
406.8,14.0,302.4,274.2,0,7.5
408.8,14.0,303.0,281.8,0,7.5
409.2,14.0,303.0,286.0,0,7.5
411.8,14.6,302.8,293.6,0,7.5
412.0,14.8,303.0,294.0,0,7.5
410.6,14.0,303.0,287.4,0,7.5
410.2,14.2,303.0,288.0,0,7.5
411.0,14.4,303.0,291.4,0,7.5
412.0,14.4,301.6,293.6,0,7.5
411.0,14.4,301.8,292.2,0,7.5
412.0,14.8,302.6,294.0,0,7.5
412.0,14.6,303.0,294.2,0,7.5
410.4,14.4,303.0,287.4,0,7.5
410.0,14.0,303.0,288.6,0,7.5
410.8,14.8,303.0,290.8,0,7.5
412.0,14.6,303.0,294.2,0,7.5
412.6,14.6,302.8,296.4,0,7.5
414.0,15.0,302.0,298.4,0,7.5
414.0,14.8,301.2,298.8,0,7.5
413.4,14.8,301.6,296.0,0,7.5
412.2,14.4,302.0,294.8,0,7.5
413.0,14.8,302.4,296.8,0,7.5
412.8,14.8,303.0,295.8,0,7.5
412.2,14.6,303.4,292.6,0,7.5
411.2,14.4,304.0,291.8,0,7.5
412.6,14.8,303.0,297.0,0,7.5
414.8,15.0,303.4,301.6,0,7.5
416.2,15.0,303.4,303.4,0,7.5
417.0,15.0,303.4,304.8,0,7.5
417.8,15.0,303.0,305.8,0,7.5
417.0,15.0,304.2,305.0,0,7.5
417.0,15.0,304.6,304.4,0,7.5
416.0,15.0,305.0,301.6,0,7.5
416.0,15.0,305.0,301.2,0,7.5
415.0,15.0,304.4,298.2,0,7.5
414.6,15.0,304.0,296.6,0,7.5
414.6,15.0,304.0,297.6,0,7.5
415.0,15.0,304.8,297.6,0,7.5
415.0,15.0,305.0,298.8,0,7.5
414.8,14.8,305.0,296.4,0,7.5
413.6,14.8,304.4,291.2,0,7.5
412.4,14.0,304.0,285.6,0,7.5
413.0,14.0,304.0,288.2,0,7.5
412.2,14.2,304.0,286.0,0,7.5
413.0,14.4,304.2,288.2,0,7.5
412.0,14.0,304.2,281.6,0,7.5
410.8,14.0,304.4,276.6,0,7.5
409.2,14.0,305.0,270.0,0,7.5
408.0,14.0,305.0,266.6,0,7.5
408.8,14.0,304.8,269.2,0,7.5
408.6,14.0,305.0,272.0,0,7.5
412.4,14.0,304.2,286.4,0,7.5
412.6,14.2,303.4,287.4,0,7.5
413.6,14.4,303.0,290.0,0,7.5
412.6,14.4,303.0,284.0,0,7.5
412.6,14.2,304.0,285.4,0,7.5
410.8,14.2,304.8,276.6,0,7.5
408.6,14.0,304.8,267.2,0,7.5
406.4,14.0,304.2,260.4,0,7.5
406.4,14.0,304.8,261.4,0,7.5
407.2,14.0,304.8,265.4,0,7.5
407.6,14.0,304.2,264.4,0,7.5
407.6,14.0,304.0,266.6,0,7.5
408.2,14.0,304.0,268.8,0,7.5
408.0,14.0,304.6,265.6,0,7.5
406.2,14.0,305.0,254.8,0,7.5
403.2,14.0,304.2,243.6,0,7.5
403.2,14.0,304.2,248.2,0,7.5
404.8,14.0,304.6,251.6,0,7.5
404.8,14.0,304.6,247.8,0,7.5
404.4,14.0,305.0,246.4,0,7.5
404.4,14.0,305.0,248.2,0,7.5
405.0,14.0,304.8,252.6,0,7.5
406.0,14.0,304.0,255.8,0,7.5
406.4,14.0,304.0,253.8,0,7.5
406.6,14.0,304.4,255.2,0,7.5
406.2,14.0,305.0,254.0,0,7.5
407.4,14.0,305.0,257.2,0,7.5
407.0,14.0,305.0,253.4,0,7.5
406.4,14.0,305.0,249.4,0,7.5
405.0,14.0,305.0,242.6,0,7.5
404.4,13.4,305.0,235.6,0,7.5
404.0,13.6,305.4,233.0,0,7.5
404.4,13.6,306.0,236.8,0,7.5
405.0,14.0,305.4,246.0,0,7.5
406.0,14.0,305.0,253.6,0,7.5
406.2,14.0,305.4,254.0,0,7.5
406.4,14.0,306.0,249.4,0,7.5
405.2,14.0,306.0,245.4,0,7.5
406.0,14.0,306.0,249.4,0,7.5
406.4,14.0,305.0,254.4,0,7.5
408.0,14.0,305.0,259.0,0,7.5
408.2,14.0,305.0,260.6,0,7.5
408.6,14.0,305.0,263.2,0,7.5
410.8,14.0,305.0,271.2,0,7.5
412.2,14.0,305.4,275.8,0,7.5
412.2,14.0,305.2,276.0,0,7.5
412.2,14.0,305.0,274.6,0,7.5
411.0,14.2,305.0,271.6,0,7.5
410.2,14.0,305.2,265.0,0,7.5
408.6,14.0,306.0,263.8,0,7.5
410.0,14.0,306.0,267.4,0,7.5
410.0,14.0,307.0,269.2,0,7.5
409.8,14.0,307.0,266.4,0,7.5
411.6,14.0,306.0,274.4,0,7.5
412.0,14.0,305.0,274.0,0,7.5
413.0,14.2,304.6,279.4,0,7.5
414.0,14.4,304.0,283.0,0,7.5
414.4,14.2,304.6,282.0,0,7.5
412.2,14.0,305.0,277.2,0,7.5
413.4,14.0,305.0,280.0,0,7.5
411.2,14.0,305.0,271.8,0,7.5
409.0,14.0,305.6,263.8,0,7.5
408.0,14.0,306.0,261.8,0,7.5
403.8,13.6,305.2,234.0,0,7.5
406.2,14.0,305.8,259.8,0,7.5
410.0,14.0,306.0,270.8,0,7.5
412.2,14.0,304.2,283.8,0,7.5
415.4,15.0,302.2,292.0,0,7.5
415.0,14.8,302.0,291.2,0,7.5
415.8,14.6,302.0,292.4,0,7.5
416.4,15.0,302.0,295.8,0,7.5
415.8,14.6,303.0,291.8,0,7.5
414.0,14.6,304.0,287.6,0,7.5
412.8,14.2,305.0,281.0,0,7.5
408.4,14.0,304.8,261.8,0,7.5
408.6,14.0,305.0,268.8,0,7.5
413.6,14.4,305.0,285.8,0,7.5
415.8,14.4,304.0,291.2,0,7.5
416.8,15.0,303.6,295.0,0,7.5
417.0,14.8,303.0,294.8,0,7.5
417.0,15.0,303.0,295.4,0,7.5
418.2,15.0,301.6,299.8,0,7.5
420.2,15.0,300.0,305.4,0,7.5
419.8,15.0,300.0,304.8,0,7.5
418.6,15.0,300.4,300.8,0,7.5
417.4,15.0,301.8,297.6,0,7.5
417.0,15.0,302.6,297.2,0,7.5
416.2,15.0,302.6,297.2,0,7.5
417.2,14.6,302.0,298.6,0,7.5
415.4,15.0,302.0,292.8,0,7.5
415.0,14.8,302.6,289.6,0,7.5
414.6,14.8,303.0,289.2,0,7.5
412.8,14.0,303.2,281.4,0,7.5
411.4,14.0,303.6,278.0,0,7.5
411.2,14.0,303.2,273.2,0,7.5
410.6,14.0,303.0,273.6,0,7.5
411.8,14.0,303.0,277.8,0,7.5
412.0,14.0,303.0,279.4,0,7.5
412.0,14.0,303.0,278.4,0,7.5
412.0,14.0,303.0,279.2,0,7.5
412.8,14.0,303.2,281.6,0,7.5
413.0,14.0,303.0,282.0,0,7.5
413.0,14.2,303.4,282.0,0,7.5
413.0,14.0,303.6,281.2,0,7.5
413.0,14.0,304.0,280.0,0,7.5
413.0,14.2,304.0,279.8,0,7.5
412.6,14.0,304.0,277.0,0,7.5
412.0,14.0,304.0,274.6,0,7.5
410.8,14.0,304.0,268.4,0,7.5
408.6,14.0,304.0,260.2,0,7.5
407.0,14.0,304.0,252.4,0,7.5
406.0,14.0,303.4,247.0,0,7.5
406.2,14.0,303.6,250.8,0,7.5
407.0,14.0,304.0,254.0,0,7.5
407.4,14.0,303.6,256.6,0,7.5
410.0,14.0,302.2,270.6,0,7.5
411.6,14.0,301.6,275.6,0,7.5
411.6,14.0,302.0,274.0,0,7.5
411.2,14.0,302.2,276.4,0,7.5
413.4,14.2,302.8,288.0,0,7.5
416.8,14.8,301.4,298.4,0,7.5
418.8,15.0,302.8,304.6,0,7.5
420.4,15.0,305.4,310.8,0,7.5
421.6,15.0,305.4,315.6,0,7.5
422.6,15.0,302.4,319.6,0,7.5
421.4,15.0,300.8,318.0,0,7.5
421.0,15.0,300.2,318.4,0,7.5
420.0,15.0,301.0,315.2,0,7.5
420.0,15.0,300.4,316.6,0,7.5
420.0,15.0,301.0,316.4,0,7.5
420.2,15.0,301.0,317.0,0,7.5
420.6,15.0,301.0,318.2,0,7.5
421.0,15.0,301.0,320.2,0,7.5
421.0,15.0,301.4,321.0,0,7.5
421.0,15.0,301.6,320.0,0,7.5
421.0,15.0,301.0,319.8,0,7.5
420.8,15.0,301.4,318.6,0,7.5
420.6,15.0,302.0,317.8,0,7.5
420.0,15.0,302.0,316.2,0,7.5
420.0,15.0,302.0,315.4,0,7.5
419.6,15.0,302.0,313.0,0,7.5
419.2,15.0,302.0,313.0,0,7.5
420.0,15.0,302.0,314.2,0,7.5
420.0,15.0,302.0,314.6,0,7.5
420.0,15.0,302.2,314.8,0,7.5
420.0,15.0,302.8,315.0,0,7.5
420.4,15.0,303.0,316.2,0,7.5
420.0,15.0,302.8,315.4,0,7.5
421.0,15.0,302.0,318.0,0,7.5
421.0,15.0,302.0,318.0,0,7.5
421.6,15.0,302.0,318.6,0,7.5
421.8,15.0,302.0,319.0,0,7.5
421.8,15.0,302.2,318.8,0,7.5
421.0,15.0,303.0,318.0,0,7.5
421.0,15.0,303.0,316.2,0,7.5
420.8,15.0,303.0,316.0,0,7.5
420.2,15.0,303.0,313.8,0,7.5
420.0,15.0,303.0,313.6,0,7.5
419.0,15.0,303.0,310.6,0,7.5
419.6,15.0,303.0,312.6,0,7.5
420.0,15.0,302.8,313.6,0,7.5
420.0,15.0,303.0,313.4,0,7.5
420.0,15.0,303.0,314.0,0,7.5
420.2,15.0,303.0,314.6,0,7.5
421.4,15.0,302.8,317.4,0,7.5
422.0,15.0,302.2,317.2,0,7.5
422.0,15.0,301.2,318.4,0,7.5
422.0,15.0,300.2,320.6,0,7.5
423.0,15.0,300.0,322.8,0,7.5
422.2,15.0,300.6,320.0,0,7.5
421.6,15.0,301.4,318.2,0,7.5
421.0,15.0,302.0,317.4,0,7.5
420.8,15.0,302.0,316.2,0,7.5
420.0,15.0,302.0,316.0,0,7.5
419.4,15.0,301.6,311.8,0,7.5
419.6,15.0,301.0,313.2,0,7.5
420.0,15.0,301.0,314.0,0,7.5
420.0,15.0,301.0,313.2,0,7.5
420.0,15.0,301.0,313.8,0,7.5
420.0,15.0,301.0,314.0,0,7.5
420.8,15.0,302.0,317.6,0,7.5
421.2,15.0,301.8,318.2,0,7.5
422.0,15.0,301.0,320.0,0,7.5
420.8,15.0,301.8,315.4,0,7.5
420.0,15.0,302.0,315.6,0,7.5
420.0,15.0,302.0,316.0,0,7.5
420.4,15.0,302.0,315.8,0,7.5
420.2,15.0,302.4,315.4,0,7.5
419.8,15.0,303.0,313.0,0,7.5
418.4,15.0,303.0,308.6,0,7.5
415.2,14.8,303.0,297.0,0,7.5
414.0,14.8,303.6,296.4,0,7.5
415.8,15.0,303.4,302.6,0,7.5
415.2,15.0,303.2,301.0,0,7.5
416.0,15.0,304.0,304.4,0,7.5
415.8,15.0,304.0,302.4,0,7.5
416.0,15.0,304.0,302.6,0,7.5
416.0,15.0,303.8,302.0,0,7.5
416.0,15.0,303.0,303.8,0,7.5
417.0,15.0,302.0,305.4,0,7.5
416.6,15.0,301.0,301.4,0,7.5
414.2,14.4,301.2,287.4,0,7.5
411.0,14.0,301.4,269.0,0,7.5
409.8,14.0,300.4,260.4,0,7.5
409.6,14.0,300.0,254.6,0,7.5
407.2,14.0,300.0,242.2,0,7.5
405.2,13.4,299.8,230.4,0,7.5
403.6,13.0,299.8,225.6,0,7.5
403.2,13.0,300.0,226.2,0,7.5
402.6,13.0,300.8,224.8,0,7.5
401.4,13.0,300.0,223.0,0,7.5
402.6,13.0,299.6,224.2,0,7.5
406.0,13.8,299.8,242.4,0,7.5
408.2,14.0,302.0,253.6,0,7.5
410.2,14.0,302.8,261.0,0,7.5
411.6,14.0,304.2,268.8,0,7.5
413.6,14.0,305.0,278.2,0,7.5
415.2,14.4,305.4,285.4,0,7.5
416.4,15.0,306.0,291.2,0,7.5
417.0,15.0,306.0,293.4,0,7.5
417.0,15.0,306.0,293.0,0,7.5
418.0,15.0,306.0,295.2,0,7.5
418.6,15.0,306.0,298.6,0,7.5
420.4,15.0,305.0,303.8,0,7.5
420.4,15.0,305.4,301.2,0,7.5
419.0,15.0,306.2,297.2,0,7.5
414.4,14.4,307.0,276.8,0,7.5
408.0,13.8,306.6,242.8,0,7.5
401.6,13.0,305.8,223.4,0,7.5
401.4,13.6,307.8,236.8,0,7.5
404.6,14.0,308.0,257.0,0,7.5
409.0,14.2,306.6,275.2,0,7.5
412.8,14.2,306.0,290.2,0,7.5
409.2,13.8,307.0,254.2,0,7.5
399.0,13.0,302.2,223.0,0,7.5
393.0,13.0,301.8,223.0,0,7.5
391.2,13.0,303.0,223.0,0,7.5
393.4,13.0,303.8,223.0,0,7.5
394.8,13.0,303.2,223.0,0,7.5
395.0,13.0,302.0,223.0,0,7.5
396.0,13.0,302.8,223.0,0,7.5
396.0,13.2,303.4,223.0,0,7.5
395.4,13.0,303.4,223.0,0,7.5
392.6,13.0,302.2,223.0,0,7.5
391.4,13.0,300.6,223.0,0,7.5
394.0,13.0,299.8,223.0,0,7.5
394.8,13.0,292.8,223.0,0,7.5
395.0,13.0,287.6,223.0,0,7.5
397.2,13.0,287.6,223.4,0,7.5
400.4,13.0,288.4,234.0,0,7.5
401.0,13.0,289.6,235.0,0,7.5
401.0,13.0,291.0,233.6,0,7.5
400.0,13.0,291.4,231.0,0,7.5
402.0,13.0,292.0,240.0,0,7.5
403.4,13.2,292.2,245.2,0,7.5
404.4,13.6,292.8,252.2,0,7.5
406.6,14.0,293.6,263.8,0,7.5
409.4,14.0,294.0,273.8,0,7.5
409.2,14.0,294.0,270.2,0,7.5
407.8,14.0,294.2,267.8,0,7.5
407.2,14.0,294.4,272.6,0,7.5
408.6,14.0,294.0,279.2,0,7.5
408.8,14.2,294.8,279.8,0,7.5
408.8,14.0,294.6,280.4,0,7.5
407.0,14.0,294.2,271.0,0,7.5
406.0,14.0,294.0,267.2,0,7.5
406.2,14.0,294.2,271.6,0,7.5
408.4,14.0,295.0,282.6,0,7.5
410.4,14.0,296.0,289.0,0,7.5
411.8,14.0,297.6,294.4,0,7.5
412.6,15.0,299.0,299.4,0,7.5
414.2,15.0,299.0,305.4,0,7.5
415.0,15.0,298.0,307.4,0,7.5
415.0,15.0,297.2,308.0,0,7.5
415.0,15.0,296.6,307.8,0,7.5
414.4,14.8,296.8,304.6,0,7.5
413.8,14.8,297.6,301.2,0,7.5
411.2,14.4,298.4,293.4,0,7.5
411.4,14.2,299.0,293.2,0,7.5
409.4,14.0,300.0,288.6,0,7.5
411.2,14.2,299.8,297.0,0,7.5
415.8,15.0,299.2,309.2,0,7.5
415.4,15.0,300.0,307.0,0,7.5
416.6,15.0,300.4,314.2,0,7.5
418.2,15.0,299.6,322.2,0,7.5
420.0,15.0,297.4,332.0,0,7.5
420.8,15.0,298.0,334.4,0,7.5
420.4,15.0,298.0,333.2,0,7.5
418.6,15.0,298.4,325.0,0,7.5
417.2,15.0,299.0,316.0,0,7.5
416.2,15.0,299.4,314.8,0,7.5
419.8,15.0,300.6,327.4,0,7.5
421.2,15.0,300.8,331.6,0,7.5
423.0,15.0,299.2,337.4,0,7.5
421.8,15.0,298.6,333.4,0,7.5
419.8,15.0,299.4,324.2,0,7.5
420.0,15.0,300.0,327.4,0,7.5
420.0,15.0,301.0,328.6,0,7.5
421.0,15.0,301.4,331.6,0,7.5
421.6,15.0,301.4,333.0,0,7.5
423.0,15.0,301.0,335.6,0,7.5
423.0,15.0,301.0,335.8,0,7.5
422.4,15.0,301.0,333.4,0,7.5
422.4,15.0,301.0,334.8,0,7.5
422.2,15.0,301.0,334.6,0,7.5
422.2,15.0,301.0,333.8,0,7.5
422.0,15.0,301.0,333.0,0,7.5
422.0,15.0,301.0,333.8,0,7.5
422.0,15.0,300.6,333.2,0,7.5
421.4,15.0,300.0,330.6,0,7.5
420.8,15.0,300.6,329.2,0,7.5
420.2,15.0,300.0,328.4,0,7.5
421.6,15.0,300.0,333.6,0,7.5
420.6,15.0,300.6,329.2,0,7.5
420.2,15.0,300.6,328.6,0,7.5
421.0,15.0,301.0,330.8,0,7.5
421.0,15.0,301.0,331.0,0,7.5
420.8,15.0,301.0,329.0,0,7.5
419.4,15.0,301.0,320.8,0,7.5
419.4,15.0,301.0,323.4,0,7.5
419.2,15.0,301.0,323.0,0,7.5
419.4,15.0,301.0,323.2,0,7.5
419.0,15.0,301.0,321.2,0,7.5
419.0,15.0,300.8,320.2,0,7.5
418.6,15.0,300.8,320.2,0,7.5
419.2,15.0,301.0,322.0,0,7.5
419.0,15.0,301.0,321.0,0,7.5
418.6,15.0,301.0,318.2,0,7.5
418.0,15.0,301.0,315.6,0,7.5
418.2,15.0,301.0,318.8,0,7.5
419.0,15.0,301.0,321.4,0,7.5
418.6,15.0,301.0,317.2,0,7.5
417.4,15.0,301.0,313.8,0,7.5
417.6,15.0,301.0,314.8,0,7.5
417.2,15.0,301.0,314.2,0,7.5
416.4,15.0,301.0,310.2,0,7.5
416.2,15.0,301.0,310.8,0,7.5
417.0,15.0,301.0,312.6,0,7.5
417.0,15.0,301.0,313.8,0,7.5
417.0,15.0,301.0,314.2,0,7.5
417.0,15.0,301.0,316.0,0,7.5
417.0,15.0,301.0,315.8,0,7.5
417.0,15.0,301.0,316.0,0,7.5
418.0,15.0,301.0,318.2,0,7.5
418.4,15.0,300.8,320.2,0,7.5
419.0,15.0,300.0,321.8,0,7.5
419.0,15.0,300.0,322.4,0,7.5
419.0,15.0,300.0,323.6,0,7.5
419.2,15.0,300.0,323.8,0,7.5
418.4,15.0,300.2,319.8,0,7.5
418.6,15.0,301.0,321.0,0,7.5
418.4,15.0,301.0,318.2,0,7.5
418.8,15.0,301.0,320.2,0,7.5
419.6,15.0,300.2,326.4,0,7.5
421.0,15.0,299.8,332.8,0,7.5
420.8,15.0,299.2,331.4,0,7.5
422.6,15.0,298.4,334.6,0,7.5
419.6,15.0,300.0,325.4,0,7.5
416.0,15.0,300.0,314.6,0,7.5
414.8,15.0,300.0,309.8,0,7.5
415.6,15.0,300.2,312.0,0,7.5
416.0,15.0,301.0,313.2,0,7.5
416.0,15.0,300.2,313.8,0,7.5
416.0,15.0,300.0,314.4,0,7.5
417.2,15.0,300.2,317.8,0,7.5
417.4,15.0,301.0,318.6,0,7.5
417.0,15.0,301.0,316.8,0,7.5
417.0,15.0,301.0,316.8,0,7.5
416.2,15.0,301.4,315.4,0,7.5
416.0,15.0,301.0,315.4,0,7.5
416.4,15.0,301.2,315.4,0,7.5
415.8,15.0,301.2,311.0,0,7.5
415.0,15.0,301.2,307.4,0,7.5
415.2,15.0,301.8,310.0,0,7.5
416.6,15.0,301.8,315.8,0,7.5
419.4,15.0,302.0,323.8,0,7.5
420.0,15.0,302.0,324.2,0,7.5
419.8,15.0,301.8,323.0,0,7.5
418.4,15.0,302.0,319.0,0,7.5
418.8,15.0,302.0,321.2,0,7.5
418.4,15.0,302.0,316.0,0,7.5
417.0,15.0,301.6,308.2,0,7.5
416.2,15.0,301.0,300.8,0,7.5
413.4,14.2,301.0,282.0,0,7.5
411.0,14.0,301.0,269.6,0,7.5
407.8,14.0,302.0,254.4,0,7.5
405.8,14.0,302.4,247.6,0,7.5
405.0,13.8,303.0,235.4,0,7.5
404.8,13.4,303.0,230.6,0,7.5
406.2,14.0,303.0,241.2,0,7.5
405.4,13.4,302.4,233.8,0,7.5
408.2,14.0,301.6,258.2,0,7.5
409.6,14.0,302.2,266.4,0,7.5
411.0,14.0,303.0,269.2,0,7.5
412.6,14.0,304.0,278.4,0,7.5
412.0,14.0,303.6,270.8,0,7.5
409.4,14.0,303.0,263.6,0,7.5
407.2,14.0,303.2,250.6,0,7.5
405.8,14.0,302.2,243.0,0,7.5
404.4,13.4,301.4,230.4,0,7.5
405.0,14.0,301.0,244.4,0,7.5
405.2,14.0,301.0,248.4,0,7.5
408.0,14.0,300.8,260.2,0,7.5
409.2,14.0,300.0,265.4,0,7.5
408.6,14.0,300.2,256.4,0,7.5
405.8,13.6,300.8,235.6,0,7.5
400.2,13.0,300.4,223.0,0,7.5
393.2,13.0,298.0,223.0,0,7.5
390.4,13.0,298.0,223.0,0,7.5
392.6,13.0,298.6,223.0,0,7.5
394.0,13.0,298.8,223.0,0,7.5
397.6,13.0,299.2,223.0,0,7.5
395.6,13.0,300.4,223.0,0,7.5
395.6,13.0,300.8,223.0,0,7.5
397.2,13.0,299.4,223.0,0,7.5
397.6,13.2,296.8,233.6,0,7.5
399.0,13.6,297.8,244.8,0,7.5
401.0,13.8,298.4,250.6,0,7.5
401.4,13.8,299.0,250.6,0,7.5
403.4,14.0,299.4,257.8,0,7.5
403.8,14.0,300.0,259.6,0,7.5
404.8,14.0,300.0,262.6,0,7.5
404.8,14.0,299.6,264.8,0,7.5
406.6,14.0,299.0,274.0,0,7.5
405.2,14.0,299.8,269.0,0,7.5
405.4,14.0,300.6,266.0,0,7.5
406.6,14.0,301.0,271.8,0,7.5
407.2,14.0,301.0,273.8,0,7.5
406.6,14.0,301.0,269.4,0,7.5
404.8,14.0,301.0,262.6,0,7.5
403.8,14.0,301.0,257.4,0,7.5
402.2,14.0,300.4,249.0,0,7.5
401.6,14.0,300.0,248.2,0,7.5
404.4,14.0,301.0,258.8,0,7.5
405.8,14.0,301.0,266.0,0,7.5
404.4,14.0,301.0,258.2,0,7.5
406.2,14.0,300.6,271.8,0,7.5
408.8,14.0,300.0,282.2,0,7.5
407.4,14.0,300.0,277.6,0,7.5
407.0,14.0,299.2,275.6,0,7.5
407.8,14.0,300.4,279.8,0,7.5
409.8,14.0,301.0,289.8,0,7.5
411.8,14.8,299.4,300.0,0,7.5
414.2,15.0,297.6,312.6,0,7.5
418.2,15.0,296.2,328.8,0,7.5
416.0,15.0,297.6,314.0,0,7.5
414.4,15.0,298.0,308.0,0,7.5
410.2,14.2,297.6,290.6,0,7.5
406.0,14.0,299.2,277.4,0,7.5
408.0,14.0,300.8,290.4,0,7.5
411.6,15.0,300.2,305.4,0,7.5
418.0,15.0,299.8,330.8,0,7.5
415.6,15.0,301.0,323.0,0,7.5
416.0,15.0,301.0,327.0,0,7.5
418.4,15.0,300.2,333.6,0,7.5
415.0,15.0,300.8,313.4,0,7.5
412.2,15.0,299.6,304.4,0,7.5
413.6,15.0,299.6,307.6,0,7.5
414.6,15.0,300.0,309.8,0,7.5
414.4,15.0,300.4,307.6,0,7.5
415.2,15.0,301.0,309.4,0,7.5
413.6,14.8,300.6,300.6,0,7.5
406.8,14.0,300.0,268.6,0,7.5
406.0,14.0,299.4,272.2,0,7.5
406.0,14.0,300.2,272.4,0,7.5
404.4,14.0,301.6,271.6,0,7.5
404.6,14.0,302.0,269.2,0,7.5
406.0,14.2,302.2,281.4,0,7.5
410.0,14.2,301.2,291.0,0,7.5
412.4,14.8,299.6,300.2,0,7.5
412.4,14.6,299.6,296.4,0,7.5
413.0,14.4,299.0,297.2,0,7.5
411.4,14.0,299.4,291.4,0,7.5
410.4,14.0,300.0,282.8,0,7.5
406.2,14.0,301.6,267.0,0,7.5
405.0,14.0,302.4,263.6,0,7.5
404.8,14.0,303.0,264.6,0,7.5
406.2,14.0,303.0,271.0,0,7.5
410.8,14.4,302.8,295.2,0,7.5
413.6,15.0,303.6,300.0,0,7.5
412.2,14.6,304.2,294.0,0,7.5
408.4,14.0,304.0,275.8,0,7.5
407.0,14.0,304.0,272.6,0,7.5
409.2,14.0,303.8,286.6,0,7.5
410.0,14.0,302.6,290.4,0,7.5
408.2,14.0,302.2,275.2,0,7.5
408.2,14.0,303.0,283.6,0,7.5
407.8,14.0,303.0,276.2,0,7.5
406.2,14.0,303.2,273.8,0,7.5
408.0,14.0,303.0,283.0,0,7.5
408.4,14.0,303.6,283.0,0,7.5
404.6,13.8,303.0,251.8,0,7.5
401.2,14.0,303.8,244.4,0,7.5
403.8,14.0,304.0,260.2,0,7.5
407.6,14.0,303.6,280.6,0,7.5
409.0,14.0,302.0,287.2,0,7.5
409.8,14.6,301.4,289.6,0,7.5
410.2,14.0,302.2,290.0,0,7.5
408.8,14.0,303.0,281.0,0,7.5
407.0,14.0,303.0,274.6,0,7.5
406.4,14.0,303.0,270.4,0,7.5
404.2,14.0,303.0,261.2,0,7.5
407.0,14.0,303.0,276.4,0,7.5
407.4,14.0,303.2,279.4,0,7.5
410.0,14.0,303.2,288.8,0,7.5
410.6,14.2,304.0,290.6,0,7.5
408.8,14.0,304.0,281.2,0,7.5
407.6,14.0,303.8,276.4,0,7.5
407.2,14.0,303.0,271.0,0,7.5
404.0,14.0,303.0,251.6,0,7.5
403.0,14.0,303.0,249.2,0,7.5
403.0,14.0,303.0,249.6,0,7.5
403.0,14.0,303.8,251.4,0,7.5
402.4,14.0,303.8,249.8,0,7.5
404.0,14.0,303.4,256.6,0,7.5
404.8,14.0,303.0,259.8,0,7.5
405.6,14.0,303.0,261.2,0,7.5
404.8,14.0,303.0,256.2,0,7.5
403.0,14.0,303.0,244.0,0,7.5
402.6,13.8,303.0,239.4,0,7.5
394.2,13.0,298.4,223.0,0,7.5
393.2,13.0,301.0,223.0,0,7.5
394.4,13.0,300.6,223.0,0,7.5
394.6,13.0,299.8,223.0,0,7.5
396.2,13.0,299.6,223.0,0,7.5
396.4,13.0,298.8,223.0,0,7.5
397.0,13.0,299.0,223.4,0,7.5
398.6,13.0,300.2,229.8,0,7.5
397.6,13.0,299.8,223.4,0,7.5
395.4,13.0,298.6,223.0,0,7.5
395.6,13.0,299.0,223.0,0,7.5
396.6,13.0,299.0,223.0,0,7.5
396.8,13.0,299.0,223.0,0,7.5
396.8,13.0,299.0,223.0,0,7.5
396.8,13.0,299.2,223.0,0,7.5
396.8,13.0,299.6,223.0,0,7.5
396.0,13.0,299.2,223.2,0,7.5
394.8,13.0,299.4,223.0,0,7.5
394.2,13.0,300.6,223.0,0,7.5
393.8,13.0,300.8,223.0,0,7.5
394.0,13.0,300.0,223.0,0,7.5
394.6,13.0,299.0,223.0,0,7.5
395.2,13.0,299.0,223.0,0,7.5
396.0,13.0,299.0,223.0,0,7.5
396.8,13.0,299.0,223.0,0,7.5
396.8,13.0,299.0,223.0,0,7.5
397.6,13.0,300.0,224.4,0,7.5
399.4,13.0,300.0,235.4,0,7.5
400.0,13.0,300.0,234.8,0,7.5
399.4,13.0,300.0,227.0,0,7.5
399.0,13.0,300.0,224.0,0,7.5
399.6,13.0,300.0,232.4,0,7.5
400.0,13.0,300.2,232.4,0,7.5
399.0,13.0,300.0,223.8,0,7.5
396.0,13.0,298.4,223.0,0,7.5
396.0,13.0,299.0,223.0,0,7.5
395.0,13.0,298.8,223.0,0,7.5
394.0,13.0,299.2,223.0,0,7.5
393.6,13.0,301.6,223.0,0,7.5
394.8,13.0,301.2,223.0,0,7.5
395.6,13.0,300.4,223.0,0,7.5
396.8,13.0,297.8,223.0,0,7.5
397.2,13.0,297.6,223.0,0,7.5
397.8,13.0,298.0,223.0,0,7.5
398.0,13.0,297.6,223.0,0,7.5
398.0,13.0,298.0,223.0,0,7.5
397.8,13.0,298.0,223.0,0,7.5
398.6,13.0,298.2,225.0,0,7.5
400.2,13.2,299.0,233.8,0,7.5
400.8,13.0,299.4,226.8,0,7.5
400.4,13.0,300.0,227.2,0,7.5
400.2,13.0,300.0,224.2,0,7.5
400.0,13.0,300.0,225.2,0,7.5
403.0,13.6,300.0,244.8,0,7.5
405.6,14.0,300.8,254.4,0,7.5
406.2,14.0,300.4,257.6,0,7.5
406.8,14.0,299.4,264.8,0,7.5
408.2,14.0,299.0,270.4,0,7.5
408.8,14.0,299.6,270.4,0,7.5
405.4,14.0,300.2,254.6,0,7.5
403.2,14.0,301.0,250.2,0,7.5
403.6,14.0,301.0,252.0,0,7.5
402.6,14.0,301.0,246.4,0,7.5
401.8,14.0,301.0,242.4,0,7.5
400.6,13.0,301.0,238.0,0,7.5
401.0,13.8,301.2,241.6,0,7.5
402.6,14.0,301.2,247.6,0,7.5
402.0,13.8,301.0,241.8,0,7.5
399.2,13.0,300.4,225.0,0,7.5
398.2,13.0,299.4,223.6,0,7.5
395.6,13.0,298.4,223.0,0,7.5
397.8,13.0,299.0,223.0,0,7.5
399.0,13.2,300.0,233.6,0,7.5
401.2,13.4,300.6,242.8,0,7.5
402.8,14.0,301.0,251.6,0,7.5
404.4,14.0,300.2,256.0,0,7.5
406.2,14.0,299.4,262.2,0,7.5
408.8,14.0,299.6,271.8,0,7.5
408.8,14.0,300.6,269.2,0,7.5
406.2,14.0,301.6,259.2,0,7.5
405.6,14.0,301.8,259.0,0,7.5
407.8,14.0,300.4,269.4,0,7.5
408.0,14.0,301.0,269.6,0,7.5
407.8,14.0,301.8,265.8,0,7.5
407.0,14.0,302.0,263.4,0,7.5
406.4,14.0,302.0,259.2,0,7.5
406.6,14.0,302.0,262.8,0,7.5
407.0,14.0,302.0,263.8,0,7.5
407.6,14.0,302.0,263.0,0,7.5
406.0,14.0,301.8,258.2,0,7.5
403.8,13.8,301.2,243.8,0,7.5
400.2,13.0,301.0,232.8,0,7.5
400.8,13.4,301.2,237.6,0,7.5
402.4,14.0,302.0,246.4,0,7.5
403.0,13.8,302.0,246.6,0,7.5
403.2,14.0,302.0,248.0,0,7.5
404.8,14.0,302.2,257.0,0,7.5
406.2,14.0,301.6,260.6,0,7.5
407.8,14.0,301.0,268.4,0,7.5
408.4,14.0,300.0,270.0,0,7.5
409.6,14.0,300.4,271.8,0,7.5
408.0,14.0,301.0,265.6,0,7.5
406.6,14.0,301.0,259.6,0,7.5
403.8,14.0,301.0,246.4,0,7.5
405.2,14.0,300.0,258.2,0,7.5
407.0,14.0,301.0,265.2,0,7.5
409.6,14.0,301.0,274.4,0,7.5
411.0,14.0,302.0,281.2,0,7.5
412.6,14.0,302.0,286.8,0,7.5
412.8,14.2,301.8,287.6,0,7.5
412.0,14.0,300.6,283.2,0,7.5
411.0,14.0,300.2,276.2,0,7.5
407.8,14.0,301.6,262.2,0,7.5
406.4,14.0,302.0,258.4,0,7.5
407.2,14.0,302.0,263.4,0,7.5
408.6,14.0,302.0,267.0,0,7.5
405.2,14.0,302.0,250.6,0,7.5
403.4,14.0,302.0,245.0,0,7.5
402.0,13.8,302.0,242.0,0,7.5
403.0,14.0,302.8,248.0,0,7.5
403.0,14.0,303.0,250.4,0,7.5
402.4,14.0,303.0,247.6,0,7.5
402.0,14.0,303.0,248.6,0,7.5
403.0,14.0,303.6,253.8,0,7.5
402.4,14.0,304.0,251.2,0,7.5
402.0,14.0,304.2,250.4,0,7.5
402.2,14.0,304.4,251.4,0,7.5
402.0,14.0,304.0,249.6,0,7.5
402.2,14.0,303.6,251.6,0,7.5
403.0,14.0,303.8,252.8,0,7.5
403.0,14.0,304.0,250.2,0,7.5
404.4,14.0,303.6,258.0,0,7.5
406.2,14.0,302.8,263.0,0,7.5
403.4,13.4,302.0,236.4,0,7.5
400.8,13.0,300.4,223.6,0,7.5
398.6,13.0,299.2,223.0,0,7.5
397.2,13.0,300.8,223.0,0,7.5
394.4,13.0,303.0,223.0,0,7.5
395.0,13.0,303.0,223.0,0,7.5
396.4,13.0,301.0,223.0,0,7.5
398.0,13.0,299.6,223.0,0,7.5
398.4,13.0,299.2,223.0,0,7.5
400.0,13.0,299.8,223.0,0,7.5
399.6,13.0,299.6,223.0,0,7.5
398.4,13.0,299.0,223.0,0,7.5
398.6,13.0,299.6,223.0,0,7.5
399.0,13.0,301.0,223.0,0,7.5
399.4,13.0,303.0,223.0,0,7.5
399.4,13.0,303.4,223.2,0,7.5
400.0,13.0,302.0,223.2,0,7.5
400.2,13.0,303.0,223.2,0,7.5
401.2,13.0,303.0,224.4,0,7.5
402.2,13.4,303.4,234.8,0,7.5
403.0,14.0,304.0,243.8,0,7.5
403.6,14.0,304.0,244.0,0,7.5
403.0,13.8,304.0,242.8,0,7.5
402.0,13.4,304.0,230.8,0,7.5
401.0,13.4,304.0,232.0,0,7.5
401.6,13.8,304.4,246.4,0,7.5
405.0,14.0,305.0,263.0,0,7.5
408.0,14.0,305.8,277.4,0,7.5
410.2,14.0,306.0,285.4,0,7.5
412.0,14.6,306.4,293.4,0,7.5
414.2,15.0,307.2,298.8,0,7.5
416.6,15.0,307.0,304.6,0,7.5
418.0,15.0,307.0,308.8,0,7.5
418.2,15.0,305.4,311.6,0,7.5
418.0,15.0,306.0,310.2,0,7.5
415.8,15.0,306.6,303.4,0,7.5
415.0,15.0,306.8,298.8,0,7.5
416.0,15.0,307.0,302.8,0,7.5
417.0,15.0,306.6,308.0,0,7.5
419.0,15.0,306.0,312.8,0,7.5
419.8,15.0,306.0,314.6,0,7.5
