300.6,12.0,322.0,222.8,3,3
302.0,12.0,321.6,223.0,3,3
299.4,12.0,319.0,223.0,3,3
301.4,12.0,320.8,223.0,3,3
302.4,12.0,321.4,223.0,3,3
298.4,12.0,315.8,222.8,3,3
297.8,12.0,316.4,223.0,3,3
298.4,12.0,320.4,223.0,3,3
298.4,12.0,318.6,223.0,3,3
298.8,12.0,317.0,222.6,3,3
297.4,12.0,320.8,223.0,3,3
299.8,12.0,323.8,223.0,3,3
300.4,12.0,322.2,223.0,3,3
301.6,12.0,320.4,222.8,3,3
302.2,12.0,321.0,223.0,3,3
303.0,12.0,321.8,223.0,3,3
302.8,12.0,321.8,223.0,3,3
303.0,12.0,321.8,223.0,3,3
303.0,12.0,322.8,223.0,3,3
303.2,12.0,324.2,223.0,3,3
303.0,12.0,327.2,223.0,3,3
304.4,12.0,328.6,223.0,3,3
306.2,12.0,328.4,223.0,3,3
307.6,12.0,329.0,223.0,3,3
308.6,12.0,330.4,223.0,3,3
308.2,12.0,331.0,223.0,3,3
305.0,12.0,330.0,223.0,3,3
305.4,12.0,328.6,223.0,3,3
307.4,12.0,330.8,223.0,3,3
306.4,12.0,330.6,223.0,3,3
305.4,12.0,327.8,223.0,3,3
304.0,12.0,324.6,223.0,3,3
305.4,12.0,326.0,223.0,3,3
306.4,12.0,328.2,223.0,3,3
306.0,12.0,327.0,223.0,3,3
306.2,12.0,326.0,223.0,3,3
305.6,12.0,325.6,223.0,3,3
305.0,12.0,327.6,223.0,3,3
305.6,12.0,328.4,223.0,3,3
304.4,12.0,328.8,223.0,3,3
304.8,12.0,329.4,223.0,3,3
308.0,12.0,330.8,223.0,3,3
308.6,12.0,330.2,223.0,3,3
306.2,12.0,329.0,223.0,3,3
308.0,12.0,329.8,223.0,3,3
309.4,12.2,330.6,223.0,3,3
309.0,12.0,332.4,223.0,3,3
307.6,12.0,333.6,223.0,3,3
308.6,12.0,332.6,223.0,3,3
310.2,12.0,331.4,223.0,3,3
309.0,12.2,330.0,223.0,3,3
309.0,12.0,329.6,223.0,3,3
309.8,12.0,330.6,223.0,3,3
308.6,12.0,329.4,223.0,3,3
311.0,12.0,332.0,223.0,3,3
313.0,12.6,333.8,223.0,3,3
313.0,12.4,335.0,223.0,3,3
313.2,12.8,335.0,223.0,3,3
314.0,13.0,336.6,223.0,3,3
313.2,12.6,337.2,223.0,3,3
313.0,12.6,337.0,223.0,3,3
313.0,12.4,337.0,223.0,3,3
313.0,12.4,337.6,223.0,3,3
313.8,12.8,336.4,223.0,3,3
314.4,12.4,336.0,223.0,3,3
315.4,13.0,336.0,223.0,3,3
316.0,12.8,337.2,223.0,3,3
316.0,13.0,338.0,223.0,3,3
316.4,13.0,338.0,223.0,3,3
313.8,12.8,336.0,223.0,3,3
313.6,12.6,335.8,223.0,3,3
315.0,12.8,336.6,223.0,3,3
315.4,13.0,337.4,223.0,3,3
313.0,12.6,336.4,223.0,3,3
314.0,12.8,337.2,223.0,3,3
314.4,12.8,337.4,223.0,3,3
314.8,13.0,338.6,223.0,3,3
315.0,13.0,338.2,223.0,3,3
315.8,13.0,338.0,223.0,3,3
316.0,13.0,338.8,223.0,3,3
316.0,13.0,340.0,223.0,3,3
316.0,13.0,340.8,223.0,3,3
315.6,13.0,341.0,223.0,3,3
315.0,13.0,340.4,223.0,3,3
315.2,13.0,338.0,223.0,3,3
313.6,12.8,336.0,223.0,3,3
314.2,12.6,336.6,223.0,3,3
313.4,12.6,336.6,223.0,3,3
315.4,12.8,337.8,223.0,3,3
316.4,13.0,338.8,223.0,3,3
316.6,13.0,338.8,223.0,3,3
317.0,13.0,339.8,223.0,3,3
317.0,13.0,340.6,223.0,3,3
317.0,13.0,340.2,223.0,3,3
318.0,13.0,341.0,223.0,3,3
318.0,13.0,341.0,223.0,3,3
319.0,13.0,342.4,223.0,3,3
320.0,13.0,343.0,223.0,3,3
320.0,13.0,344.0,223.0,3,3
319.4,13.0,344.0,223.0,3,3
319.2,13.0,344.0,223.0,3,3
319.8,13.0,344.2,223.0,3,3
320.0,13.0,344.0,223.0,3,3
320.0,13.0,344.2,223.0,3,3
320.0,13.0,344.0,223.0,3,3
318.4,13.0,343.4,223.0,3,3
315.8,13.0,341.2,223.0,3,3
315.0,13.0,339.2,223.0,3,3
315.0,13.0,339.6,223.0,3,3
314.8,13.0,339.0,223.0,3,3
315.0,12.6,339.0,223.0,3,3
314.8,12.8,339.0,223.0,3,3
315.4,13.0,339.4,223.0,3,3
316.0,13.0,339.8,223.0,3,3
316.2,13.0,341.6,223.0,3,3
317.6,13.0,343.0,223.0,3,3
318.0,13.0,344.2,223.0,3,3
318.0,13.0,345.0,223.0,3,3
318.2,13.0,345.0,223.0,3,3
319.0,13.0,344.8,224.4,3,3
319.8,13.0,345.8,233.6,3,3
321.8,13.0,349.2,243.4,3,3
323.0,13.0,351.0,247.2,3,3
322.6,13.0,350.2,242.2,3,3
322.6,13.0,350.4,242.0,3,3
322.4,13.0,348.2,231.6,3,3
322.0,13.0,347.6,228.2,3,3
321.2,13.0,346.6,223.0,3,3
319.4,13.0,345.8,223.0,3,3
319.8,13.0,345.0,223.0,3,3
319.8,13.0,345.6,223.0,3,3
320.8,13.0,348.4,235.6,3,3
321.8,13.0,350.6,240.4,3,3
322.4,13.0,351.6,243.0,3,3
323.0,13.0,352.2,245.6,3,3
323.8,13.0,353.0,249.2,3,3
324.0,13.0,353.4,249.4,3,3
324.0,13.0,353.0,248.2,3,3
324.0,13.0,353.2,247.8,3,3
324.2,13.0,354.0,251.0,3,3
324.8,13.0,354.6,253.0,3,3
324.4,13.0,354.0,249.6,3,3
324.4,13.0,354.0,249.8,3,3
324.2,13.0,354.2,249.8,3,3
325.2,13.0,355.0,253.8,3,3
326.0,13.0,355.8,257.0,3,3
325.8,13.4,356.2,258.2,3,3
326.0,13.2,357.2,260.4,3,3
327.8,14.0,358.8,265.2,3,3
328.6,14.0,359.0,266.4,3,3
329.0,14.0,359.0,266.4,3,3
329.0,14.0,359.0,266.6,3,3
329.0,14.0,360.0,269.0,3,3
329.0,14.0,359.4,269.0,3,3
328.2,14.0,359.6,266.8,3,3
327.2,14.0,358.8,260.4,3,3
326.0,13.0,357.2,254.0,3,3
326.4,13.0,357.4,255.8,3,3
327.0,13.4,358.0,257.4,3,3
326.2,13.0,357.6,251.4,3,3
325.2,13.0,356.0,246.6,3,3
325.8,13.0,356.0,247.0,3,3
326.2,13.0,356.0,246.0,3,3
327.0,13.0,356.0,247.4,3,3
326.4,13.0,356.0,246.8,3,3
327.2,13.0,356.2,249.8,3,3
328.0,13.0,357.0,253.6,3,3
328.0,13.6,357.6,255.6,3,3
328.0,13.6,358.0,257.2,3,3
328.0,13.4,358.0,256.8,3,3
328.0,13.4,358.0,255.0,3,3
328.0,13.6,358.0,254.4,3,3
328.0,13.8,358.4,254.4,3,3
328.0,13.4,359.0,256.0,3,3
328.0,13.6,359.0,255.8,3,3
328.4,13.4,359.0,254.0,3,3
328.0,13.0,358.2,252.2,3,3
328.0,13.0,357.2,249.6,3,3
328.0,13.0,357.0,248.2,3,3
328.0,13.0,356.8,246.2,3,3
328.0,13.0,357.0,245.2,3,3
327.0,13.0,356.2,241.4,3,3
327.0,13.0,356.4,241.2,3,3
327.0,13.0,356.6,241.2,3,3
326.4,13.0,355.0,230.0,3,3
325.6,13.0,353.6,224.0,3,3
325.0,13.0,352.0,223.0,3,3
324.6,13.0,352.0,223.0,3,3
324.6,13.0,352.2,223.0,3,3
324.8,13.0,351.2,223.0,3,3
325.0,13.0,349.4,223.0,3,3
325.0,13.0,349.0,223.0,3,3
324.8,13.0,349.2,223.0,3,3
325.0,13.0,350.6,223.0,3,3
325.0,13.0,350.4,223.0,3,3
325.0,13.0,351.0,223.0,3,3
325.0,13.0,351.0,223.0,3,3
325.0,13.0,351.8,223.0,3,3
325.0,13.0,352.2,223.0,3,3
325.0,13.0,353.0,223.0,3,3
324.4,13.0,352.4,223.0,3,3
324.4,13.0,353.0,224.2,3,3
324.0,13.0,353.0,228.0,3,3
324.2,13.0,353.2,230.6,3,3
324.0,13.0,353.2,231.8,3,3
324.4,13.0,353.8,233.2,3,3
324.8,13.0,354.0,233.0,3,3
325.0,13.0,354.0,233.8,3,3
325.0,13.0,354.0,232.8,3,3
325.0,13.0,354.0,230.6,3,3
325.0,13.0,354.0,233.4,3,3
325.0,13.0,353.6,231.6,3,3
325.0,13.0,353.0,227.8,3,3
325.0,13.0,352.8,226.0,3,3
325.0,13.0,351.6,223.0,3,3
325.0,13.0,352.0,223.0,3,3
324.0,13.0,352.0,223.0,3,3
324.6,13.0,352.0,223.0,3,3
325.0,13.0,352.4,223.0,3,3
325.0,13.0,352.4,223.6,3,3
325.0,13.0,353.2,227.4,3,3
325.0,13.0,353.6,228.6,3,3
325.0,13.0,354.0,231.0,3,3
325.0,13.0,355.0,234.8,3,3
325.6,13.0,354.8,232.6,3,3
325.2,13.0,354.2,232.0,3,3
326.0,13.0,354.8,232.6,3,3
326.0,13.0,354.0,232.0,3,3
326.0,13.0,354.0,231.2,3,3
326.0,13.0,354.6,234.0,3,3
325.6,13.0,354.0,233.2,3,3
325.2,13.0,352.2,224.2,3,3
325.2,13.0,350.8,223.0,3,3
325.0,13.0,352.0,229.0,3,3
325.0,13.0,354.0,237.8,3,3
325.2,13.0,352.6,226.8,3,3
324.6,13.0,351.8,223.0,3,3
322.4,13.0,349.0,223.0,3,3
321.4,13.0,348.0,223.0,3,3
318.0,13.0,345.0,223.0,3,3
323.2,13.0,349.4,227.8,3,3
322.2,13.0,346.4,223.0,3,3
322.8,13.0,348.6,223.4,3,3
325.0,13.0,351.6,236.4,3,3
326.6,13.0,355.6,250.2,3,3
325.0,13.0,354.2,236.4,3,3
325.4,13.0,356.6,250.2,3,3
326.2,13.0,355.4,244.4,3,3
328.2,14.0,359.4,262.0,3,3
328.4,13.4,357.8,255.2,3,3
328.6,13.2,357.0,257.2,3,3
327.8,13.4,353.8,241.2,3,3
325.6,13.0,352.6,234.6,3,3
328.0,13.0,356.6,250.2,3,3
326.2,13.0,355.2,238.8,3,3
326.8,13.2,358.0,248.8,3,3
325.8,13.0,355.4,238.8,3,3
327.6,13.0,357.0,251.2,3,3
328.0,13.0,355.8,246.6,3,3
326.2,13.0,353.2,229.4,3,3
327.8,13.0,356.2,247.0,3,3
329.0,13.8,358.8,258.0,3,3
329.0,14.0,360.6,262.8,3,3
327.6,13.4,359.6,253.2,3,3
328.0,13.8,359.4,254.0,3,3
328.0,13.0,357.0,247.0,3,3
328.8,13.2,358.0,252.0,3,3
329.0,13.6,358.0,254.0,3,3
329.0,13.8,358.6,255.8,3,3
328.4,13.2,357.0,247.8,3,3
327.0,13.0,353.8,228.8,3,3
326.4,13.0,353.8,230.2,3,3
326.4,13.0,352.6,224.6,3,3
326.0,13.0,352.0,223.0,3,3
326.2,13.0,353.0,229.2,3,3
327.2,13.0,355.2,239.8,3,3
329.2,13.4,357.6,253.0,3,3
329.4,13.4,357.6,250.4,3,3
329.8,13.4,358.8,255.2,3,3
330.0,13.4,358.4,252.4,3,3
330.0,13.8,359.2,257.0,3,3
330.4,14.0,359.6,261.6,3,3
331.6,14.0,361.0,267.4,3,3
330.4,13.6,358.2,253.4,3,3
328.4,13.0,355.4,235.0,3,3
328.0,13.0,355.2,236.6,3,3
328.4,13.0,356.2,239.2,3,3
329.0,13.0,357.0,241.2,3,3
329.6,13.0,357.0,244.4,3,3
330.0,13.0,357.0,243.6,3,3
330.0,13.0,358.4,249.0,3,3
330.0,13.0,358.4,250.6,3,3
330.0,13.8,359.2,254.0,3,3
330.0,13.8,359.6,254.2,3,3
330.2,13.6,359.8,254.4,3,3
330.8,14.0,360.4,257.0,3,3
331.0,14.0,361.0,261.0,3,3
331.0,14.0,361.0,258.4,3,3
330.6,14.0,360.4,255.2,3,3
330.0,13.6,360.0,251.0,3,3
331.0,13.6,360.2,254.6,3,3
331.0,14.0,361.0,258.6,3,3
331.8,14.0,361.4,262.0,3,3
330.2,14.0,361.4,257.0,3,3
330.2,13.8,360.8,253.8,3,3
329.6,13.0,357.6,240.0,3,3
327.6,13.0,355.2,224.8,3,3
328.0,13.0,356.8,233.4,3,3
329.2,13.0,357.4,239.4,3,3
330.0,13.2,359.0,250.0,3,3
330.8,13.8,360.0,253.8,3,3
330.0,13.2,359.0,248.2,3,3
330.8,13.4,359.0,249.4,3,3
330.6,13.6,359.4,250.2,3,3
329.6,13.2,359.2,247.6,3,3
329.6,13.2,359.8,249.2,3,3
330.4,13.6,360.0,252.6,3,3
331.0,14.0,360.8,254.6,3,3
328.6,13.0,357.4,237.6,3,3
329.4,13.0,358.2,246.0,3,3
329.2,13.2,357.8,238.6,3,3
327.2,13.0,354.2,223.0,3,3
327.8,13.0,355.2,226.6,3,3
326.2,13.0,350.6,223.0,3,3
324.4,13.0,348.8,223.0,3,3
324.8,13.0,347.2,223.0,3,3
324.6,13.0,347.8,223.0,3,3
322.0,13.0,347.6,223.0,3,3
321.4,13.0,347.4,223.0,3,3
323.0,13.0,350.8,223.0,3,3
325.4,13.0,352.8,230.4,3,3
328.2,13.0,355.4,245.0,3,3
328.8,13.0,356.2,246.4,3,3
329.2,13.2,357.0,249.6,3,3
328.4,13.0,356.8,244.6,3,3
329.8,13.0,358.8,252.2,3,3
329.8,14.0,360.0,258.0,3,3
329.4,14.0,361.0,260.2,3,3
330.2,14.0,361.4,262.8,3,3
331.0,14.0,362.8,267.8,3,3
331.6,14.0,364.2,271.6,3,3
333.6,14.0,364.8,275.0,3,3
333.4,14.0,365.0,279.4,3,3
335.4,14.0,366.2,286.8,3,3
336.6,14.0,368.0,296.4,3,3
336.8,14.0,368.0,295.2,3,3
334.8,14.0,366.8,287.2,3,3
331.4,14.0,363.0,269.2,3,3
332.2,14.0,363.2,270.4,3,3
333.2,14.0,363.2,270.0,3,3
334.4,14.0,365.2,275.2,3,3
335.2,14.0,366.0,278.6,3,3
334.8,14.0,367.2,279.2,3,3
333.4,14.0,366.4,278.0,3,3
335.6,14.0,369.2,289.8,3,3
335.4,14.0,369.0,287.8,3,3
332.2,14.0,364.8,269.0,3,3
332.6,14.0,367.0,276.6,3,3
334.0,14.0,369.8,284.8,3,3
334.8,14.4,370.8,292.0,3,3
337.4,14.8,372.8,304.4,3,3
339.0,15.0,374.8,310.6,3,3
339.2,15.0,375.4,310.8,3,3
340.4,15.0,377.4,316.4,3,3
341.8,15.0,379.4,326.0,3,3
343.6,15.0,380.6,333.8,3,3
344.8,15.0,380.6,333.4,3,3
342.2,15.0,378.4,321.4,3,3
340.8,15.0,377.4,313.0,3,3
341.6,15.0,379.0,321.6,3,3
342.4,15.0,378.6,323.2,3,3
343.4,15.0,377.8,328.8,3,3
345.0,15.0,378.2,333.0,3,3
345.0,15.0,378.6,332.6,3,3
342.6,15.0,375.8,313.0,3,3
340.8,15.0,375.0,308.6,3,3
342.2,15.0,374.8,314.2,3,3
344.2,15.0,375.0,326.0,3,3
345.6,15.0,378.6,338.0,3,3
346.0,15.0,380.0,337.4,3,3
345.8,15.0,379.0,334.0,3,3
343.6,15.0,377.0,326.2,3,3
343.4,15.0,377.0,324.8,3,3
344.4,15.0,378.2,330.2,3,3
346.0,15.0,379.6,336.0,3,3
346.4,15.0,380.0,337.8,3,3
347.2,15.0,381.2,339.8,3,3
344.8,15.0,377.0,319.0,3,3
344.2,15.0,375.6,316.4,3,3
344.4,15.0,375.2,320.0,3,3
342.6,15.0,373.2,310.0,3,3
342.0,15.0,372.4,304.8,3,3
342.0,15.0,373.6,309.8,3,3
342.6,15.0,375.6,316.4,3,3
343.8,15.0,377.6,325.2,3,3
345.6,15.0,380.0,334.6,3,3
347.0,15.0,381.6,341.8,3,3
348.0,15.0,382.0,343.2,3,3
348.2,15.2,382.8,346.2,3,3
349.0,15.4,383.8,350.0,3,3
350.2,16.0,385.2,355.4,3,3
351.0,16.0,386.0,358.2,3,3
351.0,16.0,386.0,358.0,3,3
351.0,16.0,386.0,356.8,3,3
350.6,16.0,385.8,355.4,3,3
349.6,16.0,385.0,352.0,3,3
349.0,16.0,385.0,351.2,3,3
349.4,16.0,385.6,353.4,3,3
350.2,16.0,386.4,357.0,3,3
351.0,16.0,387.0,360.0,3,3
351.2,16.0,386.8,359.0,3,3
350.2,16.0,386.4,356.4,3,3
350.8,16.0,387.0,358.2,3,3
349.6,16.0,387.2,359.4,3,3
349.2,16.0,388.0,364.6,3,3
352.4,16.0,390.0,373.4,3,3
353.8,16.0,390.0,374.4,3,3
352.6,16.0,390.0,369.6,3,3
351.4,16.0,390.8,369.8,3,3
353.0,16.0,391.6,374.6,3,3
352.0,16.0,391.0,374.2,3,3
352.4,16.0,391.2,376.4,3,3
353.8,16.0,391.8,378.2,3,3
354.0,16.0,391.4,377.0,3,3
353.2,16.0,391.2,376.4,3,3
352.8,16.0,392.0,375.2,3,3
350.6,16.0,389.2,365.0,3,3
346.4,15.6,385.2,351.2,3,3
345.2,15.4,384.2,346.8,3,3
345.6,15.4,384.8,345.6,3,3
344.4,15.0,383.2,334.0,3,3
342.6,14.8,379.2,306.4,3,3
339.8,14.0,370.4,261.8,3,3
339.2,13.8,367.4,245.4,3,3
338.0,13.0,364.0,229.2,3,3
336.4,13.0,364.0,236.2,3,3
336.8,13.8,364.8,243.6,3,3
337.0,14.0,365.2,243.2,3,3
336.4,13.4,365.0,238.8,3,3
336.0,14.0,366.4,244.0,3,3
335.4,13.8,366.4,244.6,3,3
334.6,13.4,365.0,241.0,3,3
335.8,13.6,364.0,242.0,3,3
336.0,13.0,361.0,232.4,3,3
337.0,13.0,360.8,233.0,3,3
335.8,13.0,359.6,223.0,3,3
336.0,13.0,360.0,223.8,3,3
336.0,13.0,359.4,224.0,3,3
336.2,13.0,360.8,231.6,3,3
336.2,13.0,361.4,232.6,3,3
337.0,13.0,362.0,234.6,3,3
337.0,13.0,362.0,235.4,3,3
336.8,13.0,363.0,234.6,3,3
336.2,13.0,363.0,233.2,3,3
336.6,13.4,363.4,238.2,3,3
337.0,13.6,364.0,241.0,3,3
337.0,13.4,364.0,243.4,3,3
338.0,14.0,365.4,252.0,3,3
338.0,14.0,366.2,258.8,3,3
338.0,14.0,367.0,260.6,3,3
339.0,14.0,367.0,260.6,3,3
339.0,14.0,367.6,261.6,3,3
339.0,14.0,367.4,260.6,3,3
338.2,14.0,367.2,257.8,3,3
338.0,14.0,368.0,260.0,3,3
338.8,14.0,368.0,260.8,3,3
338.6,14.0,368.0,259.2,3,3
338.0,14.0,366.8,250.8,3,3
338.0,13.8,364.8,241.8,3,3
336.8,13.0,362.0,226.2,3,3
335.4,13.0,361.0,223.0,3,3
335.8,13.0,361.6,225.2,3,3
336.0,13.0,361.0,228.4,3,3
336.2,13.0,360.2,226.4,3,3
336.0,13.0,361.0,233.0,3,3
336.4,13.0,361.2,234.0,3,3
337.0,13.4,362.8,240.2,3,3
338.0,14.0,364.0,243.2,3,3
338.2,13.8,364.8,246.0,3,3
339.0,14.0,366.8,255.8,3,3
339.8,14.0,368.2,261.6,3,3
341.0,14.0,370.0,267.4,3,3
340.0,14.0,370.6,267.0,3,3
340.2,14.0,370.6,265.6,3,3
337.4,13.4,365.8,237.0,3,3
337.0,13.8,366.4,246.4,3,3
336.2,14.0,367.2,249.4,3,3
338.2,14.0,369.2,259.8,3,3
339.4,14.0,370.0,263.4,3,3
337.4,13.6,367.6,245.0,3,3
334.0,13.0,363.4,224.8,3,3
332.4,13.0,359.0,223.0,3,3
333.4,13.0,360.8,225.6,3,3
335.0,13.0,362.8,232.8,3,3
335.4,13.6,364.2,242.8,3,3
337.0,14.0,365.8,248.0,3,3
337.6,14.0,365.0,243.8,3,3
337.2,13.8,365.8,245.8,3,3
340.6,14.0,370.4,275.6,3,3
339.4,14.0,371.6,277.6,3,3
337.2,14.0,370.4,269.4,3,3
337.0,14.0,368.4,255.6,3,3
337.8,14.0,369.8,262.4,3,3
338.4,14.0,370.0,263.2,3,3
338.8,14.0,370.0,262.6,3,3
340.0,14.0,370.0,269.2,3,3
339.6,14.0,370.8,278.0,3,3
341.4,14.0,371.6,280.8,3,3
341.8,14.0,372.8,282.6,3,3
342.0,14.0,373.8,284.0,3,3
342.0,14.0,373.4,283.2,3,3
342.0,14.0,373.6,282.8,3,3
341.4,14.0,373.0,280.6,3,3
342.0,14.0,373.0,282.8,3,3
342.0,14.0,373.6,287.6,3,3
341.2,14.4,374.6,290.8,3,3
341.2,14.0,374.0,288.4,3,3
341.4,14.0,373.0,284.2,3,3
341.0,14.0,372.6,278.0,3,3
341.0,14.0,372.8,278.6,3,3
340.8,14.0,373.0,276.8,3,3
341.0,14.0,373.0,279.0,3,3
340.2,14.0,373.0,279.2,3,3
339.8,14.0,372.6,275.4,3,3
339.2,14.0,372.6,274.6,3,3
339.6,14.0,373.0,277.0,3,3
340.6,14.0,374.0,280.4,3,3
340.6,14.0,374.0,282.0,3,3
341.0,14.0,373.8,281.0,3,3
341.0,14.0,373.0,276.8,3,3
340.2,14.0,372.4,269.8,3,3
340.6,14.0,373.4,275.6,3,3
340.2,14.0,373.0,273.0,3,3
341.0,14.0,373.0,275.2,3,3
341.2,14.0,372.4,271.6,3,3
340.8,14.0,371.2,264.2,3,3
339.2,14.0,370.0,255.8,3,3
339.6,14.0,370.0,257.0,3,3
339.8,14.0,370.0,257.8,3,3
340.6,14.0,371.2,263.0,3,3
341.8,14.0,372.0,269.8,3,3
342.4,14.0,373.0,273.2,3,3
343.0,14.0,373.6,280.6,3,3
343.0,14.0,373.4,281.0,3,3
342.6,14.0,372.6,279.6,3,3
342.4,14.0,372.0,279.0,3,3
343.0,14.0,372.8,278.2,3,3
343.0,14.0,373.4,279.2,3,3
343.0,14.0,373.2,278.4,3,3
343.0,14.0,373.0,279.6,3,3
343.0,14.0,373.0,273.8,3,3
343.0,14.0,373.0,273.0,3,3
343.2,14.0,373.6,277.4,3,3
344.6,14.2,374.0,284.4,3,3
345.0,14.6,374.2,290.2,3,3
345.0,14.8,374.6,290.6,3,3
345.0,14.6,374.0,291.4,3,3
345.2,14.4,374.0,291.0,3,3
345.0,14.6,374.8,289.4,3,3
344.8,14.4,374.4,287.4,3,3
344.2,14.0,374.2,285.6,3,3
344.8,14.8,375.4,290.0,3,3
345.2,15.0,376.0,293.2,3,3
346.0,15.0,376.4,295.2,3,3
346.0,15.0,377.0,297.8,3,3
346.0,15.0,377.0,297.8,3,3
346.0,15.0,377.0,299.2,3,3
346.0,15.0,377.0,300.2,3,3
346.4,15.0,377.2,300.4,3,3
346.6,15.0,378.0,302.4,3,3
347.0,15.0,378.0,304.8,3,3
347.0,15.0,377.4,304.6,3,3
347.0,15.0,377.6,305.4,3,3
347.0,15.0,377.2,304.6,3,3
346.6,15.0,377.0,299.4,3,3
346.0,15.0,376.6,295.2,3,3
347.0,14.8,377.0,298.4,3,3
346.2,15.0,376.8,297.4,3,3
346.0,15.0,376.8,297.0,3,3
346.0,15.0,377.8,298.8,3,3
345.2,15.0,377.2,296.6,3,3
344.2,14.6,376.2,289.2,3,3
343.6,14.2,374.6,280.2,3,3
342.0,14.0,372.2,262.0,3,3
339.6,14.0,368.8,249.8,3,3
340.0,14.0,370.0,253.6,3,3
340.2,14.0,370.0,253.0,3,3
340.0,14.0,370.2,255.4,3,3
340.2,14.0,370.2,257.2,3,3
339.0,14.0,369.2,253.6,3,3
339.0,14.0,369.2,249.8,3,3
338.6,13.4,366.6,231.4,3,3
336.2,13.0,361.4,223.0,3,3
334.2,13.0,356.4,223.0,3,3
336.2,13.0,361.0,223.0,3,3
336.4,13.0,362.2,230.0,3,3
337.0,13.8,364.2,246.2,3,3
336.8,13.4,363.4,235.4,3,3
336.0,13.0,363.2,233.6,3,3
337.0,13.4,365.0,243.2,3,3
337.0,13.2,364.0,233.8,3,3
338.2,13.4,364.4,239.4,3,3
339.2,14.0,365.6,242.8,3,3
339.0,13.8,365.6,241.6,3,3
338.6,13.4,364.4,235.4,3,3
337.8,13.8,364.4,243.2,3,3
336.6,13.0,361.4,224.4,3,3
337.6,13.2,361.6,237.2,3,3
337.8,13.0,362.0,230.8,3,3
337.8,13.0,362.0,227.4,3,3
336.8,13.0,360.4,223.0,3,3
337.4,13.0,360.4,223.0,3,3
335.6,13.0,359.0,223.0,3,3
336.0,13.0,360.0,223.0,3,3
336.0,13.0,359.2,223.0,3,3
335.0,13.0,355.6,223.0,3,3
335.4,13.0,355.8,223.0,3,3
336.2,13.0,358.2,223.0,3,3
334.8,13.0,357.8,223.0,3,3
334.2,13.0,355.8,223.0,3,3
334.6,13.0,358.4,223.0,3,3
333.4,13.0,356.0,223.0,3,3
334.4,13.0,359.2,223.0,3,3
335.4,13.0,360.6,223.0,3,3
335.0,13.0,360.6,223.0,3,3
333.8,13.0,357.0,223.0,3,3
334.2,13.0,356.0,223.0,3,3
336.2,13.0,357.2,223.0,3,3
335.4,13.0,359.8,228.8,3,3
334.6,13.0,359.8,223.0,3,3
334.4,13.0,358.2,223.0,3,3
335.0,13.0,358.0,223.0,3,3
335.0,13.0,358.8,223.0,3,3
335.2,13.0,361.0,228.0,3,3
335.6,13.0,363.0,234.8,3,3
335.4,13.0,362.2,228.0,3,3
334.0,13.0,359.2,223.0,3,3
335.2,13.0,360.4,224.6,3,3
334.8,13.0,357.8,223.0,3,3
333.0,13.0,356.0,223.0,3,3
334.8,13.2,359.4,236.2,3,3
338.4,14.0,364.8,256.4,3,3
339.0,13.8,363.8,245.8,3,3
337.6,13.4,363.8,240.2,3,3
337.8,13.4,363.0,239.2,3,3
339.2,14.0,367.0,259.8,3,3
339.8,14.0,367.6,261.0,3,3
339.0,14.0,366.0,250.0,3,3
337.8,14.0,365.4,244.0,3,3
336.0,14.0,366.6,248.8,3,3
337.0,14.0,369.0,258.4,3,3
337.0,14.0,369.8,259.8,3,3
337.2,14.0,367.4,245.4,3,3
338.0,13.8,366.0,241.4,3,3
338.0,13.4,366.0,238.2,3,3
338.0,13.2,365.8,235.6,3,3
337.6,13.4,366.2,243.0,3,3
338.4,14.0,368.8,263.2,3,3
340.4,14.0,369.0,270.6,3,3
341.0,14.0,369.2,270.4,3,3
340.8,14.0,371.0,276.0,3,3
339.2,14.0,370.8,269.4,3,3
340.4,14.0,372.2,277.8,3,3
341.0,14.0,372.6,277.8,3,3
340.0,14.0,371.6,274.0,3,3
340.0,14.0,371.8,273.0,3,3
339.2,14.0,371.0,266.8,3,3
339.8,14.0,371.8,272.2,3,3
340.8,14.0,372.0,270.2,3,3
342.2,14.0,371.8,268.4,3,3
342.8,14.0,372.0,272.0,3,3
343.4,14.0,372.6,274.2,3,3
343.6,14.0,372.0,272.6,3,3
342.2,14.0,372.0,271.0,3,3
342.6,14.0,372.0,273.8,3,3
342.6,14.0,371.2,266.2,3,3
342.0,14.0,370.0,262.2,3,3
342.2,14.0,370.2,266.6,3,3
343.0,14.0,370.4,270.8,3,3
342.2,14.0,368.0,255.0,3,3
341.6,13.6,365.8,239.6,3,3
340.6,13.0,364.0,229.6,3,3
341.0,13.0,364.0,231.4,3,3
340.4,13.0,362.2,223.6,3,3
336.2,13.0,359.6,223.0,3,3
337.2,13.0,361.4,223.0,3,3
339.4,13.0,362.6,223.0,3,3
337.2,13.0,358.4,223.0,3,3
333.0,13.0,353.4,223.0,3,3
331.6,13.0,351.2,223.0,3,3
335.0,13.0,353.2,223.0,3,3
335.2,13.0,353.6,223.0,3,3
335.6,13.0,353.8,223.0,3,3
338.2,13.0,360.0,226.4,3,3
339.6,13.0,362.8,228.0,3,3
339.8,13.0,360.8,223.0,3,3
338.6,13.0,359.8,223.0,3,3
337.0,13.0,357.0,223.0,3,3
335.4,13.0,356.2,223.0,3,3
335.4,13.0,355.4,223.0,3,3
331.8,13.0,351.6,223.0,3,3
331.4,13.0,349.4,223.0,3,3
331.8,13.0,349.0,223.0,3,3
333.2,13.0,351.8,223.0,3,3
333.6,13.0,351.6,223.0,3,3
332.4,13.0,349.6,223.0,3,3
334.6,13.0,353.4,223.0,3,3
335.6,13.0,356.0,223.0,3,3
336.0,13.0,357.2,223.0,3,3
337.0,13.0,359.6,223.0,3,3
338.6,13.0,360.2,223.0,3,3
339.4,13.0,362.0,223.2,3,3
337.4,13.0,359.6,223.0,3,3
332.6,13.0,354.6,223.0,3,3
330.6,13.0,351.2,223.0,3,3
334.2,13.0,355.2,223.0,3,3
338.4,13.0,358.4,223.0,3,3
339.0,13.0,360.8,226.6,3,3
340.0,13.0,361.6,230.6,3,3
340.2,13.0,362.6,236.4,3,3
340.0,13.2,362.4,232.6,3,3
339.4,13.0,360.8,226.0,3,3
338.6,13.0,358.2,223.0,3,3
339.0,13.0,359.0,223.0,3,3
339.0,13.0,358.4,223.0,3,3
336.8,13.0,356.2,223.0,3,3
334.2,13.0,355.6,223.0,3,3
334.8,13.0,358.8,223.0,3,3
336.0,13.0,360.0,223.0,3,3
333.0,13.0,358.2,223.0,3,3
327.6,13.0,347.2,223.0,3,3
326.6,13.0,344.4,223.0,3,3
325.4,13.0,341.8,223.0,3,3
326.6,13.0,342.8,223.0,3,3
326.6,13.0,340.8,223.0,3,3
326.6,13.0,339.0,223.0,3,3
328.8,13.0,343.4,223.0,3,3
329.6,13.0,344.6,223.0,3,3
330.8,13.0,345.0,223.0,3,3
330.2,13.0,342.8,223.0,3,3
331.0,13.0,342.4,223.0,3,3
331.0,13.0,343.8,223.0,3,3
331.6,13.0,342.8,223.0,3,3
330.8,13.0,339.8,223.0,3,3
332.0,13.0,341.8,223.0,3,3
333.0,13.0,342.0,223.0,3,3
332.8,13.0,340.0,223.0,3,3
332.0,13.0,338.4,223.0,3,3
332.0,13.0,340.0,223.0,3,3
332.8,13.0,341.6,223.0,3,3
333.0,13.0,341.6,223.0,3,3
332.0,13.0,343.8,223.0,3,3
330.4,13.0,345.4,223.0,3,3
332.0,13.0,347.2,223.0,3,3
330.4,13.0,345.0,223.0,3,3
328.4,13.0,343.2,223.0,3,3
326.8,13.0,343.6,223.0,3,3
326.0,13.0,343.8,223.0,3,3
325.4,13.0,344.0,223.0,3,3
324.0,13.0,345.2,223.0,3,3
323.4,13.0,346.4,223.0,3,3
324.8,13.0,347.4,223.0,3,3
325.6,13.0,346.4,223.0,3,3
326.0,13.0,346.0,223.0,3,3
326.6,13.0,348.8,223.0,3,3
330.2,13.0,350.6,223.0,3,3
330.6,13.0,351.0,223.0,3,3
331.2,13.0,351.4,223.0,3,3
332.4,13.0,354.6,223.0,3,3
333.0,13.0,355.4,223.0,3,3
333.0,13.0,353.0,223.0,3,3
331.0,13.0,350.0,223.0,3,3
331.0,13.0,350.0,223.0,3,3
329.8,13.0,347.8,223.0,3,3
327.4,13.0,341.2,223.0,3,3
327.8,13.0,338.2,223.0,3,3
328.8,13.0,340.8,223.0,3,3
328.8,13.0,343.6,223.0,3,3
328.0,13.0,345.8,223.0,3,3
328.8,13.0,347.0,223.0,3,3
329.6,13.0,349.0,223.0,3,3
331.2,13.0,351.2,223.0,3,3
332.2,13.0,352.6,223.0,3,3
332.4,13.0,352.0,223.0,3,3
333.0,13.0,352.8,223.0,3,3
333.0,13.0,353.0,223.0,3,3
334.0,13.0,354.8,223.0,3,3
336.0,13.0,353.8,223.0,3,3
335.0,13.0,353.0,223.0,3,3
335.6,13.0,354.2,223.0,3,3
337.0,13.0,355.8,223.0,3,3
337.0,13.0,355.0,223.0,3,3
337.0,13.0,356.0,223.0,3,3
337.0,13.0,356.4,223.0,3,3
337.4,13.0,357.6,223.0,3,3
337.4,13.0,357.4,223.0,3,3
337.6,13.0,357.4,223.0,3,3
337.8,13.0,359.0,224.6,3,3
338.0,13.0,360.0,223.2,3,3
338.0,13.0,359.6,223.0,3,3
337.0,13.0,361.0,233.8,3,3
337.0,14.0,363.0,244.6,3,3
338.4,13.6,363.0,240.4,3,3
339.0,13.2,362.8,242.0,3,3
339.0,13.6,362.2,243.8,3,3
339.0,13.8,362.6,248.2,3,3
340.6,14.0,365.0,257.4,3,3
341.0,14.0,366.0,259.2,3,3
340.6,14.0,365.2,253.4,3,3
339.0,13.8,363.4,241.4,3,3
336.8,13.0,360.8,223.0,3,3
337.4,13.0,362.4,233.6,3,3
338.8,13.0,363.0,237.6,3,3
339.0,13.6,363.6,241.8,3,3
340.4,14.0,366.0,250.8,3,3
341.8,14.0,368.4,263.0,3,3
343.0,14.0,369.0,266.4,3,3
343.0,14.0,369.0,266.4,3,3
343.0,14.0,370.0,267.6,3,3
343.2,14.0,369.0,260.8,3,3
340.4,13.4,365.2,241.8,3,3
338.4,13.0,363.2,233.0,3,3
338.6,13.8,365.2,245.2,3,3
340.8,14.0,368.6,262.6,3,3
342.0,14.0,369.4,269.2,3,3
343.0,14.0,370.0,272.2,3,3
343.0,14.0,370.0,267.8,3,3
343.0,14.0,369.0,262.2,3,3
342.0,14.0,366.4,252.0,3,3
339.0,13.2,360.8,226.2,3,3
332.6,13.0,354.6,223.0,3,3
333.6,13.0,355.8,223.0,3,3
337.2,13.0,358.8,223.8,3,3
339.0,13.4,361.6,240.0,3,3
341.4,14.0,363.8,252.2,3,3
342.0,14.0,364.6,252.2,3,3
342.0,14.0,363.6,244.4,3,3
340.4,13.2,361.2,227.0,3,3
338.8,13.0,359.6,223.0,3,3
337.4,13.0,359.0,223.0,3,3
338.8,13.0,361.4,232.4,3,3
340.2,13.6,363.4,243.4,3,3
341.2,14.0,365.0,252.4,3,3
342.0,14.0,365.0,260.2,3,3
341.4,14.0,363.6,248.0,3,3
341.2,14.0,363.6,249.6,3,3
341.2,14.0,363.8,246.2,3,3
341.4,14.0,363.0,238.8,3,3
342.0,13.6,363.2,235.2,3,3
341.2,13.8,364.2,243.8,3,3
343.0,14.0,368.6,270.8,3,3
344.8,14.0,371.0,285.0,3,3
344.8,14.0,371.0,280.4,3,3
343.8,14.0,369.8,270.2,3,3
343.6,14.0,369.6,271.8,3,3
343.4,14.0,368.6,265.8,3,3
343.8,14.0,366.8,261.8,3,3
342.2,13.6,363.4,244.4,3,3
343.4,14.0,365.8,259.6,3,3
343.4,14.0,365.6,254.6,3,3
343.8,14.0,366.4,257.4,3,3
342.2,13.6,362.8,235.4,3,3
338.8,13.0,360.2,232.2,3,3
339.8,13.8,363.0,253.2,3,3
340.8,14.0,365.8,254.2,3,3
338.8,14.0,365.0,249.6,3,3
340.0,14.0,367.8,263.2,3,3
343.2,14.2,371.0,278.6,3,3
344.6,15.0,372.8,294.8,3,3
343.0,14.6,372.6,294.4,3,3
344.8,15.0,372.6,299.2,3,3
341.0,14.0,368.4,289.0,3,3
343.6,14.2,368.4,295.0,3,3
345.8,14.6,369.6,300.2,3,3
346.0,15.0,370.6,303.8,3,3
346.0,15.0,371.2,307.2,3,3
346.0,15.0,370.6,307.0,3,3
345.0,15.0,370.4,305.2,3,3
342.6,14.4,368.2,286.4,3,3
341.8,14.0,367.6,279.8,3,3
342.2,14.0,369.0,283.8,3,3
341.0,14.0,369.6,286.2,3,3
341.4,14.8,372.2,300.0,3,3
342.8,15.0,375.0,310.8,3,3
341.0,15.0,374.0,306.2,3,3
339.2,15.0,373.4,304.6,3,3
339.8,15.0,373.4,307.8,3,3
341.8,15.0,374.8,316.4,3,3
343.2,15.0,374.8,319.4,3,3
344.0,15.0,374.8,319.2,3,3
343.8,15.0,374.0,315.6,3,3
343.4,15.0,372.4,309.0,3,3
342.6,15.0,371.2,303.0,3,3
338.0,14.2,367.4,279.6,3,3
337.6,14.0,367.0,278.0,3,3
338.8,14.0,367.4,281.6,3,3
340.0,14.2,367.6,284.2,3,3
340.4,14.0,366.8,274.6,3,3
339.2,14.0,366.0,266.8,3,3
338.0,13.6,364.0,241.4,3,3
336.6,13.0,360.0,223.0,3,3
336.0,13.0,359.6,224.2,3,3
336.2,13.0,361.0,231.0,3,3
335.2,13.0,358.2,223.0,3,3
335.0,13.0,357.6,223.0,3,3
335.0,13.0,356.0,223.0,3,3
334.4,13.0,357.6,223.0,3,3
335.6,13.0,361.4,236.8,3,3
337.0,14.0,362.8,246.2,3,3
336.6,13.2,362.0,238.8,3,3
337.0,13.2,362.0,242.4,3,3
336.2,13.2,361.6,240.6,3,3
334.8,13.0,360.4,237.0,3,3
334.2,13.2,360.0,233.2,3,3
334.0,13.0,360.0,229.2,3,3
334.6,13.0,361.2,239.0,3,3
336.0,13.6,363.4,247.0,3,3
337.0,14.0,364.4,249.8,3,3
338.0,14.0,365.6,254.6,3,3
338.8,14.0,366.8,261.0,3,3
339.8,14.0,367.8,267.8,3,3
340.8,14.0,370.0,279.8,3,3
341.2,14.0,371.2,284.8,3,3
339.8,14.0,372.2,291.6,3,3
340.6,14.4,372.6,294.4,3,3
342.0,15.0,373.0,299.4,3,3
342.8,15.0,374.0,302.2,3,3
343.0,15.0,374.0,301.2,3,3
342.6,15.0,374.0,298.2,3,3
342.8,14.8,374.0,300.4,3,3
343.0,15.0,374.8,303.6,3,3
343.0,15.0,374.0,300.4,3,3
343.0,15.0,374.0,301.2,3,3
343.6,15.0,374.2,301.8,3,3
344.4,15.0,375.0,305.6,3,3
344.0,15.0,374.8,302.4,3,3
344.2,15.0,374.6,302.2,3,3
342.8,14.2,372.0,282.6,3,3
340.8,13.8,366.6,245.2,3,3
336.0,13.0,355.6,223.0,3,3
334.0,13.0,351.8,223.0,3,3
332.8,13.0,352.6,223.0,3,3
332.2,13.0,354.6,223.0,3,3
337.2,13.0,361.6,229.0,3,3
337.4,13.0,361.6,224.0,3,3
337.6,13.0,361.8,223.6,3,3
337.4,13.4,363.4,236.2,3,3
338.6,13.6,364.4,242.0,3,3
337.0,13.0,362.2,223.0,3,3
337.0,13.0,362.0,223.0,3,3
337.8,13.0,363.4,230.6,3,3
338.0,13.0,362.4,225.0,3,3
335.8,13.0,360.2,223.0,3,3
335.8,13.0,359.8,223.0,3,3
337.0,13.0,362.6,228.8,3,3
338.0,13.0,364.0,235.4,3,3
337.6,13.0,362.8,224.0,3,3
338.0,13.2,363.6,232.6,3,3
337.8,13.0,364.0,234.4,3,3
338.0,13.0,363.0,224.8,3,3
338.0,13.0,363.0,223.0,3,3
339.0,13.0,362.2,223.0,3,3
339.4,13.0,363.4,234.8,3,3
341.0,14.0,364.0,239.6,3,3
341.0,13.8,364.4,240.2,3,3
340.8,14.0,364.8,241.2,3,3
340.4,13.8,365.8,249.6,3,3
341.0,14.0,367.6,256.4,3,3
341.0,14.0,367.2,255.6,3,3
341.0,14.0,366.2,253.6,3,3
341.0,14.0,366.4,253.4,3,3
341.0,14.0,366.4,255.0,3,3
341.2,14.0,367.2,257.0,3,3
340.2,13.6,364.6,240.6,3,3
340.8,14.0,365.0,245.8,3,3
341.4,14.0,366.2,251.0,3,3
342.2,14.0,367.8,259.4,3,3
341.4,14.0,366.6,252.2,3,3
341.0,14.0,366.6,251.8,3,3
340.8,13.8,365.4,242.0,3,3
341.6,14.0,366.8,252.0,3,3
340.8,13.6,365.0,236.0,3,3
339.0,13.0,363.0,223.0,3,3
339.0,13.0,363.4,226.4,3,3
341.0,13.6,365.6,242.6,3,3
342.0,14.0,366.0,243.8,3,3
341.2,14.0,366.0,244.8,3,3
341.0,14.0,366.2,244.2,3,3
342.2,14.0,368.0,256.2,3,3
343.0,14.0,369.0,258.8,3,3
342.0,14.0,368.0,254.2,3,3
342.0,14.0,368.2,258.2,3,3
343.0,14.0,370.0,271.2,3,3
342.6,14.0,369.4,266.2,3,3
340.0,13.8,365.0,237.8,3,3
335.2,13.0,359.6,223.0,3,3
335.8,13.0,362.2,229.4,3,3
338.0,13.4,364.6,238.2,3,3
338.6,13.8,365.0,238.4,3,3
337.6,13.0,362.8,224.0,3,3
339.2,13.6,364.8,240.4,3,3
340.0,13.8,365.8,240.2,3,3
340.0,13.4,365.0,235.8,3,3
340.0,13.6,364.4,234.2,3,3
341.2,13.8,364.8,240.6,3,3
342.0,14.0,366.4,249.2,3,3
341.8,14.0,365.6,245.4,3,3
341.2,13.8,365.2,239.2,3,3
336.6,13.0,360.2,223.0,3,3
331.6,13.0,356.2,223.0,3,3
331.6,13.0,356.4,223.0,3,3
328.2,13.0,349.8,223.0,3,3
326.6,13.0,348.8,223.0,3,3
330.6,13.0,353.4,223.0,3,3
332.0,13.0,354.2,223.0,3,3
334.8,13.0,356.6,223.0,3,3
335.6,13.0,357.4,223.0,3,3
335.4,13.0,357.0,223.0,3,3
337.0,13.0,358.4,223.0,3,3
337.6,13.0,360.6,225.2,3,3
338.8,13.0,363.2,235.6,3,3
340.4,14.0,365.2,245.2,3,3
339.8,13.8,365.4,241.6,3,3
340.6,13.8,365.6,244.2,3,3
340.8,13.6,364.4,240.2,3,3
341.8,14.0,366.6,248.2,3,3
340.6,13.6,365.2,238.2,3,3
339.0,13.0,363.4,224.8,3,3
339.2,13.0,363.8,230.4,3,3
341.2,13.8,367.4,249.8,3,3
343.0,14.0,369.0,257.4,3,3
342.6,14.0,369.2,257.6,3,3
342.6,14.0,367.8,252.2,3,3
343.0,14.0,368.8,252.6,3,3
341.4,14.0,366.8,239.6,3,3
333.8,13.0,358.2,223.0,3,3
330.0,13.0,354.8,223.0,3,3
330.0,13.0,355.4,223.0,3,3
330.4,13.0,354.4,223.0,3,3
334.4,13.0,361.4,223.0,3,3
336.0,13.0,359.4,223.0,3,3
335.2,13.0,355.8,223.0,3,3
334.8,13.0,356.2,223.0,3,3
336.6,13.0,362.0,226.6,3,3
339.0,13.4,364.0,235.2,3,3
339.0,13.2,364.0,230.8,3,3
339.0,13.0,364.0,229.6,3,3
339.8,13.2,365.0,236.8,3,3
340.6,14.0,365.0,240.0,3,3
341.2,13.8,366.2,247.0,3,3
342.0,14.0,368.0,255.6,3,3
342.4,14.0,368.8,258.2,3,3
342.4,14.0,369.0,259.2,3,3
343.0,14.0,369.6,260.6,3,3
343.0,14.0,369.8,259.2,3,3
343.0,14.0,369.8,259.0,3,3
343.0,14.0,370.0,260.0,3,3
343.6,14.0,370.6,268.4,3,3
345.0,14.0,371.0,274.4,3,3
344.6,14.0,371.0,273.6,3,3
344.0,14.0,371.0,272.0,3,3
344.0,14.0,370.6,268.2,3,3
343.0,14.0,369.2,257.4,3,3
342.2,14.0,369.0,254.8,3,3
342.0,14.0,368.6,255.8,3,3
340.6,14.0,367.0,243.4,3,3
339.8,14.0,367.0,244.6,3,3
341.0,14.0,369.6,259.0,3,3
342.2,14.0,371.2,270.6,3,3
343.0,14.0,372.0,278.0,3,3
343.4,14.0,372.0,276.6,3,3
343.6,14.0,371.2,269.2,3,3
343.8,14.0,372.4,275.8,3,3
345.6,14.8,375.4,287.2,3,3
346.2,14.8,375.6,287.6,3,3
345.8,14.4,375.4,287.0,3,3
345.0,14.2,374.2,280.2,3,3
345.0,14.0,374.0,281.8,3,3
344.8,14.0,374.0,279.4,3,3
342.2,14.0,370.6,260.8,3,3
341.0,14.0,368.6,251.8,3,3
339.4,13.2,365.6,227.6,3,3
339.0,13.0,365.2,228.2,3,3
339.0,13.0,365.2,223.8,3,3
338.4,13.0,362.4,223.2,3,3
336.2,13.0,357.0,223.0,3,3
333.2,13.0,355.2,223.0,3,3
334.2,13.0,356.0,223.0,3,3
333.6,13.0,355.4,223.0,3,3
334.4,13.0,354.6,223.0,3,3
335.6,13.0,356.0,223.0,3,3
337.2,13.0,359.8,223.0,3,3
337.8,13.0,359.6,223.0,3,3
334.4,13.0,354.4,223.0,3,3
333.2,13.0,354.0,223.0,3,3
332.2,13.0,352.4,223.0,3,3
332.0,13.0,353.6,223.0,3,3
331.4,13.0,350.8,223.0,3,3
332.8,13.0,353.8,223.0,3,3
333.0,13.0,354.2,223.0,3,3
335.4,13.0,356.8,223.0,3,3
335.4,13.0,356.8,223.0,3,3
333.0,13.0,354.8,223.0,3,3
332.6,13.0,355.0,223.0,3,3
333.0,13.0,355.0,223.0,3,3
333.6,13.0,355.4,223.0,3,3
335.4,13.0,357.8,223.0,3,3
336.0,13.0,359.0,223.0,3,3
336.0,13.0,358.6,223.0,3,3
335.2,13.0,358.0,223.0,3,3
335.6,13.0,357.0,223.0,3,3
335.0,13.0,356.0,223.0,3,3
336.6,13.0,357.0,223.0,3,3
338.0,13.0,358.0,223.0,3,3
338.0,13.0,358.4,223.0,3,3
337.4,13.0,357.8,223.0,3,3
335.6,13.0,355.4,223.0,3,3
336.0,13.0,356.0,223.0,3,3
332.8,13.0,354.4,223.0,3,3
329.6,13.0,349.4,223.0,3,3
329.4,13.0,351.6,223.0,3,3
331.8,13.0,354.8,223.0,3,3
333.8,13.0,357.8,223.0,3,3
335.4,13.0,360.4,225.6,3,3
337.2,13.4,362.6,238.2,3,3
338.0,13.6,364.0,240.8,3,3
337.2,13.4,361.8,228.0,3,3
336.6,13.0,360.2,223.0,3,3
337.0,13.0,361.2,224.2,3,3
338.4,13.6,365.0,245.0,3,3
339.4,13.6,365.8,241.8,3,3
338.0,13.0,364.0,227.8,3,3
338.0,13.0,363.6,226.2,3,3
339.4,13.6,364.4,238.6,3,3
341.0,14.0,366.0,250.0,3,3
341.0,14.0,365.4,245.8,3,3
340.0,13.2,364.2,234.0,3,3
338.8,13.0,363.0,224.2,3,3
339.0,13.2,364.2,237.2,3,3
338.4,13.2,364.6,234.8,3,3
337.6,13.0,364.0,229.6,3,3
338.2,13.0,364.0,229.2,3,3
339.0,13.0,363.6,224.2,3,3
339.0,13.4,365.0,235.8,3,3
339.4,13.2,364.8,231.2,3,3
338.8,13.0,363.2,226.6,3,3
340.0,13.2,364.0,235.2,3,3
341.2,14.0,365.8,247.6,3,3
342.6,14.0,367.0,258.2,3,3
342.8,14.0,367.4,258.6,3,3
343.2,14.0,368.2,265.0,3,3
344.0,14.0,369.8,274.6,3,3
345.6,14.4,372.4,290.6,3,3
346.0,15.0,373.8,296.2,3,3
344.4,14.6,372.4,291.8,3,3
344.0,15.0,373.0,297.6,3,3
344.8,15.0,373.2,299.2,3,3
344.6,15.0,373.8,302.6,3,3
342.4,14.6,372.0,293.0,3,3
342.4,14.4,371.8,293.6,3,3
345.6,15.0,374.0,303.0,3,3
346.2,15.0,375.4,308.0,3,3
347.0,15.0,376.0,310.2,3,3
346.2,15.0,374.4,307.0,3,3
346.2,15.0,373.6,301.2,3,3
345.6,15.0,373.0,297.6,3,3
347.0,15.0,373.8,302.8,3,3
346.6,14.4,372.4,289.2,3,3
346.0,14.0,371.8,284.2,3,3
346.0,14.2,371.6,282.6,3,3
346.4,14.2,372.0,286.0,3,3
346.4,14.0,371.4,282.0,3,3
346.0,14.0,370.4,276.8,3,3
346.0,14.0,370.6,277.8,3,3
345.8,14.0,370.0,274.2,3,3
347.0,14.6,372.4,290.0,3,3
348.0,15.0,373.2,294.4,3,3
347.6,14.6,372.2,288.2,3,3
347.0,14.6,372.0,285.4,3,3
346.8,14.2,372.0,286.4,3,3
347.6,14.8,373.0,294.2,3,3
347.8,14.8,372.6,288.6,3,3
347.0,14.4,372.0,286.8,3,3
347.0,14.4,372.0,286.6,3,3
347.8,15.0,373.0,295.2,3,3
348.8,15.0,374.2,302.8,3,3
349.0,15.0,375.0,304.8,3,3
348.6,15.0,374.8,302.8,3,3
347.4,14.4,372.4,288.6,3,3
347.6,15.0,372.8,292.0,3,3
345.8,14.4,370.4,278.6,3,3
343.2,14.0,368.8,273.2,3,3
345.6,14.6,372.2,294.6,3,3
347.8,15.0,375.4,308.6,3,3
348.0,15.0,375.0,309.0,3,3
348.4,15.0,376.0,312.4,3,3
350.6,15.0,377.2,318.2,3,3
350.6,15.0,378.0,314.6,3,3
348.8,15.0,377.2,308.0,3,3
347.2,15.0,375.0,303.4,3,3
347.6,15.0,375.8,305.6,3,3
348.0,15.0,376.0,306.2,3,3
347.8,15.0,375.6,301.6,3,3
345.8,14.8,373.6,289.0,3,3
344.4,14.0,371.6,278.6,3,3
343.0,14.0,370.0,267.0,3,3
343.4,14.0,370.4,268.4,3,3
346.4,14.6,374.0,291.8,3,3
348.8,15.0,376.8,303.2,3,3
349.4,15.0,376.4,302.8,3,3
348.8,15.0,375.2,296.0,3,3
348.0,15.0,374.4,292.4,3,3
348.8,15.0,376.4,301.0,3,3
348.2,15.0,375.2,295.0,3,3
349.0,15.0,376.0,298.8,3,3
348.4,15.0,375.6,295.6,3,3
348.4,15.0,375.4,296.4,3,3
349.4,15.0,377.0,303.0,3,3
350.0,15.0,377.0,303.6,3,3
348.2,14.6,373.8,287.4,3,3
347.2,14.0,372.0,280.6,3,3
348.0,14.4,372.6,288.0,3,3
350.6,15.0,375.6,306.0,3,3
351.8,15.0,377.0,315.0,3,3
352.2,15.0,376.6,315.8,3,3
350.2,15.0,374.6,311.0,3,3
348.0,15.0,374.0,310.8,3,3
348.8,15.0,375.4,314.6,3,3
348.8,15.0,376.0,312.2,3,3
349.8,15.0,376.4,312.2,3,3
349.2,15.0,377.0,313.2,3,3
351.4,15.0,379.0,321.8,3,3
352.0,15.0,380.0,323.4,3,3
350.8,15.0,378.2,313.6,3,3
349.2,15.0,376.0,306.6,3,3
349.0,15.0,376.8,309.4,3,3
348.4,15.0,375.6,307.0,3,3
348.4,14.8,373.6,298.0,3,3
347.6,14.6,372.2,294.6,3,3
350.6,15.0,377.6,320.8,3,3
352.0,15.0,379.0,327.2,3,3
353.6,15.0,380.0,333.8,3,3
354.6,15.0,381.0,338.0,3,3
354.0,15.2,381.4,339.6,3,3
354.6,15.6,383.2,343.4,3,3
356.4,16.0,384.8,350.4,3,3
358.6,16.0,388.4,361.2,3,3
359.4,16.0,389.4,363.8,3,3
359.4,16.0,388.6,361.4,3,3
358.6,16.0,388.0,359.8,3,3
359.0,16.0,388.0,361.4,3,3
359.0,16.0,388.2,361.2,3,3
359.0,16.0,388.6,360.2,3,3
358.2,16.0,387.0,354.0,3,3
358.0,16.0,387.0,351.6,3,3
358.6,16.0,387.4,355.2,3,3
358.8,16.0,386.0,353.0,3,3
358.8,16.0,385.8,354.2,3,3
356.6,15.4,381.8,338.0,3,3
350.0,14.8,374.2,298.2,3,3
344.2,14.0,366.8,255.4,3,3
341.8,13.0,360.8,224.4,3,3
342.6,13.0,360.2,223.4,3,3
342.6,13.6,363.4,240.0,3,3
343.0,14.0,364.8,243.4,3,3
342.0,14.0,365.2,246.4,3,3
343.8,14.0,368.2,262.8,3,3
343.8,14.0,367.8,255.6,3,3
337.8,13.0,357.4,223.4,3,3
324.0,13.0,345.2,223.0,3,3
327.2,13.0,354.4,228.6,3,3
334.2,13.2,358.6,241.8,3,3
337.2,13.8,360.0,253.2,3,3
339.8,14.0,363.0,264.2,3,3
339.0,13.6,360.8,239.0,3,3
338.0,13.0,359.0,223.4,3,3
337.6,13.0,359.0,223.0,3,3
334.2,13.0,354.2,223.0,3,3
329.0,13.0,350.2,223.0,3,3
327.4,13.0,352.2,223.0,3,3
333.6,13.0,358.0,228.8,3,3
337.0,13.8,361.0,244.4,3,3
338.8,14.0,363.2,258.0,3,3
339.8,14.0,363.2,255.2,3,3
338.4,13.2,361.4,235.8,3,3
338.2,13.4,362.0,241.4,3,3
340.0,14.0,363.0,254.6,3,3
340.2,14.0,363.0,254.2,3,3
340.4,14.0,362.8,251.2,3,3
340.2,14.0,362.8,252.8,3,3
341.4,14.0,363.4,259.4,3,3
342.4,14.0,364.6,264.6,3,3
342.4,14.0,364.4,261.2,3,3
342.0,14.0,364.8,261.2,3,3
343.4,14.0,367.0,277.4,3,3
345.2,14.0,368.8,288.4,3,3
345.8,14.2,368.2,285.0,3,3
343.6,14.0,366.2,269.6,3,3
343.0,14.0,365.6,266.6,3,3
343.4,14.0,364.8,266.2,3,3
343.8,14.0,365.4,265.6,3,3
340.6,13.4,362.4,237.0,3,3
340.6,13.4,362.4,237.6,3,3
341.0,13.8,363.4,246.2,3,3
341.0,14.0,363.2,248.8,3,3
341.4,14.0,364.0,253.2,3,3
342.8,14.0,364.8,259.2,3,3
343.0,14.0,365.0,259.4,3,3
343.0,14.0,365.0,260.0,3,3
342.6,14.0,364.2,250.6,3,3
342.2,14.0,364.0,247.0,3,3
342.8,14.0,364.6,254.2,3,3
343.0,14.0,365.0,258.2,3,3
343.6,14.0,366.4,266.0,3,3
345.0,14.0,367.6,274.2,3,3
346.0,14.0,368.0,276.4,3,3
345.6,14.0,367.8,273.4,3,3
344.6,14.0,366.8,265.2,3,3
344.0,14.0,366.0,262.2,3,3
344.0,14.0,367.0,264.6,3,3
344.0,14.0,367.0,266.2,3,3
345.0,14.0,367.8,272.0,3,3
345.2,14.0,368.2,271.8,3,3
344.4,14.0,366.6,263.6,3,3
343.8,14.0,366.0,262.4,3,3
344.0,14.0,366.0,263.8,3,3
344.0,14.0,365.4,262.8,3,3
344.2,14.0,366.0,264.2,3,3
344.0,14.0,366.0,265.0,3,3
344.2,14.0,366.8,270.8,3,3
346.0,14.0,369.0,280.0,3,3
346.0,14.0,368.8,276.6,3,3
344.0,14.0,366.4,262.0,3,3
343.0,14.0,365.6,259.0,3,3
343.8,14.0,365.2,261.0,3,3
344.4,14.0,365.8,262.2,3,3
342.8,14.0,364.0,248.8,3,3
340.4,13.0,363.0,229.8,3,3
341.0,13.0,362.4,230.4,3,3
342.0,13.0,360.6,223.6,3,3
340.8,13.0,357.2,223.0,3,3
337.6,13.0,351.6,223.0,3,3
334.0,13.0,344.2,223.0,3,3
333.0,13.0,342.8,223.0,3,3
335.6,13.0,346.6,223.0,3,3
333.6,13.0,345.0,223.0,3,3
328.6,13.0,339.2,223.0,3,3
329.2,13.0,343.2,223.0,3,3
333.8,13.0,352.4,223.0,3,3
335.0,13.0,354.8,223.0,3,3
334.6,13.0,353.4,223.0,3,3
335.8,13.0,355.8,223.0,3,3
338.0,13.0,358.8,230.8,3,3
339.8,13.6,361.4,247.2,3,3
341.2,14.0,362.4,251.0,3,3
341.6,14.0,362.4,249.6,3,3
343.8,14.0,367.6,279.4,3,3
343.8,14.0,369.6,279.0,3,3
344.4,14.0,371.4,285.2,3,3
343.6,14.0,368.8,262.4,3,3
339.4,13.2,361.0,226.8,3,3
341.2,13.0,361.4,227.8,3,3
339.6,13.0,358.6,223.0,3,3
338.6,13.0,357.6,223.0,3,3
339.2,13.0,358.2,223.0,3,3
340.6,13.0,360.0,228.2,3,3
341.0,13.2,360.4,228.2,3,3
339.0,13.0,359.4,223.0,3,3
332.2,13.0,355.4,223.0,3,3
330.6,13.0,353.2,223.0,3,3
334.4,13.0,357.2,223.0,3,3
333.0,13.0,355.6,223.0,3,3
330.8,13.0,353.0,223.0,3,3
329.8,13.0,351.8,223.0,3,3
328.6,13.0,350.8,223.0,3,3
327.4,13.0,348.6,223.0,3,3
326.2,13.0,345.0,223.0,3,3
329.8,13.0,350.8,223.0,3,3
331.4,13.0,354.4,223.0,3,3
336.4,13.0,360.0,224.8,3,3
337.8,13.0,360.6,225.6,3,3
341.4,13.6,364.6,250.2,3,3
343.0,14.0,370.6,276.0,3,3
342.6,13.8,365.0,243.2,3,3
341.4,13.0,362.0,229.8,3,3
339.4,13.0,356.4,223.0,3,3
336.0,13.0,356.8,223.0,3,3
335.2,13.0,354.0,223.0,3,3
333.2,13.0,353.2,224.4,3,3
337.0,13.8,362.6,261.0,3,3
339.8,14.2,368.2,280.6,3,3
344.0,14.8,374.6,303.6,3,3
345.2,15.0,375.8,306.4,3,3
342.2,14.6,372.0,294.8,3,3
344.4,15.0,373.8,303.4,3,3
345.0,15.0,373.4,300.4,3,3
343.2,14.4,371.4,292.4,3,3
340.2,14.0,366.8,277.8,3,3
340.2,14.0,369.4,291.2,3,3
341.8,14.6,372.0,296.4,3,3
341.8,14.6,372.0,299.2,3,3
344.2,15.0,377.0,313.6,3,3
347.0,15.0,379.0,324.4,3,3
348.4,15.0,381.8,336.0,3,3
349.8,15.8,384.8,351.2,3,3
349.0,15.6,384.8,350.0,3,3
347.4,15.0,382.0,338.8,3,3
347.6,15.2,382.6,340.8,3,3
347.2,15.0,382.2,339.2,3,3
347.6,15.0,381.8,337.2,3,3
347.6,15.0,384.2,344.6,3,3
348.4,15.0,383.2,337.8,3,3
348.2,15.0,383.4,340.4,3,3
351.0,16.0,386.8,351.0,3,3
349.4,15.2,384.6,342.4,3,3
349.0,15.0,383.6,337.4,3,3
348.2,15.0,382.2,332.0,3,3
349.6,15.0,383.6,338.4,3,3
350.4,15.2,384.2,342.6,3,3
351.8,16.0,386.6,350.4,3,3
353.0,16.0,387.8,355.6,3,3
353.4,16.0,389.8,369.2,3,3
354.2,16.0,390.0,372.6,3,3
353.2,16.0,389.6,368.8,3,3
353.2,16.0,387.4,360.0,3,3
353.8,16.0,387.8,361.4,3,3
353.0,16.0,386.4,355.2,3,3
353.0,16.0,387.0,356.4,3,3
353.0,16.0,387.0,354.8,3,3
352.8,15.8,386.8,352.6,3,3
352.4,16.0,386.4,350.0,3,3
350.8,15.0,384.2,339.4,3,3
349.8,15.0,383.6,336.0,3,3
349.6,15.0,384.0,336.4,3,3
350.2,15.0,385.0,338.0,3,3
350.8,15.0,384.8,336.4,3,3
348.4,15.0,382.4,325.2,3,3
349.0,15.0,383.0,328.0,3,3
349.6,15.0,383.0,329.4,3,3
350.0,15.0,384.0,331.0,3,3
350.0,15.0,384.0,331.0,3,3
350.0,15.0,384.0,332.2,3,3
350.2,15.0,385.6,336.0,3,3
351.2,15.6,386.8,341.4,3,3
352.0,15.6,387.8,344.2,3,3
352.8,16.0,388.8,349.2,3,3
353.2,16.0,389.0,349.8,3,3
353.0,16.0,388.4,346.8,3,3
353.0,16.0,388.0,346.8,3,3
353.0,16.0,388.6,349.8,3,3
353.8,16.0,389.8,352.4,3,3
354.0,16.0,390.0,352.0,3,3
354.0,16.0,389.4,350.4,3,3
354.0,16.0,389.8,351.4,3,3
353.8,16.0,388.2,348.2,3,3
353.4,15.8,387.6,345.6,3,3
352.8,16.0,387.8,345.2,3,3
354.0,16.0,388.6,349.6,3,3
355.0,16.0,389.8,353.4,3,3
352.0,15.2,384.0,333.4,3,3
354.0,15.6,384.4,346.4,3,3
351.0,15.0,380.8,326.8,3,3
350.8,15.0,382.2,325.4,3,3
351.8,15.4,385.4,339.2,3,3
352.4,15.2,386.4,345.4,3,3
347.2,14.8,377.6,306.4,3,3
345.6,15.0,376.8,311.8,3,3
346.6,15.0,377.2,318.2,3,3
349.2,15.0,378.0,318.0,3,3
343.0,14.4,370.6,284.2,3,3
342.8,14.6,372.2,295.8,3,3
344.0,15.0,374.6,303.0,3,3
345.0,15.0,376.0,309.6,3,3
347.0,15.0,377.8,318.2,3,3
347.0,15.0,378.4,315.6,3,3
347.0,15.0,379.0,317.0,3,3
346.8,15.0,377.4,306.0,3,3
344.2,14.6,374.2,292.4,3,3
345.8,15.0,376.4,302.0,3,3
340.4,14.0,369.4,260.8,3,3
336.2,13.6,365.0,244.8,3,3
338.2,14.0,368.0,260.4,3,3
339.8,14.0,370.6,269.6,3,3
341.0,14.0,373.0,283.8,3,3
343.0,14.8,376.0,301.0,3,3
342.4,14.4,373.4,283.2,3,3
342.2,14.4,374.6,296.8,3,3
346.6,15.0,379.2,321.2,3,3
347.8,15.0,380.4,325.6,3,3
347.4,15.0,379.2,318.4,3,3
347.8,15.0,380.0,320.2,3,3
346.4,15.0,378.0,308.8,3,3
347.4,15.0,378.6,312.2,3,3
346.8,15.0,377.2,303.0,3,3
346.0,15.0,377.2,302.8,3,3
346.0,15.0,376.6,299.6,3,3
347.6,15.0,378.6,308.4,3,3
348.2,15.0,379.4,313.6,3,3
349.6,15.0,381.2,322.4,3,3
350.0,15.0,381.8,323.2,3,3
350.0,15.0,382.0,325.6,3,3
350.0,15.0,382.0,326.0,3,3
350.0,15.0,382.0,326.6,3,3
350.0,15.0,381.8,323.6,3,3
347.8,15.0,379.0,307.2,3,3
348.2,15.0,379.8,311.6,3,3
348.0,15.0,380.0,312.8,3,3
347.4,15.0,378.2,302.4,3,3
344.6,14.6,375.8,293.8,3,3
343.8,14.2,373.2,280.8,3,3
343.6,14.0,373.2,282.0,3,3
342.6,14.0,371.8,273.2,3,3
344.0,14.6,374.6,290.6,3,3
345.0,15.0,375.8,292.6,3,3
344.8,14.8,375.0,289.0,3,3
342.2,14.0,370.2,262.4,3,3
340.8,13.6,366.8,240.0,3,3
337.0,13.0,359.6,223.0,3,3
334.4,13.0,352.4,223.0,3,3
334.6,13.0,352.0,223.0,3,3
337.2,13.0,356.0,223.0,3,3
338.4,13.0,356.4,223.0,3,3
338.4,13.0,358.2,223.4,3,3
337.2,13.0,361.2,231.8,3,3
336.0,13.0,359.0,233.4,3,3
339.8,14.0,367.6,266.0,3,3
339.8,14.0,366.4,261.2,3,3
336.4,14.0,362.4,257.8,3,3
337.0,14.0,362.8,256.2,3,3
334.8,13.0,359.4,242.6,3,3
336.6,14.0,362.6,257.6,3,3
338.8,14.0,366.6,271.0,3,3
342.4,14.0,371.6,286.2,3,3
343.0,14.6,373.0,289.8,3,3
343.0,14.8,374.2,293.4,3,3
344.4,15.0,376.6,301.8,3,3
344.6,15.0,378.4,310.0,3,3
345.2,15.0,381.2,319.0,3,3
345.8,15.0,382.2,324.2,3,3
345.2,15.0,383.2,330.4,3,3
346.4,15.0,384.4,339.0,3,3
348.8,15.4,386.2,344.0,3,3
350.2,15.2,387.4,346.6,3,3
351.0,15.8,388.0,343.6,3,3
350.6,15.2,387.4,340.6,3,3
351.0,15.2,387.8,342.0,3,3
351.0,15.2,387.0,340.6,3,3
350.6,15.0,386.8,339.0,3,3
350.0,15.0,384.8,333.0,3,3
350.0,15.0,383.8,329.8,3,3
348.2,15.0,381.8,318.0,3,3
343.6,14.4,376.4,291.8,3,3
343.0,14.0,373.2,278.6,3,3
344.4,14.0,374.2,283.2,3,3
345.4,14.4,374.8,288.0,3,3
346.0,14.6,375.6,291.2,3,3
346.8,15.0,376.6,298.8,3,3
348.0,15.0,378.2,304.0,3,3
349.0,15.0,380.6,311.2,3,3
349.0,15.0,380.0,310.0,3,3
349.2,15.0,380.6,313.8,3,3
350.0,15.0,381.0,315.0,3,3
350.0,15.0,380.4,310.2,3,3
348.0,15.0,378.0,300.4,3,3
345.6,14.8,377.2,291.2,3,3
342.8,14.0,375.2,281.2,3,3
342.2,14.0,373.4,274.6,3,3
343.6,14.0,373.8,278.4,3,3
343.0,14.0,372.8,275.8,3,3
344.0,14.0,374.0,281.2,3,3
344.6,14.0,373.8,281.8,3,3
344.8,14.0,373.0,276.8,3,3
343.2,14.0,368.2,253.2,3,3
342.4,14.0,367.0,249.2,3,3
342.2,13.6,365.8,237.6,3,3
343.0,14.0,366.6,247.6,3,3
343.4,14.0,367.2,251.8,3,3
343.2,14.0,368.0,256.2,3,3
344.0,14.0,369.0,260.4,3,3
343.8,14.0,368.8,258.8,3,3
343.0,14.0,368.4,260.0,3,3
343.0,14.0,369.8,265.2,3,3
342.6,14.0,368.2,261.4,3,3
343.0,14.0,368.4,262.8,3,3
342.8,14.0,368.0,261.4,3,3
341.6,14.0,367.8,259.0,3,3
341.0,14.0,367.0,256.0,3,3
341.2,14.0,367.0,254.6,3,3
341.0,14.0,366.0,246.8,3,3
340.2,13.8,365.0,242.0,3,3
341.0,13.8,365.0,243.6,3,3
341.0,14.0,366.0,247.2,3,3
341.0,14.0,365.4,240.6,3,3
341.6,14.0,365.8,243.2,3,3
341.8,13.8,365.6,241.6,3,3
342.0,13.8,366.0,243.6,3,3
342.2,14.0,366.2,245.2,3,3
343.2,14.0,367.8,254.4,3,3
344.0,14.0,369.0,259.4,3,3
344.0,14.0,369.0,257.4,3,3
343.4,14.0,367.2,250.6,3,3
342.2,14.0,366.0,244.0,3,3
342.6,14.0,366.8,248.4,3,3
343.0,14.0,367.0,249.8,3,3
342.8,14.0,367.0,250.4,3,3
342.2,14.0,367.0,249.8,3,3
342.8,14.0,367.6,252.2,3,3
343.0,14.0,368.0,253.4,3,3
343.0,14.0,368.4,254.6,3,3
343.8,14.0,369.0,256.0,3,3
344.0,14.0,369.2,257.4,3,3
344.2,14.0,370.6,263.6,3,3
345.0,14.0,371.0,266.6,3,3
345.0,14.0,372.0,270.0,3,3
345.0,14.0,372.0,272.8,3,3
345.8,14.0,373.0,274.0,3,3
346.0,14.0,373.0,275.6,3,3
346.2,14.0,373.0,274.2,3,3
346.4,14.0,373.0,274.4,3,3
346.0,14.0,373.0,274.6,3,3
346.0,14.0,373.0,273.4,3,3
346.0,14.0,373.8,279.2,3,3
346.0,14.0,373.0,277.0,3,3
346.0,14.0,373.0,277.6,3,3
346.0,14.0,373.0,281.8,3,3
346.6,14.6,374.0,285.8,3,3
347.4,15.0,375.8,294.8,3,3
348.0,15.0,377.0,298.0,3,3
348.0,15.0,377.2,297.6,3,3
348.0,15.0,376.2,291.0,3,3
348.0,15.0,376.0,290.6,3,3
348.0,15.0,376.0,289.0,3,3
348.0,14.8,376.0,286.4,3,3
348.0,14.8,375.6,287.2,3,3
348.0,14.6,375.8,287.2,3,3
348.0,14.8,376.0,289.6,3,3
348.0,15.0,375.8,288.8,3,3
348.0,15.0,375.6,289.4,3,3
348.0,15.0,376.0,289.8,3,3
348.0,15.0,376.0,292.6,3,3
348.0,15.0,376.0,293.4,3,3
348.0,15.0,376.8,297.4,3,3
348.0,15.0,377.2,300.0,3,3
348.0,15.0,378.4,302.2,3,3
348.6,15.0,379.0,305.0,3,3
349.0,15.0,379.6,307.0,3,3
348.4,15.0,380.6,312.6,3,3
349.4,15.0,382.6,320.6,3,3
350.2,15.0,383.6,324.4,3,3
350.8,15.0,383.8,324.6,3,3
350.2,15.0,383.0,323.2,3,3
348.8,15.0,380.4,307.8,3,3
343.8,14.2,374.4,276.4,3,3
344.0,14.0,371.6,264.2,3,3
344.8,14.0,371.6,263.8,3,3
343.0,14.0,367.6,245.2,3,3
340.8,13.8,366.2,241.2,3,3
341.0,14.0,366.0,241.8,3,3
341.2,14.0,366.4,245.4,3,3
342.6,14.0,367.0,251.6,3,3
342.0,13.8,365.6,239.4,3,3
341.2,13.0,364.0,230.8,3,3
341.6,13.0,364.0,230.2,3,3
341.0,13.0,362.6,224.0,3,3
341.2,13.0,362.6,224.6,3,3
341.2,13.0,362.8,227.4,3,3
342.0,13.4,364.2,235.4,3,3
342.6,14.0,366.2,247.8,3,3
343.0,14.0,366.6,250.6,3,3
343.0,14.0,366.2,244.8,3,3
343.0,14.0,367.0,249.2,3,3
343.0,14.0,367.0,247.8,3,3
343.8,14.0,367.4,251.2,3,3
344.0,14.0,367.8,251.2,3,3
343.4,14.0,367.4,248.0,3,3
344.2,14.0,368.0,254.2,3,3
344.6,14.0,368.4,256.6,3,3
345.0,14.0,369.6,261.4,3,3
344.0,14.0,368.0,254.2,3,3
343.2,14.0,367.8,250.2,3,3
343.0,14.0,367.0,241.2,3,3
343.0,14.0,366.6,240.2,3,3
343.8,14.0,367.0,244.6,3,3
343.0,13.6,366.0,237.2,3,3
341.4,13.0,364.4,227.0,3,3
341.0,13.0,364.8,230.8,3,3
342.4,14.0,366.8,245.8,3,3
343.8,14.0,368.0,252.0,3,3
343.8,14.0,368.0,250.0,3,3
342.6,14.0,366.6,240.8,3,3
342.0,13.2,366.0,232.4,3,3
341.6,13.0,365.6,227.2,3,3
342.0,13.4,366.0,234.0,3,3
342.2,14.0,367.8,247.8,3,3
342.8,14.0,368.2,246.6,3,3
341.4,14.0,367.0,238.2,3,3
341.2,14.0,367.0,237.8,3,3
342.0,14.0,367.0,240.8,3,3
342.0,13.8,367.0,238.4,3,3
342.0,14.0,367.2,241.0,3,3
342.0,14.0,367.2,240.0,3,3
342.8,14.0,368.0,244.6,3,3
343.0,14.0,368.2,249.0,3,3
343.0,14.0,368.6,249.6,3,3
342.8,14.0,368.0,248.2,3,3
342.8,14.0,369.0,250.0,3,3
343.0,14.0,369.0,250.2,3,3
343.0,14.0,368.8,251.8,3,3
343.4,14.0,369.8,255.2,3,3
344.0,14.0,370.0,254.2,3,3
343.8,14.0,370.0,252.6,3,3
343.4,14.0,369.4,250.8,3,3
343.2,14.0,370.2,255.0,3,3
343.4,14.0,370.0,255.4,3,3
343.0,14.0,370.0,253.4,3,3
343.6,14.0,370.6,257.2,3,3
344.0,14.0,371.2,260.8,3,3
344.0,14.0,372.0,264.0,3,3
344.8,14.0,371.6,261.4,3,3
344.0,14.0,369.4,250.4,3,3
344.2,14.0,370.0,256.4,3,3
344.2,14.0,370.6,257.6,3,3
344.2,14.0,371.2,259.8,3,3
345.0,14.0,372.6,269.2,3,3
346.4,14.0,373.8,273.0,3,3
346.8,14.0,374.0,272.6,3,3
346.0,14.0,374.0,273.4,3,3
346.8,14.0,374.0,274.2,3,3
347.0,14.0,375.0,280.0,3,3
347.2,14.4,375.0,282.6,3,3
348.0,14.6,375.0,283.0,3,3
348.0,14.0,375.0,278.8,3,3
348.0,14.2,375.0,282.8,3,3
349.0,14.4,375.0,284.2,3,3
348.4,14.4,374.8,276.8,3,3
347.8,14.0,374.0,271.0,3,3
347.0,14.0,373.0,266.2,3,3
347.0,14.0,373.0,267.6,3,3
347.0,14.0,373.0,268.8,3,3
347.0,14.0,373.0,267.2,3,3
347.0,14.0,373.6,269.2,3,3
347.0,14.0,373.6,270.6,3,3
347.0,14.0,374.6,274.2,3,3
347.2,14.0,374.8,275.2,3,3
348.0,14.0,375.0,275.6,3,3
348.0,14.0,374.8,274.6,3,3
348.0,14.0,374.6,273.6,3,3
348.0,14.0,374.8,275.2,3,3
348.0,14.0,374.8,274.6,3,3
348.0,14.0,375.0,276.8,3,3
348.0,14.0,375.0,280.8,3,3
349.0,14.4,375.0,281.2,3,3
348.6,14.2,375.0,279.2,3,3
348.0,14.0,375.0,278.0,3,3
347.6,14.2,374.4,275.6,3,3
347.6,14.0,374.8,276.0,3,3
347.4,14.0,374.4,273.4,3,3
347.0,14.0,374.2,273.0,3,3
347.0,14.0,374.0,269.0,3,3
347.0,14.0,374.0,271.2,3,3
347.0,14.0,374.0,273.0,3,3
347.0,14.0,375.0,276.0,3,3
347.0,14.0,375.0,276.2,3,3
347.2,14.2,375.0,279.4,3,3
347.0,14.0,375.0,280.4,3,3
347.6,14.2,375.8,283.2,3,3
348.0,15.0,376.0,287.8,3,3
348.0,15.0,376.6,291.4,3,3
348.0,15.0,377.0,293.8,3,3
348.0,15.0,377.0,292.2,3,3
348.0,15.0,377.0,292.2,3,3
348.0,14.8,376.8,289.4,3,3
348.2,14.6,377.0,288.4,3,3
348.0,14.8,376.6,287.0,3,3
348.0,14.8,376.6,287.0,3,3
348.0,14.6,376.6,287.0,3,3
348.0,14.8,376.8,289.2,3,3
348.0,15.0,377.0,287.8,3,3
348.0,14.8,377.0,289.6,3,3
349.0,15.0,377.0,292.6,3,3
349.0,15.0,377.0,293.6,3,3
349.8,15.0,377.0,294.8,3,3
349.2,15.0,377.0,292.6,3,3
349.0,15.0,377.0,291.4,3,3
349.0,15.0,377.0,291.6,3,3
349.0,15.0,377.0,291.4,3,3
348.6,14.6,376.0,279.2,3,3
347.4,14.0,374.8,270.6,3,3
345.8,14.0,372.8,256.8,3,3
344.8,14.0,371.0,250.4,3,3
345.0,14.0,370.6,246.4,3,3
345.0,14.0,370.6,249.0,3,3
344.0,14.0,370.6,244.6,3,3
344.0,14.0,370.8,247.8,3,3
344.0,14.0,370.8,246.8,3,3
343.8,14.0,370.4,244.6,3,3
344.0,14.0,370.0,244.8,3,3
344.0,14.0,370.2,247.0,3,3
345.0,14.0,371.4,253.2,3,3
345.8,14.0,372.0,257.6,3,3
344.8,14.0,371.4,253.0,3,3
344.0,14.0,369.8,245.2,3,3
344.0,14.0,370.0,247.6,3,3
345.0,14.0,371.0,252.8,3,3
345.0,14.0,370.0,250.4,3,3
345.0,14.0,370.8,253.2,3,3
345.6,14.0,371.6,259.2,3,3
346.0,14.0,372.2,262.2,3,3
346.6,14.0,373.4,268.8,3,3
348.0,14.2,375.0,276.8,3,3
348.0,14.0,375.0,275.8,3,3
347.8,14.0,375.0,275.8,3,3
348.2,14.2,375.8,283.2,3,3
348.8,14.8,375.8,284.0,3,3
348.0,14.0,375.0,276.8,3,3
348.2,14.2,376.0,281.2,3,3
349.8,15.0,378.0,290.4,3,3
350.6,15.0,378.6,291.6,3,3
349.2,15.0,378.0,287.2,3,3
349.4,15.0,378.6,290.8,3,3
350.2,15.0,379.2,294.0,3,3
352.2,15.0,381.4,299.4,3,3
344.8,14.0,371.6,256.6,3,3
347.0,14.6,375.8,287.0,3,3
350.4,15.0,377.8,297.8,3,3
350.0,15.0,377.0,293.6,3,3
349.2,14.8,375.6,282.6,3,3
347.8,14.0,374.0,272.8,3,3
347.0,14.0,373.2,268.6,3,3
347.4,14.0,374.0,273.0,3,3
348.0,14.2,375.6,281.0,3,3
348.2,14.8,376.2,285.2,3,3
350.2,15.0,378.0,296.8,3,3
351.0,15.0,379.8,302.6,3,3
351.6,15.0,380.0,304.8,3,3
352.8,15.0,381.0,308.0,3,3
351.8,15.0,379.4,300.8,3,3
350.6,15.0,377.0,294.2,3,3
350.8,15.0,377.8,297.8,3,3
350.8,15.0,377.8,293.4,3,3
351.0,15.0,377.8,294.2,3,3
351.4,15.0,378.6,297.8,3,3
352.2,15.0,380.8,303.4,3,3
352.0,15.0,381.0,304.4,3,3
352.2,15.0,380.8,301.8,3,3
351.2,15.0,379.0,293.8,3,3
351.8,15.0,379.8,299.0,3,3
352.0,15.0,380.0,299.4,3,3
352.0,15.0,379.0,298.6,3,3
352.6,15.0,379.0,300.0,3,3
351.8,15.0,378.2,294.4,3,3
350.8,14.4,377.0,283.8,3,3
349.2,14.0,375.6,273.0,3,3
349.6,14.0,375.6,272.0,3,3
348.2,14.0,374.2,268.0,3,3
348.0,14.0,374.2,269.4,3,3
348.4,14.0,375.6,274.6,3,3
349.8,14.8,376.8,282.8,3,3
350.8,14.8,377.2,286.4,3,3
351.0,15.0,378.0,289.8,3,3
351.4,15.0,379.0,296.6,3,3
351.2,15.0,378.8,292.0,3,3
350.0,14.6,377.6,279.8,3,3
348.6,14.0,375.2,270.4,3,3
348.0,14.0,374.8,269.0,3,3
349.2,14.6,376.6,278.4,3,3
350.4,14.6,377.2,281.6,3,3
350.6,14.6,376.8,280.4,3,3
350.6,14.8,376.8,279.8,3,3
350.0,14.2,376.4,274.6,3,3
349.8,14.0,376.4,273.8,3,3
349.0,14.0,375.6,269.4,3,3
347.8,14.0,373.6,259.6,3,3
347.2,14.0,373.6,258.8,3,3
347.0,14.0,374.0,259.6,3,3
347.0,14.0,374.4,262.8,3,3
347.6,14.0,375.8,270.2,3,3
348.4,14.6,377.8,284.2,3,3
350.4,15.0,378.8,292.6,3,3
350.8,15.0,378.8,293.8,3,3
349.6,14.8,378.0,284.2,3,3
348.8,14.6,378.2,281.6,3,3
347.8,14.0,375.4,273.4,3,3
348.0,14.0,376.8,278.8,3,3
350.2,15.0,379.2,290.6,3,3
348.8,14.6,375.4,264.8,3,3
341.8,13.0,363.6,223.0,3,3
343.6,13.6,365.0,232.4,3,3
345.2,14.0,367.6,244.6,3,3
346.4,14.0,370.8,260.2,3,3
348.4,14.2,374.2,274.8,3,3
348.2,14.0,371.6,259.2,3,3
343.2,13.2,362.2,225.6,3,3
337.8,13.0,355.8,223.0,3,3
340.8,13.4,365.4,238.2,3,3
344.4,14.0,370.8,262.4,3,3
345.8,14.0,372.0,264.6,3,3
342.6,13.6,367.6,235.0,3,3
343.8,14.0,371.0,260.4,3,3
345.6,14.0,372.4,271.4,3,3
346.0,14.0,372.6,268.4,3,3
346.2,14.0,374.2,278.0,3,3
347.0,15.0,377.0,292.4,3,3
347.6,15.0,378.4,297.8,3,3
348.0,15.0,376.8,293.2,3,3
347.2,14.2,374.6,285.6,3,3
348.4,14.8,375.0,292.2,3,3
350.2,15.0,377.0,302.4,3,3
350.2,15.0,377.0,303.4,3,3
350.2,15.0,376.2,297.0,3,3
349.4,14.6,375.0,286.2,3,3
347.6,14.2,374.0,276.2,3,3
345.4,14.0,372.6,270.4,3,3
343.2,14.0,372.8,271.4,3,3
346.0,14.8,376.8,291.0,3,3
347.4,15.0,377.0,293.8,3,3
348.8,15.0,378.8,303.2,3,3
349.4,15.0,380.0,306.8,3,3
350.4,15.0,380.4,309.4,3,3
352.0,15.0,380.8,314.4,3,3
350.2,15.0,379.0,309.4,3,3
350.8,15.0,378.8,310.6,3,3
349.8,15.0,378.2,308.2,3,3
351.0,15.0,379.0,310.6,3,3
349.8,15.0,378.0,306.4,3,3
350.2,15.0,378.0,309.4,3,3
351.0,15.0,379.0,312.0,3,3
352.0,15.0,380.6,318.4,3,3
353.0,15.0,381.8,322.2,3,3
353.0,15.0,382.0,322.8,3,3
353.0,15.0,382.0,323.0,3,3
353.0,15.0,382.0,323.2,3,3
353.0,15.0,382.0,319.6,3,3
352.2,15.0,381.4,316.0,3,3
351.2,15.0,381.4,315.2,3,3
349.6,15.0,380.0,312.0,3,3
349.6,15.0,380.8,313.6,3,3
350.6,15.0,380.0,313.2,3,3
351.0,15.0,380.2,313.8,3,3
351.0,15.0,380.0,312.2,3,3
351.0,15.0,380.2,312.4,3,3
350.0,15.0,379.8,309.8,3,3
351.6,15.0,382.0,316.2,3,3
352.8,15.0,383.0,321.8,3,3
353.4,15.0,383.2,324.0,3,3
353.0,15.0,383.6,324.4,3,3
352.0,15.0,383.0,322.2,3,3
353.0,15.0,383.2,322.0,3,3
352.8,15.0,383.4,323.0,3,3
352.6,15.0,382.4,317.4,3,3
352.4,15.0,382.2,316.6,3,3
352.8,15.0,382.6,318.0,3,3
353.0,15.0,383.4,320.2,3,3
353.0,15.0,383.0,318.6,3,3
352.4,15.0,382.4,316.4,3,3
352.4,15.0,383.0,319.4,3,3
353.0,15.0,383.2,319.6,3,3
353.0,15.0,383.4,320.6,3,3
353.0,15.0,384.0,321.2,3,3
353.0,15.0,383.6,320.4,3,3
352.6,15.0,383.2,320.4,3,3
353.0,15.0,383.6,320.6,3,3
353.0,15.0,383.0,319.0,3,3
353.0,15.0,383.0,318.0,3,3
352.4,15.0,382.2,314.4,3,3
351.0,15.0,381.4,311.8,3,3
350.6,15.0,380.8,307.2,3,3
351.0,15.0,381.0,308.6,3,3
352.0,15.0,381.0,308.6,3,3
351.2,15.0,379.8,303.6,3,3
348.2,14.6,377.4,287.6,3,3
349.0,15.0,377.6,293.4,3,3
348.0,14.6,376.4,281.4,3,3
344.6,14.0,371.8,250.6,3,3
344.0,14.0,370.6,246.4,3,3
345.8,14.0,371.4,258.8,3,3
347.2,14.0,373.2,270.0,3,3
348.6,14.0,374.4,275.6,3,3
348.0,14.0,371.6,259.0,3,3
344.2,13.2,363.4,224.0,3,3
345.8,13.2,364.4,227.0,3,3
347.0,13.6,364.8,228.2,3,3
345.2,13.0,361.8,223.4,3,3
345.6,13.0,362.4,224.2,3,3
346.0,13.0,363.0,223.6,3,3
346.0,13.0,363.2,224.2,3,3
346.2,13.0,364.2,227.4,3,3
346.0,13.6,364.8,227.2,3,3
345.2,13.6,365.0,227.4,3,3
345.0,14.0,366.6,240.0,3,3
345.0,14.0,368.0,248.2,3,3
345.0,14.0,369.8,258.0,3,3
345.2,14.0,370.0,258.0,3,3
346.6,14.0,371.0,264.8,3,3
347.0,14.0,371.4,265.0,3,3
346.2,14.0,371.2,262.2,3,3
346.6,14.0,371.4,263.8,3,3
347.0,14.0,371.2,260.8,3,3
347.6,14.0,371.2,263.6,3,3
347.4,14.0,370.4,256.6,3,3
347.4,14.0,370.8,260.6,3,3
348.0,14.0,372.0,265.6,3,3
348.2,14.0,372.0,268.0,3,3
348.0,14.0,372.0,265.8,3,3
348.0,14.0,372.0,266.4,3,3
348.0,14.0,372.0,266.8,3,3
348.0,14.0,371.8,264.8,3,3
348.0,14.0,372.0,266.6,3,3
348.0,14.0,372.4,267.4,3,3
348.0,14.0,372.0,265.0,3,3
347.4,14.0,372.0,265.8,3,3
347.0,14.0,371.6,263.8,3,3
345.6,14.0,371.0,261.6,3,3
343.8,14.0,372.0,264.4,3,3
344.4,14.0,372.0,269.4,3,3
344.6,14.0,372.8,270.4,3,3
343.6,14.0,372.8,269.6,3,3
344.4,14.0,373.8,273.2,3,3
345.6,14.0,374.2,275.8,3,3
346.2,14.0,374.0,276.8,3,3
346.6,14.0,374.0,275.6,3,3
347.0,14.0,374.0,278.0,3,3
348.0,14.0,373.8,277.0,3,3
348.0,14.0,374.0,280.2,3,3
348.0,14.2,374.6,281.0,3,3
348.4,14.8,375.6,288.0,3,3
349.0,15.0,376.6,293.8,3,3
349.0,15.0,377.0,294.4,3,3
349.0,15.0,377.0,294.2,3,3
349.0,15.0,376.0,290.6,3,3
348.8,14.6,375.8,287.6,3,3
348.0,14.2,375.0,280.2,3,3
348.2,14.4,375.6,285.0,3,3
348.4,15.0,375.8,284.6,3,3
349.0,14.6,376.0,286.8,3,3
348.4,14.4,375.4,283.8,3,3
348.2,14.2,375.0,283.0,3,3
348.0,14.2,375.0,282.2,3,3
348.0,14.4,375.2,283.4,3,3
348.6,14.2,375.6,284.2,3,3
349.0,14.4,375.2,283.8,3,3
349.0,14.6,375.8,286.4,3,3
350.0,15.0,376.8,294.6,3,3
350.2,15.0,377.6,295.6,3,3
349.4,14.8,376.0,286.4,3,3
349.6,15.0,376.0,289.8,3,3
349.4,14.8,376.0,285.4,3,3
349.6,15.0,376.0,287.6,3,3
348.6,14.2,375.0,277.2,3,3
348.2,14.2,375.0,277.6,3,3
347.8,14.0,374.2,270.8,3,3
348.4,14.0,374.0,274.4,3,3
347.6,14.0,371.2,254.8,3,3
344.0,13.4,365.8,224.8,3,3
345.2,13.0,365.0,224.6,3,3
346.4,13.2,364.4,225.8,3,3
347.2,13.6,366.2,234.8,3,3
348.4,14.0,367.8,247.2,3,3
350.4,14.0,369.6,260.6,3,3
351.8,14.2,372.8,274.2,3,3
353.4,14.8,375.4,284.4,3,3
354.0,15.0,375.8,286.8,3,3
352.4,14.2,373.0,271.6,3,3
350.8,14.0,371.2,262.2,3,3
349.2,14.0,368.4,246.2,3,3
348.6,14.0,367.8,240.8,3,3
347.8,13.6,366.4,230.2,3,3
346.0,13.0,365.0,224.4,3,3
344.8,13.0,365.4,224.2,3,3
345.0,13.4,366.2,228.6,3,3
345.0,13.6,366.6,228.4,3,3
345.0,13.4,366.2,228.2,3,3
345.8,14.0,367.4,238.8,3,3
348.6,14.0,369.2,255.8,3,3
349.8,14.0,370.2,257.6,3,3
348.6,14.0,370.4,256.2,3,3
348.6,14.0,371.0,255.4,3,3
349.0,14.0,370.2,253.4,3,3
347.6,14.0,368.6,242.4,3,3
347.0,14.0,367.6,234.8,3,3
347.0,13.8,367.0,231.6,3,3
347.0,14.0,367.0,232.2,3,3
347.0,13.6,366.0,227.4,3,3
347.0,13.4,365.2,226.8,3,3
346.8,13.2,364.8,226.2,3,3
346.0,13.0,363.0,223.6,3,3
346.8,13.0,363.6,224.6,3,3
347.8,13.6,365.2,236.6,3,3
349.6,14.0,367.8,249.0,3,3
350.8,14.0,369.0,257.4,3,3
352.0,14.0,371.6,269.6,3,3
351.8,14.0,372.6,271.4,3,3
346.2,14.0,371.2,263.8,3,3
347.6,14.2,374.6,279.6,3,3
349.2,15.0,376.6,292.8,3,3
349.0,15.0,375.8,290.8,3,3
349.0,14.8,375.0,286.4,3,3
348.2,14.2,372.8,274.2,3,3
346.8,14.0,371.6,266.4,3,3
345.4,14.0,368.8,252.0,3,3
344.6,13.8,366.6,243.0,3,3
343.0,13.2,365.0,232.2,3,3
343.0,13.6,365.0,233.8,3,3
343.0,13.6,365.0,233.8,3,3
343.0,13.8,365.0,236.2,3,3
343.0,13.6,365.8,239.4,3,3
343.8,14.0,367.2,245.6,3,3
344.0,14.0,368.6,252.0,3,3
344.4,14.0,369.8,257.2,3,3
345.0,14.0,371.0,266.2,3,3
345.4,14.0,372.0,269.0,3,3
346.0,14.0,372.6,271.4,3,3
347.0,14.0,373.0,274.4,3,3
347.0,14.0,373.8,276.6,3,3
348.0,14.4,374.2,282.8,3,3
348.0,14.8,375.0,284.6,3,3
348.0,14.4,375.0,285.0,3,3
348.2,14.8,375.0,285.6,3,3
348.0,14.6,375.0,284.2,3,3
348.0,14.2,375.0,284.2,3,3
348.2,14.2,375.0,282.2,3,3
348.6,14.6,375.2,284.0,3,3
349.0,14.6,375.0,283.0,3,3
348.4,14.0,373.4,273.8,3,3
347.0,14.0,369.4,257.8,3,3
347.6,14.0,367.8,252.6,3,3
347.2,14.0,366.4,242.4,3,3
347.0,13.8,366.2,239.4,3,3
346.6,14.0,366.8,241.8,3,3
347.4,14.0,368.0,251.6,3,3
349.0,14.0,369.6,264.0,3,3
349.2,14.0,371.6,271.8,3,3
349.4,14.0,372.8,276.6,3,3
350.0,14.6,374.8,284.4,3,3
350.0,14.6,374.6,283.8,3,3
349.8,14.4,375.0,284.2,3,3
349.2,14.4,374.8,282.2,3,3
349.0,14.4,375.0,281.0,3,3
349.8,15.0,375.0,286.0,3,3
350.0,14.6,375.4,288.0,3,3
350.0,15.0,376.0,290.6,3,3
350.0,15.0,376.0,292.0,3,3
350.6,15.0,377.0,293.2,3,3
351.0,15.0,377.0,295.2,3,3
351.0,15.0,377.8,297.4,3,3
351.0,15.0,377.8,297.4,3,3
351.0,15.0,377.6,297.2,3,3
351.2,15.0,377.2,296.0,3,3
352.0,15.0,377.6,298.2,3,3
351.4,15.0,377.2,297.4,3,3
352.0,15.0,378.0,299.2,3,3
351.6,15.0,377.8,298.6,3,3
351.6,15.0,376.8,293.4,3,3
350.2,15.0,376.0,288.2,3,3
350.6,15.0,376.0,290.4,3,3
351.0,15.0,377.0,293.4,3,3
351.0,15.0,377.2,296.6,3,3
351.0,15.0,377.2,297.2,3,3
351.8,15.0,378.0,299.4,3,3
351.0,15.0,377.4,297.2,3,3
349.8,14.6,375.6,286.0,3,3
349.8,14.8,375.0,287.0,3,3
349.8,14.4,375.0,284.4,3,3
350.0,15.0,375.0,287.0,3,3
350.0,14.8,375.0,282.2,3,3
349.2,14.0,374.2,279.2,3,3
349.8,14.2,374.8,282.6,3,3
349.6,14.4,374.2,276.2,3,3
348.0,14.0,373.0,269.4,3,3
347.6,14.0,372.0,258.4,3,3
347.0,14.0,371.2,256.8,3,3
347.0,14.0,371.0,254.8,3,3
347.0,14.0,372.0,256.6,3,3
347.0,14.0,371.4,256.0,3,3
347.6,14.0,372.6,265.4,3,3
348.0,14.0,373.0,265.4,3,3
348.8,14.0,373.0,265.8,3,3
347.8,14.0,371.0,254.4,3,3
346.6,14.0,369.0,237.2,3,3
345.8,13.4,366.8,225.6,3,3
344.2,13.0,363.8,223.2,3,3
343.4,13.0,362.4,223.0,3,3
343.0,13.0,362.6,223.2,3,3
344.0,13.0,364.0,223.0,3,3
344.0,13.0,365.4,223.4,3,3
343.2,13.0,364.6,223.6,3,3
343.6,13.2,366.6,228.2,3,3
343.4,13.4,367.2,231.0,3,3
344.0,13.6,368.0,239.4,3,3
340.8,13.4,365.0,229.6,3,3
333.8,13.0,355.0,223.0,3,3
331.6,13.0,354.8,223.0,3,3
333.0,13.0,356.8,223.0,3,3
338.2,13.4,362.8,234.8,3,3
342.6,14.0,369.8,257.8,3,3
342.0,14.0,366.6,248.6,3,3
340.2,13.4,362.2,230.2,3,3
339.8,13.2,361.8,230.4,3,3
341.0,13.0,361.8,229.2,3,3
343.0,14.0,365.6,246.2,3,3
345.4,14.0,366.2,249.6,3,3
347.0,14.0,367.8,257.4,3,3
347.0,14.0,368.0,258.0,3,3
347.0,14.0,368.6,262.0,3,3
348.0,14.0,369.4,266.6,3,3
348.8,14.0,371.8,275.0,3,3
350.0,14.0,373.0,280.0,3,3
350.0,14.2,372.8,279.0,3,3
350.0,14.2,373.4,282.4,3,3
350.0,14.8,374.6,287.6,3,3
348.8,15.0,375.2,292.0,3,3
348.2,15.0,376.0,294.4,3,3
348.0,15.0,376.0,293.4,3,3
348.0,15.0,376.0,290.6,3,3
348.2,15.0,376.0,291.6,3,3
348.0,14.4,374.2,281.0,3,3
346.4,14.0,371.4,266.4,3,3
344.6,14.0,369.0,250.8,3,3
343.6,13.6,365.8,232.6,3,3
341.6,13.0,363.4,224.6,3,3
338.8,13.0,359.6,223.0,3,3
338.2,13.0,360.8,225.8,3,3
340.8,13.8,366.0,240.4,3,3
341.8,14.0,366.4,243.6,3,3
342.4,14.0,366.2,240.6,3,3
342.0,13.8,365.8,234.8,3,3
343.0,13.6,365.4,232.8,3,3
343.6,13.8,365.8,237.0,3,3
344.4,13.8,365.4,242.6,3,3
345.6,13.8,363.6,235.4,3,3
347.2,14.0,364.6,240.4,3,3
349.4,14.0,367.8,255.2,3,3
350.8,14.0,370.0,264.8,3,3
351.6,14.6,373.8,281.2,3,3
352.0,15.0,375.2,290.0,3,3
352.0,15.0,377.0,301.2,3,3
352.8,15.0,380.2,318.4,3,3
355.0,15.0,382.8,329.8,3,3
356.2,15.2,385.0,336.8,3,3
357.4,15.8,387.0,342.2,3,3
359.6,16.0,389.2,350.8,3,3
360.2,16.0,389.8,355.8,3,3
361.4,16.0,390.6,360.6,3,3
362.0,16.0,391.8,365.8,3,3
362.0,16.0,392.0,367.0,3,3
362.0,16.0,392.6,367.2,3,3
362.0,16.0,392.8,368.2,3,3
362.0,16.0,394.0,370.6,3,3
362.2,16.0,394.0,371.6,3,3
362.0,16.0,394.2,372.0,3,3
362.8,16.0,395.8,373.8,3,3
363.0,16.0,396.0,374.0,3,3
363.0,16.0,396.0,374.2,3,3
363.0,16.0,396.0,374.0,3,3
363.0,16.0,395.4,372.4,3,3
363.0,16.0,395.0,372.8,3,3
363.0,16.0,394.4,372.4,3,3
363.0,16.0,394.4,372.2,3,3
362.6,16.0,393.8,368.6,3,3
363.0,16.0,393.8,369.4,3,3
362.8,16.0,393.0,367.8,3,3
363.0,16.0,393.0,369.0,3,3
363.0,16.0,393.0,369.0,3,3
363.0,16.0,393.0,368.2,3,3
362.8,16.0,392.8,367.2,3,3
362.2,16.0,392.4,365.2,3,3
362.6,16.0,392.8,366.0,3,3
362.0,16.0,392.6,364.6,3,3
361.8,16.0,392.0,361.6,3,3
361.8,16.0,392.0,360.6,3,3
361.0,16.0,391.8,356.8,3,3
361.0,16.0,392.0,356.4,3,3
361.4,16.0,392.0,357.4,3,3
362.0,16.0,392.0,358.0,3,3
362.0,16.0,392.0,358.2,3,3
362.0,16.0,392.0,359.6,3,3
363.0,16.0,393.0,363.2,3,3
363.0,16.0,393.0,364.8,3,3
363.0,16.0,393.4,367.0,3,3
363.0,16.0,394.0,369.0,3,3
364.0,16.0,394.0,369.4,3,3
363.8,16.0,394.0,369.6,3,3
363.4,16.0,394.0,369.2,3,3
363.8,16.0,394.0,370.0,3,3
364.0,16.0,394.0,369.4,3,3
364.0,16.0,394.0,370.0,3,3
363.8,16.0,393.8,369.2,3,3
363.0,16.0,394.0,368.6,3,3
363.0,16.0,394.0,369.0,3,3
363.8,16.0,394.0,369.2,3,3
364.0,16.0,394.0,370.0,3,3
364.0,16.0,394.0,371.0,3,3
364.0,16.0,394.0,371.2,3,3
364.0,16.0,394.2,372.6,3,3
364.0,16.0,394.0,372.6,3,3
364.0,16.0,394.0,373.4,3,3
364.0,16.0,394.0,373.2,3,3
364.0,16.0,394.0,374.0,3,3
365.0,16.0,394.8,375.0,3,3
365.0,16.0,395.0,375.0,3,3
365.0,16.0,395.0,375.4,3,3
365.0,16.0,395.0,375.4,3,3
365.0,16.0,394.8,375.0,3,3
365.0,16.0,394.8,375.0,3,3
365.0,16.0,394.6,374.8,3,3
365.0,16.0,394.8,375.2,3,3
365.0,16.0,394.2,375.2,3,3
365.0,16.0,394.8,376.0,3,3
365.0,16.0,395.0,376.0,3,3
365.0,16.0,395.0,376.8,3,3
365.0,16.0,395.0,377.0,3,3
365.0,16.0,395.0,376.8,3,3
365.0,16.0,395.0,376.6,3,3
365.0,16.0,395.0,377.2,3,3
365.0,16.2,396.0,378.8,3,3
365.4,16.0,396.0,379.0,3,3
365.0,16.0,396.0,379.0,3,3
365.4,16.0,396.0,379.6,3,3
366.0,16.0,396.2,381.2,3,3
366.0,16.2,397.0,382.0,3,3
366.0,16.4,397.0,382.2,3,3
366.0,16.2,397.0,383.0,3,3
367.0,16.0,397.0,383.0,3,3
367.0,16.2,397.2,383.4,3,3
367.0,16.2,398.0,384.6,3,3
367.0,16.6,398.4,385.0,3,3
367.0,16.4,398.8,386.0,3,3
367.0,16.6,398.8,386.4,3,3
367.0,16.6,399.0,387.0,3,3
367.0,16.8,399.0,387.8,3,3
367.0,16.8,399.0,388.2,3,3
368.0,16.8,399.2,389.0,3,3
368.0,17.0,399.0,389.0,3,3
367.6,17.0,399.0,388.8,3,3
367.2,17.0,399.0,389.2,3,3
367.0,16.8,399.0,389.0,3,3
367.0,16.6,399.2,389.0,3,3
367.0,17.0,399.0,389.0,3,3
367.2,17.0,399.0,389.4,3,3
367.0,17.0,399.2,389.2,3,3
367.4,16.8,399.8,390.4,3,3
367.8,17.0,400.0,390.6,3,3
368.0,16.8,400.0,391.2,3,3
368.0,17.0,400.0,390.8,3,3
368.0,17.0,400.0,391.0,3,3
368.0,17.0,399.8,390.6,3,3
368.0,16.8,399.2,390.2,3,3
368.0,17.0,399.8,390.2,3,3
367.8,17.0,399.2,390.2,3,3
367.8,16.8,399.0,389.0,3,3
367.4,16.6,399.0,389.0,3,3
367.4,16.8,399.0,390.0,3,3
367.6,17.0,399.0,389.4,3,3
367.0,17.0,399.0,388.6,3,3
367.0,16.8,398.8,388.0,3,3
367.0,16.6,398.0,386.4,3,3
366.2,16.2,397.4,384.2,3,3
366.4,16.4,397.8,384.8,3,3
367.0,16.0,398.0,386.0,3,3
367.0,16.2,398.0,386.0,3,3
367.0,16.4,398.0,386.0,3,3
367.2,16.2,398.6,387.4,3,3
367.0,16.4,398.0,387.4,3,3
367.0,16.2,398.8,386.2,3,3
366.0,16.2,398.0,382.6,3,3
365.6,16.2,397.8,379.6,3,3
365.8,16.0,398.0,381.2,3,3
366.2,16.0,398.0,382.4,3,3
367.6,16.6,399.0,386.0,3,3
368.0,16.8,399.8,388.2,3,3
368.0,16.8,400.8,389.2,3,3
369.0,17.0,401.0,390.0,3,3
368.8,17.0,401.0,390.8,3,3
368.4,17.0,401.0,391.2,3,3
368.6,17.0,401.0,391.2,3,3
368.0,17.0,401.0,390.4,3,3
367.8,17.0,400.4,390.0,3,3
367.8,16.6,400.6,390.2,3,3
368.2,17.0,401.2,392.0,3,3
369.0,17.0,402.0,393.8,3,3
369.0,17.0,402.0,393.4,3,3
369.0,17.0,401.2,392.0,3,3
369.0,17.0,401.8,393.0,3,3
369.2,17.0,402.8,394.8,3,3
369.4,17.0,402.8,394.4,3,3
369.0,17.0,402.0,394.0,3,3
369.0,17.0,402.0,394.0,3,3
369.4,17.0,402.2,395.2,3,3
370.0,17.0,403.0,396.4,3,3
370.0,17.0,403.0,396.8,3,3
370.0,17.0,403.0,397.6,3,3
370.0,17.0,403.0,398.0,3,3
370.0,17.0,403.0,398.4,3,3
370.4,17.0,403.2,399.4,3,3
371.0,17.0,404.0,400.6,3,3
371.2,17.0,404.4,402.4,3,3
371.8,17.0,404.4,402.0,3,3
372.0,17.0,404.8,403.0,3,3
372.0,17.0,405.0,403.2,3,3
372.0,17.0,404.8,403.8,3,3
372.0,17.0,405.0,404.0,3,3
372.0,17.0,404.8,403.6,3,3
371.8,17.0,404.8,404.0,3,3
371.0,17.0,404.2,403.0,3,3
371.0,17.0,404.0,403.6,3,3
371.4,17.0,404.0,403.2,3,3
371.2,17.0,404.0,403.8,3,3
371.6,17.0,404.0,404.6,3,3
372.0,17.0,404.0,404.8,3,3
371.2,17.0,404.0,403.2,3,3
370.4,17.0,404.0,401.8,3,3
371.0,17.0,404.0,402.8,3,3
371.0,17.0,404.0,402.8,3,3
370.6,17.0,403.6,401.2,3,3
370.0,17.0,403.4,400.2,3,3
370.0,17.0,403.2,399.2,3,3
369.4,17.0,402.8,397.6,3,3
370.0,17.0,403.0,398.0,3,3
370.0,17.0,403.8,400.4,3,3
370.2,17.0,404.0,400.8,3,3
371.0,17.0,404.0,401.0,3,3
370.4,17.0,403.6,401.0,3,3
370.6,17.0,404.0,401.2,3,3
370.6,17.0,403.6,400.8,3,3
370.4,17.0,403.8,400.6,3,3
370.0,17.0,403.8,401.4,3,3
370.6,17.0,404.2,403.0,3,3
371.0,17.0,404.6,403.4,3,3
371.0,17.0,404.4,403.0,3,3
371.0,17.0,404.0,403.0,3,3
371.0,17.0,404.0,403.6,3,3
371.0,17.0,405.0,403.8,3,3
371.2,17.0,405.0,404.0,3,3
371.0,17.0,405.0,404.0,3,3
371.0,17.0,404.4,404.0,3,3
371.0,17.0,404.0,403.8,3,3
371.0,17.0,404.0,403.0,3,3
371.0,17.0,404.0,403.6,3,3
371.0,17.0,404.0,403.6,3,3
370.6,17.0,403.6,402.8,3,3
371.0,17.0,404.0,403.0,3,3
371.0,17.0,404.0,403.6,3,3
371.0,17.0,404.0,403.2,3,3
370.6,17.0,403.6,402.6,3,3
370.0,17.0,403.0,400.6,3,3
369.8,17.0,403.2,400.8,3,3
370.0,17.0,403.2,400.4,3,3
370.0,17.0,403.2,400.8,3,3
370.0,17.0,403.2,400.6,3,3
370.0,17.0,404.0,402.0,3,3
370.0,17.0,404.0,402.6,3,3
370.0,17.0,404.0,402.2,3,3
370.0,17.0,404.0,403.2,3,3
370.8,17.0,404.0,404.0,3,3
371.0,17.0,404.0,404.0,3,3
370.8,17.0,404.0,403.8,3,3
370.0,17.0,404.0,403.4,3,3
370.0,17.0,404.0,404.0,3,3
370.6,17.0,404.0,404.0,3,3
370.0,17.0,403.4,402.0,3,3
370.0,17.0,403.0,402.0,3,3
369.2,17.0,402.8,399.8,3,3
369.8,17.0,403.0,401.4,3,3
369.2,17.0,403.0,400.0,3,3
369.8,17.0,403.6,401.6,3,3
370.0,17.0,403.8,402.0,3,3
370.0,17.0,403.0,401.2,3,3
369.4,17.0,403.0,400.4,3,3
369.4,17.0,403.0,399.6,3,3
369.2,17.0,403.0,399.0,3,3
369.0,17.0,402.0,397.4,3,3
369.0,17.0,402.0,396.0,3,3
368.4,17.0,401.4,393.8,3,3
368.0,17.0,401.8,395.2,3,3
368.2,17.0,401.8,394.8,3,3
368.0,17.0,401.6,393.8,3,3
368.2,17.0,402.0,394.6,3,3
368.6,17.0,401.6,393.8,3,3
368.0,17.0,401.6,392.8,3,3
368.0,17.0,401.2,392.2,3,3
367.2,16.8,401.0,391.4,3,3
367.6,17.0,401.0,392.6,3,3
368.0,17.0,401.0,392.2,3,3
368.0,17.0,401.8,393.0,3,3
368.0,17.0,401.6,394.0,3,3
368.0,17.0,402.0,394.0,3,3
368.0,17.0,402.0,395.0,3,3
368.0,17.0,401.6,394.2,3,3
368.4,17.0,402.0,395.8,3,3
369.0,17.0,402.6,398.6,3,3
369.8,17.0,403.0,399.6,3,3
370.0,17.0,403.0,399.0,3,3
370.0,17.0,402.8,398.2,3,3
369.8,17.0,402.2,398.4,3,3
370.0,17.0,403.8,402.2,3,3
370.0,17.0,404.0,403.0,3,3
370.0,17.0,404.0,402.6,3,3
370.0,17.0,403.8,402.4,3,3
370.6,17.0,403.8,403.0,3,3
370.8,17.0,404.0,403.6,3,3
