295.0,13.0,380.4,223.0,7.5,0
289.2,13.0,390.4,223.0,7.5,0
289.8,13.0,393.2,223.0,7.5,0
292.6,13.0,384.0,223.0,7.5,0
293.0,13.0,384.0,223.0,7.5,0
292.2,13.0,387.4,223.0,7.5,0
293.6,13.0,379.2,223.0,7.5,0
294.8,13.0,378.0,223.0,7.5,0
293.2,13.0,379.2,223.0,7.5,0
293.0,13.0,378.4,223.0,7.5,0
290.0,13.0,385.8,223.0,7.5,0
289.0,13.0,388.6,223.0,7.5,0
289.8,13.0,386.2,223.0,7.5,0
290.0,13.0,387.4,223.0,7.5,0
289.4,13.0,390.0,223.0,7.5,0
288.0,13.0,393.4,223.0,7.5,0
289.4,13.0,393.8,223.0,7.5,0
290.6,13.0,393.8,223.0,7.5,0
291.0,13.0,394.0,223.0,7.5,0
291.0,13.0,395.0,223.0,7.5,0
291.0,13.0,393.8,223.0,7.5,0
292.0,13.0,393.8,223.0,7.5,0
291.8,13.0,396.0,223.0,7.5,0
289.6,13.0,399.8,223.0,7.5,0
288.0,13.0,404.8,223.0,7.5,0
289.2,13.0,404.8,223.0,7.5,0
290.6,13.0,406.4,223.0,7.5,0
291.8,13.0,408.6,223.0,7.5,0
292.6,13.0,408.6,223.0,7.5,0
291.6,13.0,413.2,223.2,7.5,0
291.6,13.0,414.8,223.0,7.5,0
292.0,13.0,415.8,223.4,7.5,0
292.4,13.0,415.8,223.0,7.5,0
292.0,13.0,418.2,223.2,7.5,0
292.0,13.2,419.8,223.6,7.5,0
292.2,13.0,419.0,223.6,7.5,0
293.0,13.0,419.0,223.8,7.5,0
293.6,13.4,419.6,223.8,7.5,0
293.0,13.0,420.0,223.6,7.5,0
293.0,13.0,419.0,223.6,7.5,0
292.0,13.2,420.4,229.0,7.5,0
293.0,13.0,418.0,223.6,7.5,0
292.4,13.6,420.6,234.6,7.5,0
292.8,14.0,423.4,241.4,7.5,0
293.2,14.0,424.2,241.4,7.5,0
293.4,14.0,425.4,245.2,7.5,0
293.4,14.0,426.0,242.4,7.5,0
293.0,14.0,426.0,241.2,7.5,0
292.4,13.6,424.0,230.8,7.5,0
290.8,13.0,420.2,223.4,7.5,0
291.4,13.0,417.4,223.6,7.5,0
292.0,13.0,418.0,223.4,7.5,0
292.0,13.0,417.4,223.2,7.5,0
292.4,13.0,417.0,223.2,7.5,0
293.0,13.0,413.4,223.2,7.5,0
293.0,13.0,410.4,223.0,7.5,0
292.0,13.0,411.6,223.2,7.5,0
291.8,13.0,410.8,223.0,7.5,0
291.8,13.0,408.8,223.2,7.5,0
291.0,13.0,405.0,223.0,7.5,0
290.8,13.0,407.0,223.0,7.5,0
291.0,13.0,407.4,223.0,7.5,0
293.0,13.0,406.2,223.0,7.5,0
291.2,13.0,409.6,223.0,7.5,0
291.0,13.0,412.0,223.2,7.5,0
291.4,13.0,414.2,223.0,7.5,0
291.2,13.0,417.6,223.0,7.5,0
291.0,13.0,417.2,223.4,7.5,0
290.8,13.0,417.8,223.4,7.5,0
291.4,13.0,413.4,223.0,7.5,0
292.8,13.0,409.6,223.0,7.5,0
293.0,13.0,409.2,223.2,7.5,0
292.6,13.0,411.6,223.0,7.5,0
293.0,13.0,413.8,223.2,7.5,0
293.0,13.0,414.0,223.0,7.5,0
292.8,13.0,414.0,223.2,7.5,0
291.8,13.0,415.2,223.2,7.5,0
292.0,13.0,415.2,223.2,7.5,0
292.8,13.0,416.4,223.2,7.5,0
293.0,13.0,418.6,223.4,7.5,0
294.0,13.0,414.4,223.0,7.5,0
294.0,13.0,414.8,223.4,7.5,0
293.8,13.0,414.8,223.2,7.5,0
294.0,13.0,415.8,223.2,7.5,0
294.2,13.0,415.8,223.0,7.5,0
294.8,13.0,413.0,223.0,7.5,0
295.0,13.0,413.0,223.0,7.5,0
295.2,13.0,412.8,223.2,7.5,0
294.8,13.0,411.6,223.2,7.5,0
295.0,13.0,412.2,223.0,7.5,0
294.0,13.0,414.8,223.6,7.5,0
293.2,13.0,418.4,224.0,7.5,0
293.2,13.0,420.6,223.4,7.5,0
293.0,13.0,421.8,223.8,7.5,0
294.0,13.4,423.0,224.0,7.5,0
294.0,13.0,422.2,223.8,7.5,0
294.0,13.6,422.0,223.8,7.5,0
294.0,13.4,422.4,224.0,7.5,0
294.0,13.6,423.4,224.0,7.5,0
294.0,13.6,424.8,224.0,7.5,0
294.2,13.6,425.4,224.6,7.5,0
294.2,14.0,426.2,227.8,7.5,0
295.2,14.0,427.4,232.6,7.5,0
295.4,14.0,427.6,234.8,7.5,0
296.0,13.8,426.8,228.6,7.5,0
296.4,14.0,428.2,236.6,7.5,0
296.6,14.0,429.4,238.2,7.5,0
296.2,14.0,429.4,239.8,7.5,0
297.0,14.0,432.2,248.2,7.5,0
296.8,14.0,434.6,253.4,7.5,0
297.0,14.0,435.8,256.0,7.5,0
297.0,14.0,436.0,258.6,7.5,0
297.0,14.0,436.0,257.6,7.5,0
297.0,14.0,435.0,253.2,7.5,0
297.4,14.0,435.0,252.0,7.5,0
297.4,14.0,435.0,249.6,7.5,0
297.0,14.0,434.0,243.0,7.5,0
297.0,14.0,432.2,233.4,7.5,0
297.0,14.0,432.4,232.0,7.5,0
297.2,14.0,431.2,228.4,7.5,0
297.2,14.0,431.2,229.2,7.5,0
298.0,14.0,431.2,234.4,7.5,0
297.8,14.0,431.8,237.6,7.5,0
297.4,14.0,433.0,241.8,7.5,0
298.0,14.0,433.8,243.6,7.5,0
298.0,14.0,434.6,249.0,7.5,0
299.0,14.0,436.2,253.4,7.5,0
299.0,14.0,435.0,248.0,7.5,0
299.0,14.0,434.0,243.6,7.5,0
299.0,14.0,433.4,241.2,7.5,0
299.0,14.0,434.0,243.8,7.5,0
299.0,14.0,435.0,249.0,7.5,0
299.0,14.0,436.0,254.4,7.5,0
299.0,14.0,437.4,256.4,7.5,0
299.0,14.0,438.0,258.0,7.5,0
299.0,14.0,437.4,257.6,7.5,0
298.0,14.0,437.4,260.0,7.5,0
298.0,14.0,437.0,260.2,7.5,0
296.8,14.0,436.4,260.2,7.5,0
296.6,14.0,435.2,258.6,7.5,0
296.8,14.0,433.2,248.6,7.5,0
297.0,14.0,433.0,245.2,7.5,0
297.2,14.0,432.6,243.2,7.5,0
297.0,14.0,432.8,243.2,7.5,0
297.4,14.0,434.2,248.6,7.5,0
298.0,14.0,436.2,254.0,7.5,0
298.0,14.0,438.4,259.2,7.5,0
298.4,14.0,439.4,262.0,7.5,0
298.0,14.2,440.2,265.2,7.5,0
298.0,14.2,441.0,267.6,7.5,0
298.0,14.6,441.6,269.2,7.5,0
297.8,14.2,441.2,268.8,7.5,0
297.0,14.0,441.0,268.6,7.5,0
296.2,14.6,442.2,274.0,7.5,0
296.0,14.8,442.8,275.6,7.5,0
296.2,14.2,439.8,265.0,7.5,0
297.0,14.0,436.0,253.8,7.5,0
298.0,14.0,435.4,253.8,7.5,0
298.0,14.0,436.0,255.6,7.5,0
299.0,14.0,437.8,261.2,7.5,0
299.8,14.8,440.2,268.8,7.5,0
300.0,14.8,441.0,272.0,7.5,0
300.8,15.0,442.0,275.0,7.5,0
302.0,15.0,441.8,274.0,7.5,0
301.8,14.8,441.4,273.6,7.5,0
301.2,14.4,440.2,269.0,7.5,0
301.0,14.2,440.0,267.4,7.5,0
301.0,14.6,441.0,267.6,7.5,0
301.6,15.0,442.0,272.2,7.5,0
302.0,15.0,443.0,274.8,7.5,0
302.0,15.0,444.2,276.2,7.5,0
302.0,15.0,444.2,276.2,7.5,0
302.0,15.0,443.8,275.6,7.5,0
302.0,14.8,441.8,268.4,7.5,0
302.0,14.4,439.0,258.0,7.5,0
302.0,14.0,437.4,253.8,7.5,0
302.0,14.2,440.6,264.2,7.5,0
302.0,15.0,443.0,272.2,7.5,0
302.0,15.0,442.0,269.6,7.5,0
302.2,15.0,442.0,269.6,7.5,0
302.0,14.4,440.8,263.8,7.5,0
302.0,14.0,438.6,256.6,7.5,0
302.0,14.0,438.0,258.4,7.5,0
302.0,14.6,441.6,271.2,7.5,0
301.4,15.0,444.8,280.6,7.5,0
301.4,15.0,445.0,282.2,7.5,0
302.0,15.0,445.4,283.4,7.5,0
301.6,15.0,446.0,285.0,7.5,0
301.0,15.0,446.0,285.2,7.5,0
301.0,15.0,446.0,287.0,7.5,0
301.0,15.0,446.0,287.2,7.5,0
301.0,15.0,445.8,287.0,7.5,0
300.4,15.0,445.0,285.8,7.5,0
300.0,15.0,445.4,285.8,7.5,0
300.0,15.0,446.0,287.6,7.5,0
300.0,15.0,446.0,287.2,7.5,0
300.0,15.0,445.0,282.6,7.5,0
300.0,15.0,445.0,281.2,7.5,0
300.0,15.0,444.0,279.0,7.5,0
300.0,15.0,443.8,278.6,7.5,0
300.0,15.0,444.0,280.0,7.5,0
300.0,15.0,444.0,280.4,7.5,0
300.0,15.0,444.4,282.4,7.5,0
300.0,15.0,444.4,282.0,7.5,0
300.0,15.0,444.0,280.8,7.5,0
300.0,15.0,444.0,280.4,7.5,0
300.0,15.0,444.0,281.0,7.5,0
300.0,15.0,444.0,281.0,7.5,0
300.0,15.0,444.0,280.0,7.5,0
300.0,15.0,444.2,280.2,7.5,0
300.0,15.0,445.8,285.0,7.5,0
300.8,15.0,448.4,291.2,7.5,0
301.0,15.0,449.0,291.8,7.5,0
301.0,15.0,448.0,289.4,7.5,0
301.0,15.0,447.2,289.0,7.5,0
301.0,15.0,447.8,290.6,7.5,0
301.0,15.0,449.0,294.0,7.5,0
301.0,15.0,449.0,296.0,7.5,0
301.0,15.0,449.8,297.6,7.5,0
301.0,15.0,450.6,299.8,7.5,0
301.0,15.0,451.0,302.6,7.5,0
301.0,15.0,451.0,301.6,7.5,0
301.0,15.0,451.0,299.0,7.5,0
301.0,15.0,450.8,298.6,7.5,0
301.0,15.0,450.8,299.2,7.5,0
301.0,15.0,451.0,300.4,7.5,0
301.0,15.0,451.2,302.4,7.5,0
301.0,15.0,452.0,304.8,7.5,0
301.0,15.0,452.0,305.0,7.5,0
301.0,15.0,452.0,304.4,7.5,0
301.0,15.0,452.0,303.6,7.5,0
301.0,15.0,451.0,298.8,7.5,0
301.0,15.0,450.4,294.4,7.5,0
301.0,15.0,450.0,292.4,7.5,0
301.4,15.0,449.0,291.2,7.5,0
302.0,15.0,450.0,294.0,7.5,0
302.2,15.0,450.8,298.0,7.5,0
302.8,15.0,451.0,298.2,7.5,0
302.8,15.0,450.2,293.4,7.5,0
302.0,15.0,446.2,280.2,7.5,0
300.4,14.2,441.0,259.6,7.5,0
300.0,14.0,438.6,256.2,7.5,0
300.0,14.2,440.6,264.4,7.5,0
300.2,14.8,442.0,270.0,7.5,0
300.2,15.0,442.8,273.8,7.5,0
300.2,15.0,443.8,278.6,7.5,0
300.8,15.0,445.0,281.0,7.5,0
301.0,15.0,445.0,283.0,7.5,0
301.0,15.0,445.2,284.4,7.5,0
301.0,15.0,445.0,283.6,7.5,0
300.8,15.0,445.0,283.2,7.5,0
300.4,15.0,446.0,284.2,7.5,0
300.8,15.0,445.0,282.4,7.5,0
301.0,15.0,445.2,283.2,7.5,0
301.0,15.0,446.0,284.8,7.5,0
301.0,15.0,446.0,285.0,7.5,0
301.0,15.0,445.4,282.6,7.5,0
301.0,15.0,445.0,282.4,7.5,0
301.0,15.0,445.2,282.6,7.5,0
301.0,15.0,446.0,284.8,7.5,0
301.0,15.0,445.6,284.2,7.5,0
300.4,15.0,446.0,284.6,7.5,0
301.0,15.0,446.8,287.0,7.5,0
301.0,15.0,447.4,290.2,7.5,0
301.0,15.0,448.0,291.6,7.5,0
301.2,15.0,448.0,292.0,7.5,0
302.0,15.0,447.4,291.0,7.5,0
302.0,15.0,447.6,290.4,7.5,0
302.0,15.0,446.8,287.0,7.5,0
302.0,15.0,447.2,291.0,7.5,0
302.0,15.0,448.4,293.6,7.5,0
301.0,15.0,448.2,293.8,7.5,0
301.0,15.0,447.4,290.2,7.5,0
301.2,15.0,446.8,287.8,7.5,0
302.0,15.0,447.0,289.2,7.5,0
302.0,15.0,447.0,289.8,7.5,0
302.0,15.0,447.0,287.6,7.5,0
302.0,15.0,447.0,287.8,7.5,0
302.0,15.0,447.0,287.0,7.5,0
301.4,15.0,447.0,283.4,7.5,0
301.0,15.0,446.4,283.4,7.5,0
301.0,15.0,448.0,288.6,7.5,0
301.0,15.0,447.2,286.0,7.5,0
300.8,15.0,446.4,280.2,7.5,0
300.8,15.0,446.2,280.0,7.5,0
301.0,15.0,446.4,280.4,7.5,0
301.0,15.0,447.0,282.6,7.5,0
301.0,15.0,447.8,286.8,7.5,0
301.8,15.0,448.8,290.8,7.5,0
302.0,15.0,449.2,292.8,7.5,0
302.0,15.0,449.4,293.4,7.5,0
302.0,15.0,450.0,294.4,7.5,0
302.0,15.0,449.4,294.0,7.5,0
302.0,15.0,449.0,294.0,7.5,0
302.0,15.0,449.0,294.0,7.5,0
302.0,15.0,449.8,295.4,7.5,0
302.0,15.0,449.8,296.2,7.5,0
302.0,15.0,449.0,295.0,7.5,0
302.0,15.0,449.2,296.4,7.5,0
302.0,15.0,450.4,300.8,7.5,0
302.0,15.0,451.0,302.6,7.5,0
302.0,15.0,451.0,301.8,7.5,0
302.0,15.0,451.0,301.6,7.5,0
302.0,15.0,451.4,302.6,7.5,0
302.0,15.0,452.0,303.4,7.5,0
302.0,15.0,452.0,303.8,7.5,0
301.8,15.0,451.8,302.0,7.5,0
301.0,15.0,448.8,293.0,7.5,0
300.0,15.0,448.0,293.0,7.5,0
300.0,15.0,449.2,297.6,7.5,0
300.2,15.0,450.6,301.8,7.5,0
301.0,15.0,451.0,302.0,7.5,0
301.0,15.0,451.0,303.4,7.5,0
301.0,15.0,451.4,301.6,7.5,0
301.0,15.0,450.6,297.4,7.5,0
301.0,15.0,450.0,296.2,7.5,0
301.0,15.0,449.2,293.8,7.5,0
301.0,15.0,449.0,293.0,7.5,0
301.0,15.0,449.0,291.0,7.5,0
300.8,15.0,449.0,291.4,7.5,0
300.2,15.0,450.0,295.6,7.5,0
301.0,15.0,450.2,297.0,7.5,0
301.0,15.0,450.4,296.6,7.5,0
301.0,15.0,450.0,295.0,7.5,0
301.0,15.0,449.2,292.6,7.5,0
301.0,15.0,449.4,292.4,7.5,0
301.6,15.0,449.2,290.8,7.5,0
302.0,15.0,448.8,288.8,7.5,0
302.0,15.0,449.2,291.0,7.5,0
302.0,15.0,450.8,295.8,7.5,0
301.8,15.0,451.4,297.2,7.5,0
301.0,15.0,452.0,299.0,7.5,0
302.0,15.0,452.0,300.6,7.5,0
302.0,15.0,452.0,299.0,7.5,0
302.0,15.0,451.8,298.6,7.5,0
302.0,15.0,451.8,299.8,7.5,0
302.0,15.0,452.0,301.2,7.5,0
302.0,15.0,452.0,301.0,7.5,0
302.0,15.0,452.0,301.8,7.5,0
302.0,15.0,452.0,301.8,7.5,0
302.0,15.0,451.8,299.8,7.5,0
302.0,15.0,451.6,298.6,7.5,0
302.0,15.0,451.0,297.6,7.5,0
302.0,15.0,450.2,292.8,7.5,0
302.0,15.0,450.4,295.4,7.5,0
302.0,15.0,452.0,300.6,7.5,0
303.0,15.0,452.6,301.0,7.5,0
303.0,15.0,452.0,298.8,7.5,0
303.0,15.0,450.8,296.0,7.5,0
303.0,15.0,450.0,293.0,7.5,0
302.0,15.0,450.2,293.8,7.5,0
302.0,15.0,450.4,295.8,7.5,0
302.0,15.0,451.0,296.6,7.5,0
302.0,15.0,451.0,298.0,7.5,0
302.0,15.0,451.6,299.4,7.5,0
302.0,15.0,451.0,299.4,7.5,0
302.0,15.0,451.6,300.0,7.5,0
302.0,15.0,452.0,300.6,7.5,0
302.0,15.0,452.0,300.4,7.5,0
302.0,15.0,451.0,300.0,7.5,0
302.0,15.0,452.0,300.6,7.5,0
302.4,15.0,452.2,302.0,7.5,0
302.4,15.0,453.0,304.0,7.5,0
303.0,15.0,453.0,304.4,7.5,0
302.8,15.0,453.0,304.0,7.5,0
303.0,15.0,452.6,302.6,7.5,0
303.0,15.0,452.0,300.6,7.5,0
302.8,15.0,452.0,301.4,7.5,0
303.0,15.0,452.8,303.6,7.5,0
303.0,15.0,452.8,304.0,7.5,0
303.0,15.0,452.0,302.6,7.5,0
303.0,15.0,452.0,301.0,7.5,0
302.8,15.0,451.8,301.0,7.5,0
302.8,15.0,452.0,301.4,7.5,0
303.0,15.0,452.0,300.8,7.5,0
302.8,15.0,451.8,301.0,7.5,0
302.6,15.0,452.0,303.0,7.5,0
303.0,15.0,452.0,302.4,7.5,0
303.0,15.0,452.0,303.6,7.5,0
303.0,15.0,452.6,304.8,7.5,0
303.0,15.0,451.8,301.2,7.5,0
303.0,15.0,450.6,297.0,7.5,0
302.8,15.0,451.0,298.8,7.5,0
303.0,15.0,451.0,298.6,7.5,0
302.8,15.0,451.0,298.8,7.5,0
302.2,15.0,450.2,295.8,7.5,0
302.0,15.0,450.0,296.8,7.5,0
302.2,15.0,450.0,297.2,7.5,0
302.6,15.0,450.6,298.4,7.5,0
302.4,15.0,450.0,296.0,7.5,0
302.0,15.0,449.4,289.4,7.5,0
302.0,15.0,449.0,288.8,7.5,0
302.0,15.0,448.4,285.2,7.5,0
302.0,15.0,448.6,286.0,7.5,0
302.0,15.0,448.4,287.0,7.5,0
302.0,15.0,448.2,284.6,7.5,0
302.0,15.0,447.8,284.2,7.5,0
302.0,15.0,448.2,285.8,7.5,0
302.0,15.0,448.8,287.8,7.5,0
302.0,15.0,447.2,278.8,7.5,0
302.0,15.0,447.0,276.8,7.5,0
302.0,15.0,446.2,275.0,7.5,0
302.0,15.0,446.0,272.8,7.5,0
302.0,15.0,446.0,273.2,7.5,0
302.0,15.0,447.0,275.4,7.5,0
302.0,15.0,447.0,277.8,7.5,0
302.0,15.0,447.6,280.6,7.5,0
302.0,15.0,448.0,283.0,7.5,0
302.0,15.0,448.8,284.2,7.5,0
302.0,15.0,448.6,283.4,7.5,0
302.0,15.0,448.0,280.8,7.5,0
302.0,15.0,448.0,280.6,7.5,0
302.0,15.0,448.0,281.0,7.5,0
302.0,15.0,448.0,282.0,7.5,0
302.0,15.0,448.0,282.6,7.5,0
302.0,15.0,448.0,283.4,7.5,0
302.0,15.0,448.0,283.6,7.5,0
302.0,15.0,448.0,283.8,7.5,0
302.0,15.0,448.0,284.0,7.5,0
302.0,15.0,448.4,285.0,7.5,0
302.0,15.0,448.8,284.8,7.5,0
302.0,15.0,447.8,280.8,7.5,0
302.0,15.0,448.6,285.2,7.5,0
302.8,15.0,448.8,288.0,7.5,0
302.8,15.0,449.0,288.8,7.5,0
302.6,15.0,449.0,288.8,7.5,0
303.0,15.0,449.4,291.0,7.5,0
303.0,15.0,449.8,293.6,7.5,0
303.0,15.0,449.2,291.2,7.5,0
303.0,15.0,449.0,289.4,7.5,0
303.0,15.0,449.0,290.0,7.5,0
303.0,15.0,449.0,292.0,7.5,0
303.0,15.0,449.0,291.8,7.5,0
303.0,15.0,449.0,287.6,7.5,0
302.6,15.0,448.2,284.4,7.5,0
302.6,14.8,446.4,273.4,7.5,0
301.8,14.0,439.6,243.6,7.5,0
300.8,14.0,439.0,245.2,7.5,0
300.2,14.2,441.8,260.0,7.5,0
300.4,14.4,443.0,262.8,7.5,0
299.6,14.8,444.0,269.8,7.5,0
299.0,15.0,446.2,279.8,7.5,0
299.8,15.0,448.0,288.8,7.5,0
300.8,15.0,447.4,286.6,7.5,0
301.4,15.0,448.0,290.6,7.5,0
301.8,15.0,448.0,291.2,7.5,0
302.0,15.0,448.4,293.4,7.5,0
301.4,15.0,449.8,296.0,7.5,0
300.2,15.0,450.8,298.4,7.5,0
299.6,15.0,453.0,306.4,7.5,0
300.4,15.0,456.2,313.4,7.5,0
299.8,15.0,458.0,317.2,7.5,0
296.8,15.0,451.2,293.4,7.5,0
297.6,15.0,449.0,289.8,7.5,0
299.6,15.0,453.0,303.0,7.5,0
300.6,15.0,454.2,309.0,7.5,0
301.4,15.0,455.6,316.2,7.5,0
302.2,15.0,450.6,300.8,7.5,0
303.2,15.0,451.0,308.0,7.5,0
304.0,15.2,453.4,315.0,7.5,0
304.4,15.4,455.6,319.6,7.5,0
304.0,15.8,457.4,324.4,7.5,0
304.0,16.0,460.2,332.8,7.5,0
303.2,16.0,463.4,343.6,7.5,0
302.0,16.0,469.4,357.4,7.5,0
302.2,16.0,469.0,354.4,7.5,0
303.0,16.0,468.0,351.4,7.5,0
304.2,16.0,465.6,346.4,7.5,0
305.0,16.0,467.6,351.2,7.5,0
304.2,16.0,466.2,349.2,7.5,0
304.0,16.0,467.0,350.4,7.5,0
304.0,16.0,468.6,355.2,7.5,0
304.6,16.0,469.2,356.2,7.5,0
303.6,16.0,468.4,355.8,7.5,0
303.0,16.0,468.2,358.4,7.5,0
302.0,16.0,469.2,362.8,7.5,0
302.6,16.0,471.4,368.0,7.5,0
302.2,16.0,472.8,371.0,7.5,0
301.6,16.8,475.6,375.4,7.5,0
302.8,16.8,476.8,377.8,7.5,0
303.8,17.0,479.4,384.4,7.5,0
304.8,17.0,479.2,382.4,7.5,0
305.0,17.0,479.4,385.6,7.5,0
305.0,17.0,480.0,388.0,7.5,0
305.0,17.0,480.8,389.6,7.5,0
305.2,17.0,482.2,393.6,7.5,0
306.0,17.0,484.6,398.6,7.5,0
306.6,17.0,487.2,404.0,7.5,0
307.0,17.0,491.2,412.8,7.5,0
308.0,17.2,492.4,417.0,7.5,0
307.2,17.0,492.0,417.0,7.5,0
307.0,17.0,490.8,413.2,7.5,0
307.0,17.0,490.0,411.4,7.5,0
307.0,17.0,488.6,408.4,7.5,0
307.0,17.0,488.4,408.6,7.5,0
307.0,17.0,489.2,410.0,7.5,0
307.4,17.0,490.2,412.6,7.5,0
308.0,17.0,490.6,413.0,7.5,0
308.0,17.0,491.0,413.6,7.5,0
308.0,17.4,491.0,415.0,7.5,0
308.0,17.0,492.4,417.6,7.5,0
308.6,17.4,493.0,418.4,7.5,0
309.0,17.0,493.0,418.0,7.5,0
309.0,17.0,493.0,418.8,7.5,0
308.6,17.2,492.4,417.4,7.5,0
308.8,17.0,492.6,418.2,7.5,0
308.4,17.2,493.4,420.2,7.5,0
308.4,17.8,496.0,423.2,7.5,0
310.0,18.0,497.6,426.2,7.5,0
310.0,18.0,498.8,428.4,7.5,0
310.4,18.0,500.4,431.4,7.5,0
311.0,18.0,501.6,433.8,7.5,0
311.0,18.0,502.8,435.4,7.5,0
311.0,18.0,502.4,435.2,7.5,0
311.0,18.0,501.4,433.6,7.5,0
311.0,18.0,501.0,431.8,7.5,0
311.4,18.0,501.8,433.8,7.5,0
312.0,18.0,502.8,436.2,7.5,0
312.0,18.0,503.2,437.4,7.5,0
312.0,18.0,503.0,437.6,7.5,0
311.8,18.0,504.0,438.4,7.5,0
312.0,18.0,504.8,439.6,7.5,0
312.8,18.0,505.0,441.2,7.5,0
313.0,18.0,505.0,441.0,7.5,0
313.0,18.0,505.0,441.8,7.5,0
313.0,18.0,505.0,442.0,7.5,0
312.6,18.0,505.0,442.0,7.5,0
312.0,18.0,505.0,441.8,7.5,0
312.6,18.0,504.6,439.6,7.5,0
313.0,18.0,503.8,437.2,7.5,0
313.0,18.0,503.0,436.0,7.5,0
312.0,18.0,504.2,438.8,7.5,0
312.0,18.0,505.6,443.2,7.5,0
311.0,18.0,507.0,446.0,7.5,0
311.6,18.0,509.0,449.2,7.5,0
312.0,18.0,510.6,453.0,7.5,0
312.6,18.0,512.4,456.8,7.5,0
313.0,18.0,513.0,458.2,7.5,0
313.6,18.2,514.2,460.6,7.5,0
314.0,18.8,515.0,462.6,7.5,0
314.0,19.0,515.6,463.4,7.5,0
315.0,19.0,516.2,464.4,7.5,0
315.0,18.8,517.6,466.0,7.5,0
315.2,19.0,518.8,468.6,7.5,0
315.0,19.0,519.6,471.8,7.5,0
315.0,19.0,520.4,475.0,7.5,0
315.0,19.0,521.2,477.2,7.5,0
314.8,19.0,522.4,479.0,7.5,0
314.0,19.0,524.0,481.4,7.5,0
314.6,19.0,524.8,482.6,7.5,0
315.0,19.0,525.2,483.0,7.5,0
315.2,19.0,526.0,483.8,7.5,0
316.0,19.0,526.0,484.0,7.5,0
316.0,19.0,526.4,484.8,7.5,0
316.0,19.0,526.8,485.2,7.5,0
315.8,19.0,527.0,485.6,7.5,0
315.2,19.0,527.0,486.6,7.5,0
315.4,19.0,527.8,487.8,7.5,0
315.4,19.0,528.2,488.4,7.5,0
315.4,19.0,528.4,488.2,7.5,0
315.0,19.0,528.8,488.0,7.5,0
315.8,19.0,528.8,488.4,7.5,0
316.0,19.0,529.0,489.0,7.5,0
316.0,19.0,530.0,490.2,7.5,0
316.0,19.0,530.0,490.8,7.5,0
316.0,19.0,530.0,491.0,7.5,0
316.0,19.0,531.0,492.0,7.5,0
316.0,19.0,531.0,492.8,7.5,0
316.0,19.0,531.0,492.4,7.5,0
316.2,19.0,531.0,493.0,7.5,0
316.8,19.0,531.6,493.0,7.5,0
316.0,19.0,532.0,494.4,7.5,0
316.0,19.0,532.8,495.0,7.5,0
316.0,19.0,533.0,495.8,7.5,0
316.2,19.0,533.4,496.0,7.5,0
316.8,19.0,533.4,496.0,7.5,0
316.8,19.0,534.0,496.8,7.5,0
317.0,19.0,534.0,497.0,7.5,0
317.0,19.0,534.0,497.0,7.5,0
317.0,19.0,533.8,496.6,7.5,0
317.0,19.0,534.0,497.0,7.5,0
317.0,19.0,533.8,497.0,7.5,0
317.0,19.0,533.0,496.0,7.5,0
317.0,19.0,533.0,496.0,7.5,0
317.0,19.0,533.0,496.0,7.5,0
317.2,19.0,533.0,496.0,7.5,0
317.4,19.0,533.0,496.0,7.5,0
317.8,19.0,533.4,496.8,7.5,0
318.0,19.0,534.0,497.0,7.5,0
317.2,19.0,534.0,497.0,7.5,0
317.6,19.0,534.0,498.0,7.5,0
317.8,19.0,534.0,497.6,7.5,0
318.0,19.0,534.0,497.6,7.5,0
318.0,19.0,534.0,498.0,7.5,0
318.0,19.0,534.0,498.0,7.5,0
318.0,19.0,534.0,498.0,7.5,0
318.0,19.0,534.0,498.4,7.5,0
318.0,19.0,534.6,499.2,7.5,0
318.0,19.0,535.0,500.0,7.5,0
318.0,19.0,535.0,500.0,7.5,0
318.0,19.0,535.0,500.4,7.5,0
318.0,19.0,535.0,501.0,7.5,0
318.0,19.2,535.0,501.0,7.5,0
318.0,19.0,535.8,501.0,7.5,0
318.0,19.2,536.0,501.0,7.5,0
318.0,19.4,536.0,501.8,7.5,0
318.0,19.4,536.0,502.8,7.5,0
318.0,19.2,537.0,503.4,7.5,0
318.4,19.2,537.0,504.0,7.5,0
318.2,19.0,537.0,504.2,7.5,0
318.4,19.6,537.0,505.0,7.5,0
318.0,19.6,537.0,505.0,7.5,0
318.0,19.4,537.0,505.0,7.5,0
318.2,19.2,537.0,505.0,7.5,0
318.0,19.0,537.6,505.0,7.5,0
318.0,19.6,538.0,506.0,7.5,0
318.4,19.6,538.0,506.0,7.5,0
319.0,19.4,538.0,506.0,7.5,0
319.0,19.8,538.4,506.2,7.5,0
319.0,20.0,538.6,506.2,7.5,0
319.0,19.8,538.4,506.0,7.5,0
319.0,19.8,539.0,506.6,7.5,0
319.0,19.8,539.0,507.0,7.5,0
319.0,19.8,539.0,507.0,7.5,0
319.2,19.8,539.0,507.4,7.5,0
319.6,19.8,539.0,508.0,7.5,0
319.4,20.0,539.6,508.0,7.5,0
319.0,20.0,540.0,508.0,7.5,0
319.0,19.6,539.0,508.0,7.5,0
319.0,20.0,539.2,508.0,7.5,0
319.0,20.0,539.2,508.0,7.5,0
319.0,19.8,539.6,508.4,7.5,0
319.0,20.0,540.0,509.0,7.5,0
319.0,19.8,540.8,509.6,7.5,0
319.6,20.0,541.0,510.0,7.5,0
319.6,20.0,541.0,510.0,7.5,0
319.0,20.0,541.0,510.6,7.5,0
319.0,20.0,541.0,510.6,7.5,0
319.0,20.0,541.0,510.2,7.5,0
319.0,19.8,541.0,511.0,7.5,0
319.0,19.8,541.0,511.0,7.5,0
319.0,20.0,541.0,511.2,7.5,0
319.0,20.0,541.2,512.0,7.5,0
319.0,20.0,541.8,512.0,7.5,0
319.0,20.0,541.2,512.0,7.5,0
319.0,20.0,541.4,512.0,7.5,0
319.0,20.0,541.4,512.0,7.5,0
319.0,20.0,541.0,512.0,7.5,0
319.0,20.0,541.0,512.0,7.5,0
319.0,20.0,541.0,512.0,7.5,0
319.0,20.0,541.4,512.4,7.5,0
319.0,20.0,542.0,513.0,7.5,0
319.0,20.0,542.0,512.8,7.5,0
319.0,20.0,542.0,513.0,7.5,0
319.0,20.0,541.8,513.0,7.5,0
319.0,20.0,542.0,513.0,7.5,0
319.0,20.0,542.0,513.0,7.5,0
319.0,20.0,542.0,513.4,7.5,0
319.0,20.0,542.0,514.0,7.5,0
319.0,20.0,542.0,514.6,7.5,0
319.0,20.0,542.0,515.0,7.5,0
319.0,20.0,542.2,515.0,7.5,0
319.0,20.0,542.6,515.4,7.5,0
319.0,20.0,543.0,516.0,7.5,0
319.4,20.0,543.0,516.0,7.5,0
319.8,20.0,543.0,516.0,7.5,0
320.0,20.0,543.0,516.8,7.5,0
319.8,20.0,543.0,517.0,7.5,0
320.0,20.0,543.0,517.2,7.5,0
320.0,20.0,543.8,518.0,7.5,0
320.0,20.0,544.0,518.0,7.5,0
320.0,20.0,544.0,518.0,7.5,0
320.0,20.0,544.0,518.0,7.5,0
320.0,20.0,544.0,518.0,7.5,0
320.0,20.0,544.4,518.6,7.5,0
320.0,20.0,545.0,519.0,7.5,0
320.0,20.0,545.0,519.0,7.5,0
320.0,20.0,545.0,519.0,7.5,0
320.0,20.0,545.0,519.8,7.5,0
320.0,20.0,545.8,520.0,7.5,0
320.0,20.0,545.8,520.0,7.5,0
320.0,20.0,546.0,520.0,7.5,0
320.8,20.0,545.8,520.6,7.5,0
320.8,20.0,545.8,520.6,7.5,0
320.0,20.0,546.0,521.2,7.5,0
320.0,20.0,546.2,521.8,7.5,0
320.4,20.0,546.2,522.0,7.5,0
320.6,20.0,546.6,522.0,7.5,0
321.0,20.0,546.2,522.0,7.5,0
321.0,20.0,546.6,522.2,7.5,0
321.0,20.0,547.0,522.6,7.5,0
321.0,20.0,547.0,523.0,7.5,0
321.0,20.0,547.0,523.0,7.5,0
321.0,20.0,547.0,523.0,7.5,0
321.0,20.0,547.0,523.0,7.5,0
321.0,20.0,547.0,523.6,7.5,0
321.0,20.0,547.0,523.2,7.5,0
321.0,20.0,547.0,523.4,7.5,0
321.0,20.0,547.0,523.6,7.5,0
321.0,20.0,547.0,523.8,7.5,0
321.0,20.0,547.0,524.0,7.5,0
321.0,20.0,547.8,525.2,7.5,0
321.0,20.0,548.0,525.4,7.5,0
320.8,20.0,547.8,525.4,7.5,0
320.6,20.0,548.0,526.0,7.5,0
321.0,20.0,548.0,526.2,7.5,0
321.0,20.0,548.2,526.2,7.5,0
321.0,20.0,548.2,526.0,7.5,0
321.0,20.0,548.6,526.4,7.5,0
321.0,20.0,549.0,527.0,7.5,0
321.0,20.0,549.0,527.0,7.5,0
321.0,20.0,549.0,527.0,7.5,0
321.0,20.0,549.0,527.0,7.5,0
321.6,20.0,549.4,527.0,7.5,0
322.0,20.0,550.0,527.0,7.5,0
322.0,20.0,550.0,527.4,7.5,0
322.0,20.0,550.0,527.8,7.5,0
321.6,20.0,549.6,528.0,7.5,0
321.2,20.0,549.8,527.6,7.5,0
321.2,20.0,550.0,527.8,7.5,0
322.0,20.0,550.0,528.0,7.5,0
321.6,20.0,550.0,528.0,7.5,0
321.6,20.0,550.0,528.4,7.5,0
321.4,20.0,550.0,529.0,7.5,0
321.0,20.0,550.8,529.2,7.5,0
321.4,20.0,551.0,530.0,7.5,0
321.4,20.0,551.6,530.2,7.5,0
321.4,20.0,552.6,531.0,7.5,0
322.0,20.0,553.0,531.0,7.5,0
322.0,20.0,553.0,532.0,7.5,0
322.0,20.0,553.0,532.4,7.5,0
322.0,20.0,554.0,533.0,7.5,0
322.0,20.0,554.0,533.8,7.5,0
322.0,20.0,554.8,534.8,7.5,0
322.4,20.0,555.6,535.8,7.5,0
323.0,20.0,556.6,536.6,7.5,0
323.0,20.0,557.0,537.8,7.5,0
323.0,20.0,557.8,538.4,7.5,0
323.0,20.0,558.8,539.4,7.5,0
323.8,20.0,559.4,541.0,7.5,0
324.0,20.0,560.6,542.8,7.5,0
324.0,20.6,563.0,545.8,7.5,0
324.0,20.6,564.2,548.0,7.5,0
324.0,20.6,565.4,550.2,7.5,0
324.4,21.0,566.4,551.4,7.5,0
324.0,21.0,567.6,552.6,7.5,0
324.0,21.0,568.0,553.6,7.5,0
324.0,21.0,568.0,554.6,7.5,0
324.4,21.0,568.0,555.6,7.5,0
324.8,21.0,568.0,556.8,7.5,0
324.8,21.0,568.0,557.2,7.5,0
325.0,21.0,569.0,558.0,7.5,0
324.6,21.0,569.0,558.6,7.5,0
324.0,21.0,570.0,559.0,7.5,0
324.0,21.0,570.0,560.0,7.5,0
324.0,21.0,570.0,560.4,7.5,0
324.0,21.0,570.4,561.0,7.5,0
324.6,21.0,571.0,562.0,7.5,0
324.2,21.0,571.6,562.0,7.5,0
324.0,21.0,572.2,563.0,7.5,0
323.8,21.0,572.0,563.6,7.5,0
322.8,21.0,572.0,564.0,7.5,0
323.0,21.0,572.0,565.0,7.5,0
322.2,21.0,572.0,566.0,7.5,0
322.0,21.0,572.6,567.2,7.5,0
321.4,21.0,573.2,568.6,7.5,0
320.4,21.0,574.0,570.8,7.5,0
319.6,21.0,574.8,572.0,7.5,0
318.2,21.0,573.6,571.4,7.5,0
318.0,21.0,571.8,569.6,7.5,0
318.4,21.0,568.6,566.6,7.5,0
320.2,21.0,570.2,569.4,7.5,0
319.0,21.0,571.8,572.2,7.5,0
317.2,21.0,573.4,574.6,7.5,0
318.8,21.0,574.4,576.2,7.5,0
319.8,21.0,576.4,579.8,7.5,0
319.4,21.0,578.8,583.8,7.5,0
319.0,21.0,580.0,586.8,7.5,0
319.6,21.0,581.4,589.4,7.5,0
320.2,21.2,583.8,593.0,7.5,0
320.0,21.4,585.0,594.6,7.5,0
320.0,21.8,586.0,596.2,7.5,0
319.0,22.0,586.2,597.4,7.5,0
319.0,22.0,587.0,598.6,7.5,0
320.6,22.0,588.0,599.8,7.5,0
321.4,22.0,589.2,601.0,7.5,0
322.4,22.0,589.2,600.4,7.5,0
322.8,21.8,587.8,597.8,7.5,0
322.0,21.8,586.6,594.8,7.5,0
322.8,21.4,584.4,591.2,7.5,0
323.0,21.2,583.8,590.6,7.5,0
324.8,21.4,583.0,589.8,7.5,0
326.4,21.6,585.4,594.0,7.5,0
327.0,22.0,585.2,594.2,7.5,0
327.0,21.8,585.4,594.6,7.5,0
327.0,22.0,586.4,595.6,7.5,0
327.4,22.0,587.8,597.0,7.5,0
328.0,22.0,589.0,597.8,7.5,0
327.8,22.0,590.4,598.4,7.5,0
326.2,22.0,590.4,598.6,7.5,0
324.6,22.0,589.2,597.6,7.5,0
323.0,22.0,587.0,597.0,7.5,0
322.6,21.4,585.4,595.0,7.5,0
322.0,21.6,585.8,596.4,7.5,0
321.6,21.6,585.0,595.2,7.5,0
321.0,21.0,584.0,593.2,7.5,0
321.0,21.2,585.0,595.6,7.5,0
320.8,21.8,586.0,598.2,7.5,0
321.0,22.0,588.2,601.2,7.5,0
322.0,22.0,590.2,603.8,7.5,0
321.2,22.0,592.2,605.6,7.5,0
321.0,22.0,593.0,607.0,7.5,0
321.2,22.0,594.0,607.8,7.5,0
323.2,22.0,595.8,609.2,7.5,0
324.4,22.0,597.6,610.6,7.5,0
325.0,22.0,598.8,612.4,7.5,0
325.0,22.0,599.6,614.0,7.5,0
326.0,22.0,600.8,615.0,7.5,0
325.6,22.0,602.2,616.0,7.5,0
327.0,22.0,603.0,617.0,7.5,0
325.6,22.0,603.0,617.0,7.5,0
324.8,22.0,603.0,617.8,7.5,0
324.0,22.0,603.2,619.0,7.5,0
324.0,22.0,604.4,620.8,7.5,0
323.4,22.0,605.0,622.4,7.5,0
323.4,22.0,606.0,624.4,7.5,0
325.4,22.0,607.4,625.8,7.5,0
326.0,22.0,609.6,628.0,7.5,0
325.8,22.2,611.4,630.2,7.5,0
326.8,22.4,612.8,631.8,7.5,0
327.4,22.8,614.8,635.2,7.5,0
328.0,23.0,616.8,637.8,7.5,0
327.0,23.0,618.0,639.8,7.5,0
326.6,23.0,619.0,642.0,7.5,0
324.4,23.0,620.2,643.6,7.5,0
323.6,23.0,621.2,645.2,7.5,0
324.4,23.0,622.6,647.2,7.5,0
324.6,23.0,623.6,649.0,7.5,0
324.4,23.0,625.0,650.8,7.5,0
324.4,23.0,625.6,652.6,7.5,0
325.2,23.0,626.4,654.0,7.5,0
327.2,23.0,628.4,655.4,7.5,0
328.4,23.0,629.2,656.2,7.5,0
329.0,23.0,630.0,657.0,7.5,0
329.2,23.0,630.4,657.4,7.5,0
330.0,23.0,631.0,658.2,7.5,0
330.0,23.0,632.0,659.0,7.5,0
329.2,23.0,632.0,659.2,7.5,0
329.2,23.0,632.0,659.8,7.5,0
330.0,23.0,632.6,660.0,7.5,0
329.6,23.0,633.0,660.2,7.5,0
330.0,23.0,633.6,661.0,7.5,0
330.0,23.0,633.6,661.8,7.5,0
330.0,23.0,633.0,662.0,7.5,0
330.0,23.0,633.0,662.0,7.5,0
330.0,23.0,633.0,662.0,7.5,0
330.0,23.0,633.6,662.0,7.5,0
330.0,23.0,633.2,662.0,7.5,0
329.8,23.0,633.6,662.6,7.5,0
330.0,23.0,634.0,663.0,7.5,0
330.0,23.0,634.0,663.6,7.5,0
330.0,23.0,634.0,664.0,7.5,0
330.0,23.0,634.0,664.0,7.5,0
330.6,23.0,634.0,664.0,7.5,0
331.0,23.0,634.0,664.0,7.5,0
330.4,23.0,633.8,664.0,7.5,0
330.2,23.0,634.0,664.0,7.5,0
331.0,23.0,634.0,664.0,7.5,0
331.0,23.0,633.8,664.2,7.5,0
330.8,23.0,633.2,664.0,7.5,0
330.6,23.0,633.2,664.0,7.5,0
330.4,23.0,633.2,664.2,7.5,0
330.0,23.0,633.0,664.0,7.5,0
329.8,23.0,633.0,664.0,7.5,0
330.0,23.0,633.0,664.0,7.5,0
329.4,23.0,633.0,665.0,7.5,0
329.0,23.0,633.0,664.6,7.5,0
329.0,23.0,633.0,665.0,7.5,0
328.4,23.0,633.0,664.0,7.5,0
328.2,23.0,633.0,664.2,7.5,0
328.0,23.0,633.0,664.6,7.5,0
328.0,23.0,633.0,664.8,7.5,0
328.0,23.0,632.6,664.6,7.5,0
328.0,23.0,633.0,665.0,7.5,0
328.4,23.0,633.0,665.0,7.5,0
328.2,23.0,633.0,665.0,7.5,0
328.0,23.0,633.0,665.0,7.5,0
328.0,23.0,633.0,665.0,7.5,0
328.6,23.0,633.0,665.0,7.5,0
329.0,23.0,633.0,665.0,7.5,0
329.0,23.0,633.0,665.2,7.5,0
328.8,23.0,633.0,665.8,7.5,0
329.0,23.0,633.0,666.0,7.5,0
329.0,23.0,633.6,666.0,7.5,0
329.0,23.0,634.0,666.0,7.5,0
329.0,23.0,634.0,666.0,7.5,0
329.8,23.0,634.0,667.0,7.5,0
330.6,23.0,635.0,667.4,7.5,0
331.4,23.0,636.0,668.0,7.5,0
332.0,23.4,637.0,669.0,7.5,0
332.0,23.2,638.2,670.4,7.5,0
332.2,23.6,639.4,672.2,7.5,0
332.8,23.8,640.0,673.0,7.5,0
332.0,23.6,640.0,673.2,7.5,0
332.2,23.8,640.0,674.0,7.5,0
332.0,23.6,640.0,674.0,7.5,0
332.2,24.0,640.0,674.0,7.5,0
332.0,23.8,640.0,674.0,7.5,0
332.0,24.0,640.4,674.6,7.5,0
332.0,23.8,641.0,675.0,7.5,0
332.0,23.8,641.0,675.0,7.5,0
331.4,23.8,641.0,675.4,7.5,0
331.2,24.0,641.0,676.0,7.5,0
331.8,24.0,641.0,675.4,7.5,0
331.4,24.0,641.0,675.2,7.5,0
332.0,23.8,641.0,675.2,7.5,0
331.0,23.8,641.0,675.0,7.5,0
331.8,23.8,641.0,675.0,7.5,0
332.0,23.8,641.0,675.0,7.5,0
332.0,23.6,641.6,675.4,7.5,0
332.0,24.0,641.8,675.8,7.5,0
332.0,24.0,642.0,676.2,7.5,0
332.0,24.0,642.0,676.0,7.5,0
331.4,24.0,642.2,676.4,7.5,0
331.0,24.0,642.2,676.0,7.5,0
330.6,23.8,642.6,676.0,7.5,0
329.2,23.8,642.0,676.0,7.5,0
329.0,23.6,642.0,675.8,7.5,0
329.0,23.8,641.8,675.6,7.5,0
329.0,24.0,642.0,675.0,7.5,0
329.8,24.0,642.0,675.0,7.5,0
330.0,23.8,642.0,675.0,7.5,0
330.0,24.0,642.0,674.8,7.5,0
330.0,23.8,641.8,674.0,7.5,0
330.4,23.8,642.0,674.0,7.5,0
330.0,23.8,641.4,674.0,7.5,0
330.0,23.8,641.0,674.0,7.5,0
330.0,23.6,640.8,673.8,7.5,0
329.8,23.6,640.2,673.0,7.5,0
330.0,23.8,641.0,673.4,7.5,0
330.0,23.8,641.0,674.0,7.5,0
330.0,23.8,641.0,674.0,7.5,0
330.0,24.0,641.2,674.2,7.5,0
330.0,23.8,642.0,675.0,7.5,0
330.0,23.8,642.0,675.0,7.5,0
330.2,24.0,642.0,675.2,7.5,0
330.0,23.6,642.6,676.0,7.5,0
330.8,24.0,643.0,676.0,7.5,0
331.0,24.0,643.0,676.8,7.5,0
331.0,24.0,643.2,677.0,7.5,0
331.0,24.0,644.0,677.0,7.5,0
331.0,24.0,643.8,677.2,7.5,0
331.0,24.0,644.0,678.0,7.5,0
331.0,24.0,644.0,678.0,7.5,0
331.0,24.0,644.0,678.0,7.5,0
331.0,24.0,644.0,678.0,7.5,0
331.0,24.0,644.0,678.0,7.5,0
331.0,24.0,644.0,678.0,7.5,0
331.0,24.0,644.0,678.2,7.5,0
331.0,24.0,644.0,678.0,7.5,0
331.0,24.0,644.2,678.8,7.5,0
331.0,24.0,644.0,678.2,7.5,0
331.4,24.0,644.2,678.4,7.5,0
331.6,24.0,644.2,678.4,7.5,0
332.0,24.0,645.0,679.0,7.5,0
332.0,24.0,645.0,679.0,7.5,0
332.0,24.0,645.0,679.2,7.5,0
332.0,24.0,645.4,680.0,7.5,0
332.0,24.0,646.0,680.0,7.5,0
332.0,24.0,646.0,680.0,7.5,0
331.8,24.0,646.0,680.0,7.5,0
331.6,24.0,646.0,680.0,7.5,0
331.6,24.0,646.0,680.0,7.5,0
332.0,24.0,646.0,680.0,7.5,0
331.2,24.0,646.0,680.0,7.5,0
331.2,24.0,646.0,680.0,7.5,0
331.8,24.0,646.0,680.0,7.5,0
332.0,24.0,646.0,680.0,7.5,0
332.0,24.0,646.0,680.0,7.5,0
332.0,24.0,646.0,680.0,7.5,0
332.0,24.0,646.6,680.8,7.5,0
332.0,24.0,646.6,681.0,7.5,0
332.0,24.0,646.4,680.6,7.5,0
332.0,24.0,646.2,681.0,7.5,0
332.0,24.0,647.0,681.0,7.5,0
331.6,24.0,646.2,681.0,7.5,0
330.8,24.0,646.0,681.0,7.5,0
331.0,24.0,646.0,680.2,7.5,0
331.0,24.0,646.0,680.0,7.5,0
331.0,24.0,646.0,680.0,7.5,0
331.0,24.0,645.4,679.8,7.5,0
330.4,24.0,645.0,679.0,7.5,0
330.0,24.0,645.0,679.0,7.5,0
330.0,24.0,644.8,679.0,7.5,0
330.0,24.0,644.0,679.0,7.5,0
329.2,24.0,644.0,678.4,7.5,0
328.8,24.0,644.0,679.0,7.5,0
329.0,24.0,644.0,679.0,7.5,0
329.0,24.0,644.2,679.0,7.5,0
329.0,24.0,644.6,679.0,7.5,0
329.0,24.0,644.6,679.0,7.5,0
329.4,24.0,645.0,679.0,7.5,0
329.8,24.0,644.6,679.0,7.5,0
330.0,24.0,644.2,679.0,7.5,0
330.0,24.0,645.0,679.0,7.5,0
330.6,24.0,645.0,679.0,7.5,0
331.0,24.0,645.0,679.2,7.5,0
331.0,24.0,644.8,679.4,7.5,0
331.0,24.0,644.8,679.0,7.5,0
331.0,24.0,644.8,679.0,7.5,0
331.0,24.0,645.0,679.0,7.5,0
331.2,24.0,645.0,679.0,7.5,0
332.0,24.0,644.6,679.0,7.5,0
332.0,24.0,645.0,679.0,7.5,0
332.0,24.0,644.6,678.6,7.5,0
332.0,24.0,644.2,678.0,7.5,0
333.0,24.0,644.0,678.0,7.5,0
333.0,24.0,643.6,677.0,7.5,0
333.2,24.0,643.0,677.0,7.5,0
333.6,24.0,642.8,674.8,7.5,0
333.4,24.0,641.2,670.4,7.5,0
333.0,23.4,638.8,666.8,7.5,0
332.2,23.0,637.2,664.0,7.5,0
332.0,23.0,637.0,663.0,7.5,0
332.8,23.0,637.4,663.4,7.5,0
334.4,23.0,638.0,664.0,7.5,0
335.0,23.0,638.8,665.0,7.5,0
335.2,23.8,640.0,666.0,7.5,0
335.0,23.8,641.0,666.4,7.5,0
335.4,23.6,641.6,667.8,7.5,0
336.6,24.0,643.4,670.2,7.5,0
337.0,23.6,644.0,672.2,7.5,0
336.8,24.0,644.6,673.8,7.5,0
335.4,24.0,645.4,675.8,7.5,0
335.6,24.0,646.8,679.0,7.5,0
336.6,24.0,648.0,680.0,7.5,0
336.0,24.0,647.4,679.4,7.5,0
336.0,24.0,646.0,678.0,7.5,0
336.0,24.0,646.0,677.6,7.5,0
336.8,24.0,646.0,676.6,7.5,0
337.0,24.0,646.0,676.4,7.5,0
337.0,24.0,647.0,677.6,7.5,0
337.0,24.0,647.0,678.0,7.5,0
336.8,24.0,647.0,678.4,7.5,0
337.0,24.0,647.8,679.0,7.5,0
337.8,24.0,648.2,679.4,7.5,0
338.0,24.0,648.6,679.6,7.5,0
338.0,24.0,648.8,679.6,7.5,0
338.0,24.0,648.6,679.8,7.5,0
338.0,24.0,649.0,680.4,7.5,0
338.2,24.0,649.0,681.0,7.5,0
338.2,24.0,649.0,681.0,7.5,0
338.0,24.0,648.8,680.8,7.5,0
338.0,24.0,648.4,680.0,7.5,0
338.2,24.0,648.4,680.0,7.5,0
338.8,24.0,648.4,680.0,7.5,0
339.0,24.0,649.0,680.2,7.5,0
339.0,24.0,649.0,680.0,7.5,0
338.8,24.0,648.2,680.0,7.5,0
339.0,24.0,648.2,680.0,7.5,0
339.0,24.0,648.0,680.0,7.5,0
339.0,24.0,648.0,680.0,7.5,0
338.2,24.0,648.0,680.0,7.5,0
338.6,24.0,648.0,680.0,7.5,0
338.2,24.0,648.0,680.0,7.5,0
338.6,24.0,648.0,680.0,7.5,0
338.6,24.0,648.0,680.4,7.5,0
339.0,24.0,648.0,680.2,7.5,0
338.4,24.0,648.0,680.0,7.5,0
339.0,24.0,648.0,680.0,7.5,0
338.8,24.0,648.0,680.0,7.5,0
338.2,24.0,648.0,680.0,7.5,0
339.0,24.0,648.0,680.8,7.5,0
339.0,24.0,648.4,681.0,7.5,0
339.0,24.0,648.2,681.0,7.5,0
339.0,24.0,648.0,681.0,7.5,0
339.0,24.0,648.6,681.0,7.5,0
339.0,24.0,648.2,681.0,7.5,0
339.0,24.0,649.0,681.0,7.5,0
339.2,24.0,649.0,682.0,7.5,0
339.2,24.0,649.0,681.0,7.5,0
339.0,24.0,649.0,681.4,7.5,0
339.0,24.0,649.0,681.8,7.5,0
340.0,24.0,649.0,681.8,7.5,0
339.8,24.0,649.0,682.0,7.5,0
339.0,24.0,649.0,682.0,7.5,0
339.6,24.0,649.0,682.0,7.5,0
339.2,24.0,649.2,682.0,7.5,0
339.0,24.0,649.6,682.0,7.5,0
339.0,24.0,649.2,682.0,7.5,0
339.4,24.0,649.6,682.0,7.5,0
340.0,24.0,649.2,682.0,7.5,0
340.0,24.0,649.0,682.0,7.5,0
340.0,24.0,649.0,682.0,7.5,0
340.0,24.0,649.4,682.0,7.5,0
340.0,24.0,649.0,682.0,7.5,0
339.2,24.0,649.0,681.4,7.5,0
339.8,24.0,649.0,681.4,7.5,0
339.2,24.0,649.0,681.8,7.5,0
339.0,24.0,649.0,681.0,7.5,0
339.2,24.0,649.0,681.0,7.5,0
339.0,24.0,649.0,681.0,7.5,0
339.0,24.0,648.8,681.0,7.5,0
339.8,24.0,649.0,681.0,7.5,0
340.0,24.0,649.0,681.0,7.5,0
340.0,24.0,649.0,681.0,7.5,0
340.0,24.0,649.0,681.0,7.5,0
340.0,24.0,649.0,681.0,7.5,0
340.0,24.0,649.0,681.0,7.5,0
340.0,24.0,648.4,681.0,7.5,0
340.0,24.0,649.0,681.0,7.5,0
340.0,24.0,649.0,681.0,7.5,0
340.0,24.0,649.0,681.0,7.5,0
340.0,24.0,649.0,681.0,7.5,0
340.0,24.0,649.0,681.0,7.5,0
340.0,24.0,649.0,681.0,7.5,0
340.0,24.0,649.0,681.0,7.5,0
340.0,24.0,649.0,681.0,7.5,0
340.0,24.0,649.0,681.0,7.5,0
340.0,24.0,649.0,681.0,7.5,0
340.0,24.0,649.0,681.0,7.5,0
340.0,24.0,649.0,681.0,7.5,0
340.0,24.0,649.0,681.0,7.5,0
340.0,24.0,649.0,681.0,7.5,0
340.0,24.0,649.0,681.0,7.5,0
340.0,24.0,648.8,681.6,7.5,0
340.0,24.0,649.0,681.0,7.5,0
339.4,24.0,648.6,681.0,7.5,0
339.0,24.0,648.0,681.0,7.5,0
339.0,24.0,648.0,681.0,7.5,0
339.0,24.0,648.2,681.0,7.5,0
339.0,24.0,648.0,681.0,7.5,0
338.4,24.0,648.0,681.0,7.5,0
338.2,24.0,648.0,681.0,7.5,0
339.0,24.0,648.0,681.0,7.5,0
338.4,24.0,648.0,681.0,7.5,0
338.0,24.0,648.0,681.0,7.5,0
338.8,24.0,648.8,681.4,7.5,0
339.0,24.0,649.0,682.0,7.5,0
339.6,24.0,649.0,682.0,7.5,0
339.8,24.0,649.0,682.0,7.5,0
340.0,24.0,649.0,682.0,7.5,0
339.8,24.0,649.8,682.6,7.5,0
340.0,24.0,650.0,683.0,7.5,0
340.0,24.0,650.0,683.0,7.5,0
340.0,24.0,650.0,683.0,7.5,0
340.0,24.0,650.0,683.0,7.5,0
340.0,24.0,650.0,683.0,7.5,0
340.0,24.0,650.0,683.4,7.5,0
340.0,24.0,650.2,684.0,7.5,0
340.2,24.0,651.0,684.2,7.5,0
340.0,24.0,651.0,684.0,7.5,0
340.0,24.0,651.0,684.4,7.5,0
340.0,24.0,650.8,684.2,7.5,0
340.0,24.0,650.2,684.0,7.5,0
340.0,24.0,650.0,684.0,7.5,0
339.4,24.0,650.0,683.0,7.5,0
339.0,24.0,650.0,683.2,7.5,0
339.0,24.0,650.0,683.0,7.5,0
339.0,24.0,650.0,683.0,7.5,0
339.0,24.0,649.2,683.0,7.5,0
338.8,24.0,649.0,682.0,7.5,0
338.0,24.0,648.0,681.0,7.5,0
338.0,24.0,649.0,681.6,7.5,0
338.8,24.0,649.0,681.8,7.5,0
338.8,24.0,649.0,682.0,7.5,0
339.0,24.0,649.0,682.0,7.5,0
339.0,24.0,649.0,682.0,7.5,0
339.0,24.0,649.0,682.0,7.5,0
339.8,24.0,650.4,683.2,7.5,0
340.2,24.0,651.6,684.2,7.5,0
340.0,24.0,651.6,683.6,7.5,0
340.0,24.0,651.4,683.6,7.5,0
340.0,24.0,652.2,684.2,7.5,0
340.8,24.0,654.0,685.4,7.5,0
341.0,24.0,654.0,685.0,7.5,0
341.4,24.0,654.6,684.8,7.5,0
340.6,24.0,653.2,682.8,7.5,0
341.8,24.0,653.0,682.0,7.5,0
342.4,24.0,653.6,683.2,7.5,0
343.2,24.0,654.0,684.2,7.5,0
342.4,24.0,654.4,685.6,7.5,0
339.6,24.0,653.8,686.2,7.5,0
334.6,24.0,651.0,685.2,7.5,0
329.8,24.0,649.0,683.8,7.5,0
328.2,24.0,646.2,682.0,7.5,0
328.4,24.0,645.0,681.2,7.5,0
327.4,23.4,638.6,674.8,7.5,0
326.8,23.0,635.0,671.6,7.5,0
323.0,23.0,631.2,667.8,7.5,0
320.0,23.0,631.4,668.4,7.5,0
320.6,23.0,629.8,666.0,7.5,0
321.2,23.0,624.4,657.2,7.5,0
321.4,23.0,623.0,655.4,7.5,0
321.8,23.0,621.4,651.8,7.5,0
320.8,23.0,619.6,647.2,7.5,0
320.0,23.0,618.4,645.2,7.5,0
320.8,23.0,617.8,644.0,7.5,0
320.6,22.6,614.0,639.8,7.5,0
319.8,23.0,615.4,642.6,7.5,0
320.2,22.8,615.8,644.2,7.5,0
321.4,22.8,614.4,641.2,7.5,0
320.6,22.0,609.0,636.6,7.5,0
321.2,22.4,608.6,637.4,7.5,0
321.0,22.0,603.4,630.6,7.5,0
320.0,22.0,604.0,631.0,7.5,0
320.0,22.0,604.8,631.4,7.5,0
320.8,22.0,608.8,636.8,7.5,0
321.6,22.8,611.8,641.0,7.5,0
323.0,23.0,613.6,644.2,7.5,0
322.4,23.0,610.4,642.2,7.5,0
322.0,22.8,609.8,641.6,7.5,0
322.0,22.2,608.8,639.8,7.5,0
322.4,22.0,608.8,639.6,7.5,0
322.0,22.4,609.2,640.0,7.5,0
321.6,22.6,610.0,641.4,7.5,0
320.8,22.2,605.8,636.0,7.5,0
318.8,22.0,599.6,629.4,7.5,0
317.6,22.0,590.8,615.6,7.5,0
318.4,22.0,591.8,613.8,7.5,0
319.6,22.0,588.6,604.6,7.5,0
318.0,21.6,586.6,600.6,7.5,0
318.0,21.8,587.4,603.0,7.5,0
318.0,22.0,586.2,605.2,7.5,0
319.2,22.0,585.6,606.6,7.5,0
319.4,22.0,589.6,610.2,7.5,0
317.6,22.0,588.8,608.6,7.5,0
317.0,21.8,584.0,602.6,7.5,0
317.0,21.0,579.4,596.6,7.5,0
317.8,21.4,581.6,602.6,7.5,0
318.0,22.0,583.0,604.6,7.5,0
318.6,22.0,585.6,606.8,7.5,0
318.6,22.0,584.2,603.0,7.5,0
318.0,22.0,584.6,603.2,7.5,0
317.4,21.8,585.0,604.2,7.5,0
317.4,22.0,583.2,602.4,7.5,0
317.0,21.8,583.2,603.8,7.5,0
318.0,21.8,583.4,604.4,7.5,0
318.0,22.0,583.8,606.2,7.5,0
317.4,21.8,585.4,608.2,7.5,0
316.0,22.0,587.4,611.0,7.5,0
317.2,22.0,586.6,610.8,7.5,0
318.0,22.0,587.6,611.4,7.5,0
318.0,22.0,586.0,608.0,7.5,0
318.0,22.0,586.6,608.2,7.5,0
317.2,22.0,585.0,606.0,7.5,0
317.8,22.0,587.6,610.4,7.5,0
319.0,22.0,586.4,607.4,7.5,0
317.6,22.0,585.8,607.6,7.5,0
315.0,22.0,587.8,610.0,7.5,0
313.8,22.0,586.2,607.6,7.5,0
313.4,21.4,582.8,601.4,7.5,0
314.0,21.0,583.2,602.2,7.5,0
314.6,21.6,584.6,604.0,7.5,0
315.0,21.6,585.4,605.0,7.5,0
315.0,21.8,586.0,605.0,7.5,0
314.0,22.0,587.0,606.4,7.5,0
315.0,22.0,587.4,607.0,7.5,0
316.4,22.0,588.4,609.2,7.5,0
317.8,22.0,591.2,613.0,7.5,0
318.2,22.0,592.0,614.8,7.5,0
318.0,22.0,592.2,615.0,7.5,0
318.0,22.0,593.0,616.0,7.5,0
318.0,22.0,593.0,616.0,7.5,0
317.0,22.0,593.0,616.0,7.5,0
317.6,22.0,592.6,615.4,7.5,0
318.0,22.0,593.0,615.8,7.5,0
318.0,22.0,592.4,614.8,7.5,0
317.4,22.0,592.0,613.8,7.5,0
318.0,22.0,590.6,612.0,7.5,0
318.0,22.0,589.4,610.4,7.5,0
317.2,22.0,586.6,606.6,7.5,0
317.0,21.8,586.6,607.4,7.5,0
317.4,22.0,587.0,609.0,7.5,0
318.0,22.0,587.0,609.4,7.5,0
318.0,22.0,587.0,609.4,7.5,0
318.0,22.0,586.6,608.6,7.5,0
318.0,22.0,586.4,608.0,7.5,0
317.0,22.0,587.0,608.2,7.5,0
317.0,22.0,587.8,610.2,7.5,0
317.0,22.0,588.0,610.2,7.5,0
317.0,22.0,588.0,610.2,7.5,0
318.0,22.0,587.0,610.0,7.5,0
318.0,22.0,588.0,611.2,7.5,0
317.6,22.0,587.4,609.6,7.5,0
317.2,22.0,588.0,610.0,7.5,0
317.2,22.0,587.0,607.4,7.5,0
317.6,22.0,586.4,607.0,7.5,0
318.0,22.0,587.0,609.4,7.5,0
318.0,22.0,586.6,608.8,7.5,0
318.0,22.0,586.0,608.0,7.5,0
318.0,22.0,587.0,608.6,7.5,0
318.0,22.0,587.6,609.8,7.5,0
317.2,22.0,588.0,610.0,7.5,0
317.0,22.0,588.0,609.8,7.5,0
316.8,22.0,588.4,610.8,7.5,0
317.0,22.0,588.2,610.6,7.5,0
317.0,22.0,588.4,611.0,7.5,0
317.0,22.0,588.2,611.0,7.5,0
317.0,22.0,588.4,610.6,7.5,0
317.0,22.0,587.0,609.0,7.5,0
317.0,22.0,587.0,609.0,7.5,0
317.0,22.0,587.0,609.4,7.5,0
317.0,22.0,586.8,608.2,7.5,0
316.4,22.0,586.0,608.0,7.5,0
316.2,22.0,586.0,606.8,7.5,0
316.2,22.0,585.4,605.0,7.5,0
316.6,21.8,584.6,603.4,7.5,0
316.0,21.6,584.0,602.4,7.5,0
316.0,21.4,582.2,600.0,7.5,0
315.0,21.6,581.0,599.2,7.5,0
315.0,21.2,581.8,600.0,7.5,0
315.6,21.4,582.2,600.6,7.5,0
316.0,21.6,583.0,601.0,7.5,0
316.2,21.8,583.0,601.8,7.5,0
316.2,21.6,583.4,601.8,7.5,0
317.0,21.6,584.0,603.2,7.5,0
317.0,22.0,584.4,604.2,7.5,0
317.0,22.0,584.4,604.4,7.5,0
317.0,21.0,581.0,601.6,7.5,0
317.4,21.2,580.0,600.2,7.5,0
317.0,21.0,579.0,597.8,7.5,0
317.0,21.0,579.0,597.0,7.5,0
317.0,21.0,579.2,594.0,7.5,0
317.0,21.0,580.2,595.0,7.5,0
317.0,21.4,581.8,596.8,7.5,0
318.0,21.6,583.6,599.6,7.5,0
318.4,21.8,585.2,602.2,7.5,0
319.2,22.0,585.8,603.0,7.5,0
319.0,22.0,585.0,601.6,7.5,0
317.6,21.6,584.8,600.4,7.5,0
316.8,21.2,582.2,596.6,7.5,0
314.4,21.0,582.0,596.0,7.5,0
315.0,21.0,582.0,596.0,7.5,0
315.2,21.0,580.8,595.4,7.5,0
316.0,21.0,579.6,594.2,7.5,0
316.8,21.0,581.6,596.4,7.5,0
317.8,21.2,582.4,596.4,7.5,0
317.2,21.6,583.8,598.6,7.5,0
317.8,21.0,582.6,596.4,7.5,0
318.2,21.2,582.6,597.4,7.5,0
319.0,21.6,582.0,596.8,7.5,0
319.0,21.2,582.0,597.0,7.5,0
320.0,21.2,582.2,597.4,7.5,0
320.0,21.2,581.6,595.8,7.5,0
320.6,21.4,581.8,596.8,7.5,0
321.0,21.0,582.0,597.4,7.5,0
321.0,21.4,582.0,596.6,7.5,0
321.0,21.6,583.2,597.8,7.5,0
321.0,22.0,583.4,598.0,7.5,0
321.0,22.0,584.8,599.6,7.5,0
321.0,22.0,585.2,600.0,7.5,0
320.4,21.8,586.0,600.8,7.5,0
320.4,22.0,586.0,602.0,7.5,0
321.0,22.0,586.4,602.6,7.5,0
319.8,22.0,586.0,602.0,7.5,0
318.0,21.6,583.2,599.0,7.5,0
315.8,21.0,579.6,594.6,7.5,0
315.0,21.0,579.0,594.6,7.5,0
315.0,21.0,579.0,595.0,7.5,0
315.8,21.0,579.4,595.6,7.5,0
316.0,21.0,580.0,597.2,7.5,0
316.6,21.4,581.0,599.2,7.5,0
317.6,21.8,582.0,600.0,7.5,0
318.0,21.6,584.4,602.2,7.5,0
317.8,21.6,583.6,600.8,7.5,0
317.0,21.0,582.8,599.8,7.5,0
317.4,21.4,582.0,599.0,7.5,0
317.8,21.0,581.4,597.8,7.5,0
317.0,21.0,580.2,596.2,7.5,0
317.0,21.0,577.6,591.6,7.5,0
315.2,21.0,571.6,582.4,7.5,0
314.0,21.0,569.0,577.8,7.5,0
314.4,21.0,564.2,569.6,7.5,0
315.6,21.0,563.8,569.0,7.5,0
317.2,21.0,562.0,565.0,7.5,0
318.0,21.0,563.6,569.8,7.5,0
318.4,21.0,564.2,571.2,7.5,0
319.0,21.0,566.0,573.8,7.5,0
319.4,21.0,567.2,575.2,7.5,0
319.8,21.0,568.6,579.0,7.5,0
320.0,21.0,568.6,579.2,7.5,0
320.0,21.0,570.0,581.6,7.5,0
320.0,21.0,570.4,582.8,7.5,0
320.0,21.0,571.8,585.6,7.5,0
320.0,21.0,573.4,588.6,7.5,0
320.0,21.0,575.4,591.2,7.5,0
320.0,21.0,577.0,593.4,7.5,0
320.0,21.0,578.4,594.6,7.5,0
320.0,21.2,579.6,596.6,7.5,0
320.0,21.2,580.0,597.2,7.5,0
320.0,21.4,581.0,598.8,7.5,0
320.4,21.4,581.0,599.0,7.5,0
320.2,21.4,581.8,599.2,7.5,0
320.0,21.2,581.8,599.2,7.5,0
320.4,22.0,582.0,600.0,7.5,0
320.4,21.8,582.0,599.2,7.5,0
320.0,21.6,581.4,598.4,7.5,0
320.0,21.4,581.6,598.8,7.5,0
320.0,21.8,582.0,599.0,7.5,0
320.0,21.8,582.0,599.2,7.5,0
320.4,21.8,582.0,600.0,7.5,0
321.0,21.6,582.0,600.4,7.5,0
320.2,21.6,582.4,600.8,7.5,0
320.0,22.0,582.0,601.0,7.5,0
320.0,21.8,582.2,601.0,7.5,0
320.4,21.8,583.0,601.0,7.5,0
320.4,22.0,583.0,601.6,7.5,0
320.0,21.6,583.0,602.0,7.5,0
320.0,21.8,583.0,601.8,7.5,0
320.0,21.8,582.4,601.4,7.5,0
320.0,21.4,583.0,601.6,7.5,0
320.0,21.6,583.0,601.0,7.5,0
320.2,21.4,583.0,601.2,7.5,0
320.0,21.8,583.0,602.0,7.5,0
320.0,22.0,583.0,602.0,7.5,0
320.0,22.0,582.6,601.8,7.5,0
319.8,21.8,581.0,601.0,7.5,0
319.0,21.8,581.0,600.6,7.5,0
319.0,21.8,581.2,601.0,7.5,0
319.0,21.4,581.0,601.0,7.5,0
319.0,21.6,581.2,600.4,7.5,0
318.4,21.8,581.4,600.0,7.5,0
318.0,21.0,580.8,599.0,7.5,0
317.6,21.2,580.4,598.8,7.5,0
316.0,21.0,580.0,598.4,7.5,0
317.2,21.0,580.0,597.4,7.5,0
318.2,21.0,579.8,596.6,7.5,0
318.6,21.0,578.4,595.4,7.5,0
318.2,21.0,578.6,597.2,7.5,0
318.0,21.0,579.0,597.8,7.5,0
318.0,21.2,579.0,598.0,7.5,0
318.0,21.0,580.0,598.8,7.5,0
318.2,21.2,580.0,599.0,7.5,0
318.0,21.4,580.4,599.4,7.5,0
318.0,21.2,581.0,599.2,7.5,0
318.6,21.6,581.0,599.0,7.5,0
319.0,21.2,581.0,599.0,7.5,0
319.0,21.6,580.0,599.0,7.5,0
319.0,21.6,580.0,599.0,7.5,0
319.0,21.4,580.4,600.6,7.5,0
319.0,21.2,581.0,601.0,7.5,0
319.0,21.4,581.0,601.0,7.5,0
319.0,21.4,581.0,601.0,7.5,0
318.4,21.6,581.4,601.0,7.5,0
318.6,21.4,582.0,602.0,7.5,0
318.4,21.4,582.2,602.0,7.5,0
318.8,22.0,583.0,602.0,7.5,0
319.0,21.6,583.0,602.0,7.5,0
319.0,21.6,583.0,602.2,7.5,0
318.4,21.8,583.4,602.0,7.5,0
318.0,21.8,584.0,602.0,7.5,0
317.0,21.8,584.0,602.8,7.5,0
317.0,21.8,584.0,603.0,7.5,0
317.0,21.8,584.0,603.0,7.5,0
317.0,21.6,583.4,602.8,7.5,0
316.6,21.8,583.2,602.4,7.5,0
316.0,21.6,583.6,602.2,7.5,0
316.0,21.6,583.8,601.8,7.5,0
316.2,21.8,583.0,601.0,7.5,0
317.0,21.6,582.8,600.8,7.5,0
317.2,21.6,582.0,599.6,7.5,0
317.0,21.4,581.6,598.4,7.5,0
317.4,21.0,579.2,596.0,7.5,0
317.2,21.0,578.4,594.2,7.5,0
317.4,21.0,576.0,590.0,7.5,0
317.0,21.0,574.4,588.8,7.5,0
317.0,21.0,573.2,587.0,7.5,0
317.0,21.0,572.6,586.2,7.5,0
317.0,21.0,572.0,585.2,7.5,0
317.0,21.0,571.8,585.8,7.5,0
317.6,21.0,570.6,584.4,7.5,0
318.0,21.0,567.4,582.2,7.5,0
318.0,21.0,566.4,581.6,7.5,0
318.0,21.0,567.0,583.6,7.5,0
317.6,21.0,567.8,583.8,7.5,0
317.0,21.0,569.6,585.4,7.5,0
316.8,21.0,572.4,589.0,7.5,0
316.4,21.0,573.0,590.0,7.5,0
316.4,21.0,572.8,590.0,7.5,0
315.6,21.0,570.0,586.8,7.5,0
315.0,21.0,563.8,577.8,7.5,0
313.8,20.8,557.0,567.4,7.5,0
313.2,20.0,553.8,560.0,7.5,0
313.4,20.0,553.0,559.0,7.5,0
312.0,20.2,554.2,561.0,7.5,0
312.0,20.0,555.2,562.0,7.5,0
312.0,20.2,555.6,561.6,7.5,0
311.2,20.2,555.0,560.0,7.5,0
311.0,20.0,554.8,558.6,7.5,0
311.2,20.0,555.0,558.2,7.5,0
312.6,20.0,555.6,559.8,7.5,0
313.6,20.2,555.2,559.8,7.5,0
313.8,20.0,555.0,559.4,7.5,0
313.8,20.2,555.6,560.6,7.5,0
314.0,20.2,556.2,562.0,7.5,0
314.0,20.8,557.2,563.8,7.5,0
314.0,20.6,558.0,565.4,7.5,0
314.0,20.4,558.0,566.0,7.5,0
314.0,20.8,558.0,566.0,7.5,0
314.2,21.0,559.0,566.0,7.5,0
314.6,21.0,559.0,566.4,7.5,0
314.4,21.0,559.0,567.4,7.5,0
314.6,21.0,559.8,569.2,7.5,0
315.6,21.0,561.4,571.6,7.5,0
316.0,21.0,561.6,569.4,7.5,0
317.0,21.0,560.6,568.4,7.5,0
317.8,21.0,561.6,570.8,7.5,0
317.2,21.0,561.2,571.2,7.5,0
317.0,21.0,559.0,569.4,7.5,0
317.0,21.0,559.0,568.8,7.5,0
317.0,21.0,560.0,570.4,7.5,0
317.0,21.0,561.6,571.6,7.5,0
317.4,21.0,562.0,572.6,7.5,0
317.2,21.0,562.4,573.4,7.5,0
317.2,21.0,563.0,574.0,7.5,0
317.4,21.0,563.6,574.0,7.5,0
318.0,21.0,562.6,573.0,7.5,0
317.6,21.0,562.4,573.0,7.5,0
317.8,21.0,561.6,572.0,7.5,0
318.0,21.0,562.0,572.4,7.5,0
318.4,21.0,563.4,574.4,7.5,0
319.8,21.0,563.2,574.4,7.5,0
319.2,21.0,565.0,576.2,7.5,0
318.0,21.0,567.8,579.0,7.5,0
318.0,21.0,567.2,578.0,7.5,0
317.8,21.0,566.2,575.2,7.5,0
316.4,21.0,564.2,570.6,7.5,0
313.6,21.0,561.2,565.0,7.5,0
312.0,20.8,559.8,563.6,7.5,0
313.0,20.4,559.0,559.6,7.5,0
314.0,20.0,558.0,557.4,7.5,0
315.0,20.6,558.0,556.4,7.5,0
315.0,20.2,558.0,557.4,7.5,0
314.4,20.0,556.0,553.0,7.5,0
314.0,20.0,555.6,552.6,7.5,0
313.6,20.0,551.6,545.4,7.5,0
313.0,20.0,546.4,537.2,7.5,0
312.6,20.0,541.8,529.8,7.5,0
312.2,20.0,538.2,525.2,7.5,0
313.2,20.0,538.6,527.0,7.5,0
314.2,20.0,535.2,522.2,7.5,0
315.2,20.0,532.0,518.0,7.5,0
315.8,20.0,531.0,517.4,7.5,0
315.2,19.0,528.0,511.0,7.5,0
315.0,19.0,527.4,510.0,7.5,0
315.0,19.0,527.8,509.6,7.5,0
314.2,19.0,528.0,510.0,7.5,0
313.8,19.0,526.2,505.0,7.5,0
313.0,19.0,522.6,495.4,7.5,0
312.0,19.0,522.6,495.6,7.5,0
311.2,19.0,521.8,491.6,7.5,0
311.0,19.0,520.0,486.4,7.5,0
311.0,18.8,512.2,471.0,7.5,0
311.0,18.8,512.8,473.4,7.5,0
311.0,19.0,514.6,478.0,7.5,0
312.0,19.0,516.2,482.8,7.5,0
312.2,19.0,518.4,487.2,7.5,0
312.8,19.0,519.0,488.8,7.5,0
311.8,19.0,518.8,490.0,7.5,0
309.8,19.0,516.8,487.4,7.5,0
305.6,19.0,513.6,483.8,7.5,0
305.0,19.0,510.2,478.4,7.5,0
306.6,18.4,507.2,473.6,7.5,0
307.2,18.0,505.2,471.6,7.5,0
308.0,18.8,506.8,475.6,7.5,0
308.2,19.0,508.2,480.6,7.5,0
308.4,19.0,510.0,484.2,7.5,0
309.0,19.0,512.8,488.6,7.5,0
309.0,19.0,515.0,491.8,7.5,0
309.0,19.0,515.8,491.8,7.5,0
309.0,19.0,515.0,489.8,7.5,0
309.0,19.0,513.6,487.6,7.5,0
309.0,19.0,511.6,484.8,7.5,0
309.8,19.0,512.0,485.2,7.5,0
310.0,19.0,512.2,485.8,7.5,0
309.8,19.0,513.6,488.6,7.5,0
309.0,19.0,515.0,491.0,7.5,0
309.0,19.0,515.0,491.2,7.5,0
309.4,19.0,514.8,490.8,7.5,0
309.0,19.0,513.8,489.2,7.5,0
309.0,19.0,514.0,489.4,7.5,0
309.0,19.0,513.8,488.6,7.5,0
309.0,19.0,513.0,488.0,7.5,0
309.0,19.0,513.2,487.4,7.5,0
309.0,19.0,512.4,487.0,7.5,0
309.0,19.0,512.0,486.2,7.5,0
309.2,19.0,510.4,482.2,7.5,0
309.4,19.0,510.8,482.8,7.5,0
310.0,19.0,510.2,479.6,7.5,0
309.8,19.0,511.2,482.2,7.5,0
310.0,19.0,512.2,483.8,7.5,0
310.0,19.0,515.4,490.8,7.5,0
310.8,19.0,517.8,494.8,7.5,0
311.8,19.0,519.0,496.4,7.5,0
311.8,19.0,517.6,494.8,7.5,0
312.0,19.0,517.2,494.8,7.5,0
312.0,19.0,516.8,493.2,7.5,0
311.4,19.0,516.2,493.2,7.5,0
311.0,19.0,517.0,495.0,7.5,0
310.2,19.0,516.2,495.0,7.5,0
310.0,19.0,516.6,494.8,7.5,0
310.0,19.0,516.6,494.6,7.5,0
310.0,19.0,515.8,492.8,7.5,0
309.6,19.0,515.0,491.8,7.5,0
309.6,19.0,515.6,493.2,7.5,0
309.8,19.0,514.6,490.2,7.5,0
309.2,19.0,515.0,492.0,7.5,0
309.4,19.0,515.0,491.4,7.5,0
310.0,19.0,515.6,492.0,7.5,0
310.0,19.0,515.4,492.0,7.5,0
310.0,19.0,516.2,493.0,7.5,0
310.0,19.0,515.0,490.2,7.5,0
310.0,19.0,514.0,488.0,7.5,0
309.6,19.0,513.0,485.0,7.5,0
309.4,19.0,513.6,486.6,7.5,0
310.0,19.0,514.6,488.6,7.5,0
310.0,19.0,515.0,489.2,7.5,0
310.0,19.0,515.0,491.0,7.5,0
310.8,19.0,515.0,491.2,7.5,0
311.0,19.0,514.2,490.8,7.5,0
311.0,19.0,512.6,488.6,7.5,0
311.0,19.0,512.4,488.8,7.5,0
311.0,19.0,513.0,489.8,7.5,0
310.0,19.0,513.4,490.2,7.5,0
308.4,19.0,513.0,489.0,7.5,0
307.2,19.0,511.0,484.8,7.5,0
306.2,18.8,506.4,476.8,7.5,0
307.0,18.4,504.4,471.8,7.5,0
307.8,18.0,502.0,465.6,7.5,0
308.0,18.0,502.6,466.8,7.5,0
308.2,18.2,502.8,468.4,7.5,0
308.8,18.0,504.0,471.4,7.5,0
309.0,18.6,504.6,473.0,7.5,0
308.8,18.0,504.2,471.0,7.5,0
308.0,18.0,503.8,470.8,7.5,0
308.0,18.2,505.0,473.2,7.5,0
308.0,18.0,505.0,471.2,7.5,0
308.0,18.0,505.8,473.8,7.5,0
308.0,18.4,506.4,475.0,7.5,0
308.2,18.4,508.0,479.2,7.5,0
309.0,19.0,509.0,481.8,7.5,0
310.0,19.0,509.0,482.2,7.5,0
310.0,19.0,510.4,484.8,7.5,0
310.0,19.0,511.0,486.0,7.5,0
309.8,19.0,512.2,488.4,7.5,0
310.0,19.0,513.2,489.6,7.5,0
310.0,19.0,514.4,492.4,7.5,0
310.0,19.0,516.4,496.2,7.5,0
310.0,19.0,517.6,497.8,7.5,0
310.4,19.0,517.8,498.2,7.5,0
310.0,19.0,518.0,499.0,7.5,0
310.0,19.0,518.0,499.0,7.5,0
310.0,19.0,517.2,497.8,7.5,0
310.0,19.0,517.8,498.0,7.5,0
310.0,19.0,517.8,498.0,7.5,0
310.0,19.0,518.0,498.6,7.5,0
310.0,19.0,518.0,499.0,7.5,0
310.0,19.0,518.0,499.0,7.5,0
310.0,19.0,518.0,499.8,7.5,0
310.0,19.0,518.4,500.0,7.5,0
310.0,19.0,518.0,500.0,7.5,0
310.0,19.0,519.0,500.8,7.5,0
310.2,19.0,518.0,499.8,7.5,0
310.2,19.0,518.0,500.0,7.5,0
310.0,19.0,518.2,500.4,7.5,0
310.0,19.0,518.0,500.2,7.5,0
310.0,19.0,518.0,499.0,7.5,0
310.0,19.0,518.4,500.0,7.5,0
310.0,19.0,519.2,501.8,7.5,0
310.0,19.0,520.6,505.2,7.5,0
310.0,19.0,521.0,506.2,7.5,0
310.0,19.0,521.2,505.8,7.5,0
310.0,19.0,520.6,504.6,7.5,0
310.0,19.0,520.2,503.2,7.5,0
309.2,19.0,521.0,503.2,7.5,0
308.0,19.0,522.4,505.8,7.5,0
309.2,19.0,519.8,498.4,7.5,0
310.4,19.0,519.4,497.4,7.5,0
311.0,19.0,520.8,499.6,7.5,0
311.6,19.0,519.6,496.0,7.5,0
311.0,19.0,519.4,495.2,7.5,0
308.8,19.0,515.2,484.2,7.5,0
306.4,19.0,516.8,489.6,7.5,0
307.6,19.0,516.4,487.2,7.5,0
308.6,19.0,515.2,484.8,7.5,0
308.0,19.0,518.2,493.0,7.5,0
309.2,19.0,523.4,502.8,7.5,0
311.0,19.0,515.8,487.8,7.5,0
312.0,19.0,514.4,487.8,7.5,0
312.4,19.0,516.0,491.0,7.5,0
313.0,19.0,517.2,495.2,7.5,0
312.8,19.0,515.8,492.8,7.5,0
311.8,19.0,517.4,496.2,7.5,0
309.6,19.0,516.4,493.2,7.5,0
309.0,19.0,511.4,483.8,7.5,0
308.8,19.0,513.4,486.6,7.5,0
307.6,18.0,503.4,462.6,7.5,0
308.0,18.0,501.8,459.6,7.5,0
308.2,17.6,494.4,431.8,7.5,0
308.2,17.0,485.4,403.6,7.5,0
307.4,17.0,476.6,378.2,7.5,0
307.6,16.8,476.2,375.4,7.5,0
308.0,17.0,476.2,379.0,7.5,0
307.8,17.0,476.6,379.4,7.5,0
307.8,17.0,474.8,373.2,7.5,0
307.6,16.2,473.0,371.0,7.5,0
307.4,16.8,475.6,385.4,7.5,0
307.0,17.0,479.0,397.2,7.5,0
307.0,17.0,477.4,388.0,7.5,0
307.0,17.0,481.0,402.8,7.5,0
308.0,17.0,485.0,418.6,7.5,0
308.0,17.0,485.8,420.4,7.5,0
308.0,17.4,487.8,428.0,7.5,0
308.6,17.0,483.8,406.0,7.5,0
308.6,17.0,480.8,392.2,7.5,0
308.4,17.0,483.6,407.2,7.5,0
308.6,17.2,486.8,423.0,7.5,0
307.6,17.0,484.8,410.4,7.5,0
305.8,17.0,483.6,403.0,7.5,0
304.8,17.0,481.2,392.4,7.5,0
305.2,16.6,476.8,370.2,7.5,0
306.0,16.6,477.8,376.4,7.5,0
306.0,17.0,481.6,386.8,7.5,0
307.0,17.0,483.0,389.8,7.5,0
307.8,17.0,485.6,402.4,7.5,0
308.0,17.0,486.4,407.8,7.5,0
308.4,17.0,486.8,409.2,7.5,0
308.4,17.0,487.0,414.0,7.5,0
308.4,17.0,487.6,420.8,7.5,0
309.0,17.8,489.8,431.8,7.5,0
308.2,18.0,490.6,433.2,7.5,0
308.0,17.6,489.0,425.4,7.5,0
308.0,17.2,488.6,424.6,7.5,0
308.0,17.2,485.8,410.6,7.5,0
308.0,17.0,482.0,394.4,7.5,0
308.0,17.0,479.8,385.6,7.5,0
308.0,17.0,479.6,384.0,7.5,0
308.0,17.0,479.8,387.0,7.5,0
308.0,17.0,481.2,394.8,7.5,0
308.0,17.2,486.0,419.6,7.5,0
308.0,18.0,491.0,438.6,7.5,0
309.0,18.0,493.4,445.8,7.5,0
310.0,18.0,492.2,442.4,7.5,0
309.6,18.0,491.8,441.8,7.5,0
308.8,18.0,491.0,439.0,7.5,0
308.2,17.4,488.4,428.2,7.5,0
309.0,17.0,486.8,420.4,7.5,0
309.0,17.0,486.8,424.6,7.5,0
309.8,17.2,487.0,423.6,7.5,0
309.2,17.8,488.0,426.6,7.5,0
309.0,17.4,487.8,425.4,7.5,0
309.0,17.8,488.0,424.8,7.5,0
309.0,17.4,487.8,423.2,7.5,0
308.4,17.0,486.2,412.8,7.5,0
307.8,17.0,480.8,392.8,7.5,0
307.0,16.2,471.8,362.4,7.5,0
307.8,16.0,464.8,339.8,7.5,0
307.2,16.0,462.4,336.6,7.5,0
306.8,16.0,464.8,343.2,7.5,0
307.0,16.0,467.2,350.0,7.5,0
307.0,16.0,469.4,356.8,7.5,0
307.0,16.0,471.4,363.8,7.5,0
306.8,16.0,472.0,366.4,7.5,0
307.0,16.0,472.6,369.0,7.5,0
307.0,17.0,474.6,376.2,7.5,0
307.0,17.0,476.2,381.0,7.5,0
307.0,17.0,477.0,383.0,7.5,0
307.8,17.0,477.0,383.8,7.5,0
307.4,17.0,477.2,384.2,7.5,0
308.0,17.0,478.0,384.8,7.5,0
308.0,17.0,477.8,384.4,7.5,0
308.0,17.0,478.0,386.6,7.5,0
308.0,17.0,479.6,390.2,7.5,0
307.6,17.0,480.2,392.6,7.5,0
308.0,17.0,480.6,395.8,7.5,0
308.0,17.0,481.6,399.2,7.5,0
308.0,17.0,482.4,403.0,7.5,0
308.0,17.0,483.0,404.0,7.5,0
308.0,17.0,483.0,403.8,7.5,0
308.0,17.0,482.2,400.6,7.5,0
308.0,17.0,482.8,403.0,7.5,0
308.0,17.0,483.0,404.6,7.5,0
307.6,17.0,483.8,405.8,7.5,0
308.0,17.0,483.2,405.0,7.5,0
308.0,17.0,483.0,403.6,7.5,0
307.6,17.0,483.0,404.6,7.5,0
307.8,17.0,483.0,402.8,7.5,0
308.0,17.0,483.2,405.0,7.5,0
308.0,17.0,484.4,408.8,7.5,0
308.0,17.0,485.8,413.8,7.5,0
308.0,17.0,486.0,415.8,7.5,0
308.0,17.0,486.0,415.8,7.5,0
308.0,17.0,486.0,414.8,7.5,0
308.0,17.0,486.0,414.8,7.5,0
308.0,17.0,486.8,416.8,7.5,0
308.0,17.0,487.0,417.6,7.5,0
308.0,17.0,487.0,418.4,7.5,0
308.0,17.0,487.0,418.0,7.5,0
308.0,17.0,487.0,418.4,7.5,0
307.8,17.0,487.0,417.8,7.5,0
308.0,17.0,487.6,418.8,7.5,0
308.0,17.0,488.0,419.0,7.5,0
308.0,17.0,488.0,420.2,7.5,0
308.0,17.2,488.0,421.2,7.5,0
308.0,17.0,488.0,422.0,7.5,0
308.0,17.4,488.2,422.2,7.5,0
308.0,17.2,488.8,423.0,7.5,0
308.0,17.0,488.8,423.0,7.5,0
308.0,17.2,488.6,422.6,7.5,0
308.0,17.0,488.6,422.8,7.5,0
308.0,17.8,489.0,423.2,7.5,0
308.2,17.0,489.0,423.6,7.5,0
308.4,17.2,489.0,424.0,7.5,0
308.8,17.2,489.0,423.8,7.5,0
308.6,17.0,487.6,418.4,7.5,0
309.0,17.0,486.0,412.8,7.5,0
309.8,17.2,489.0,425.0,7.5,0
310.0,18.0,491.0,432.4,7.5,0
307.2,17.8,490.4,431.2,7.5,0
308.4,17.0,487.4,419.2,7.5,0
310.0,17.0,487.6,422.6,7.5,0
309.4,17.6,488.4,427.8,7.5,0
309.2,18.0,488.8,429.2,7.5,0
310.0,18.0,490.4,432.6,7.5,0
310.0,17.8,489.6,430.0,7.5,0
309.6,17.4,489.2,425.6,7.5,0
309.0,17.0,485.0,406.8,7.5,0
308.0,17.0,481.0,392.2,7.5,0
307.6,17.0,481.6,396.2,7.5,0
305.8,16.4,474.2,365.4,7.5,0
305.2,16.0,471.8,362.0,7.5,0
306.8,16.2,473.8,368.2,7.5,0
308.0,16.8,477.2,381.2,7.5,0
309.0,17.0,482.2,396.2,7.5,0
309.2,17.0,480.4,387.0,7.5,0
307.6,17.0,485.0,406.0,7.5,0
306.6,17.0,487.4,410.8,7.5,0
306.0,17.0,487.2,409.4,7.5,0
306.2,17.0,489.0,414.4,7.5,0
307.0,17.0,489.2,411.0,7.5,0
308.0,17.2,490.4,418.6,7.5,0
309.0,17.2,490.6,421.4,7.5,0
309.2,18.0,491.4,427.4,7.5,0
310.0,17.4,490.6,425.0,7.5,0
310.0,18.0,492.4,433.0,7.5,0
309.8,18.0,491.8,430.2,7.5,0
309.0,17.8,491.6,430.8,7.5,0
309.0,18.0,492.0,432.2,7.5,0
308.8,18.0,492.8,433.8,7.5,0
309.0,17.8,492.0,430.4,7.5,0
309.0,18.0,492.0,430.6,7.5,0
309.2,18.0,494.0,439.6,7.5,0
309.8,18.0,497.8,452.6,7.5,0
310.0,18.0,496.8,450.6,7.5,0
310.0,18.0,496.0,450.0,7.5,0
310.0,18.0,495.0,445.4,7.5,0
310.0,18.0,493.0,433.0,7.5,0
309.4,17.0,487.2,405.4,7.5,0
308.2,17.0,486.6,402.8,7.5,0
308.4,17.0,487.0,402.0,7.5,0
309.2,17.0,488.0,406.8,7.5,0
310.0,17.0,487.2,404.4,7.5,0
310.0,17.0,487.0,403.8,7.5,0
310.0,17.0,487.6,411.2,7.5,0
310.0,17.0,489.0,418.8,7.5,0
310.0,17.2,490.6,425.6,7.5,0
310.0,17.6,490.2,423.2,7.5,0
309.0,17.0,488.0,411.4,7.5,0
307.6,17.0,482.8,392.4,7.5,0
306.6,17.0,480.6,387.0,7.5,0
306.6,17.0,482.4,398.6,7.5,0
308.0,17.0,483.4,400.2,7.5,0
309.0,17.0,483.8,401.4,7.5,0
309.0,17.0,483.2,397.2,7.5,0
309.2,17.0,481.6,390.4,7.5,0
310.0,17.0,483.2,395.8,7.5,0
310.6,17.0,483.6,397.0,7.5,0
311.0,17.0,487.0,405.8,7.5,0
311.8,17.0,487.0,404.2,7.5,0
311.6,17.0,487.8,405.0,7.5,0
311.8,17.0,487.8,405.2,7.5,0
312.0,17.2,489.2,414.6,7.5,0
312.0,17.6,491.0,420.4,7.5,0
311.8,17.0,488.8,412.4,7.5,0
310.2,17.0,487.2,408.0,7.5,0
309.2,17.0,485.4,400.8,7.5,0
309.0,17.0,481.6,386.8,7.5,0
309.6,17.0,481.4,386.8,7.5,0
310.0,17.0,482.2,389.8,7.5,0
310.0,17.0,483.6,394.4,7.5,0
310.0,17.0,485.4,403.8,7.5,0
310.0,17.0,487.4,413.4,7.5,0
311.2,17.6,490.4,425.0,7.5,0
312.0,18.0,493.0,431.8,7.5,0
312.0,18.0,494.0,434.0,7.5,0
312.0,18.0,493.0,428.6,7.5,0
312.0,18.0,492.4,425.6,7.5,0
310.4,17.0,490.0,412.0,7.5,0
309.8,17.0,490.4,414.2,7.5,0
309.0,17.0,485.6,395.8,7.5,0
308.4,17.0,483.4,391.6,7.5,0
308.0,17.0,482.8,390.6,7.5,0
308.0,17.0,480.0,379.0,7.5,0
308.0,17.0,477.8,376.6,7.5,0
308.0,17.0,480.0,384.8,7.5,0
308.2,17.0,480.2,381.4,7.5,0
309.0,17.0,480.2,380.0,7.5,0
309.0,17.0,480.8,383.4,7.5,0
309.0,17.0,488.0,411.2,7.5,0
309.2,17.0,488.8,407.6,7.5,0
309.6,17.0,490.8,412.8,7.5,0
310.0,17.0,488.2,402.0,7.5,0
309.8,17.0,486.6,396.6,7.5,0
309.0,17.0,488.4,405.2,7.5,0
309.0,17.0,488.6,406.0,7.5,0
308.8,17.0,488.0,406.0,7.5,0
308.2,17.0,487.2,403.4,7.5,0
307.6,17.0,487.4,404.8,7.5,0
307.4,17.0,487.6,405.0,7.5,0
308.0,17.0,486.6,401.4,7.5,0
308.0,17.0,484.4,392.4,7.5,0
308.0,16.8,479.2,370.0,7.5,0
307.6,16.0,474.8,359.0,7.5,0
307.0,16.2,475.8,368.6,7.5,0
308.0,16.6,476.0,370.8,7.5,0
308.2,16.8,476.0,373.0,7.5,0
308.2,17.0,477.8,377.6,7.5,0
308.8,17.0,478.6,379.4,7.5,0
309.0,17.0,479.0,379.4,7.5,0
309.0,17.0,476.8,373.4,7.5,0
309.0,16.4,475.4,366.2,7.5,0
308.8,16.0,473.2,361.4,7.5,0
308.8,16.0,469.0,351.0,7.5,0
309.0,16.0,466.4,345.8,7.5,0
309.0,16.0,468.6,352.8,7.5,0
309.0,16.0,469.4,355.6,7.5,0
309.0,16.0,471.0,358.0,7.5,0
309.0,16.4,472.6,364.8,7.5,0
309.0,16.2,473.6,367.4,7.5,0
309.0,16.2,472.0,363.4,7.5,0
309.4,16.0,468.8,350.6,7.5,0
309.0,16.0,463.8,331.4,7.5,0
309.6,16.0,464.0,333.4,7.5,0
310.0,16.0,465.4,339.4,7.5,0
310.0,16.0,468.2,348.6,7.5,0
310.0,16.0,471.2,357.4,7.5,0
310.8,16.4,474.4,366.6,7.5,0
311.0,17.0,476.8,376.0,7.5,0
310.6,17.0,479.2,380.8,7.5,0
311.0,17.0,479.8,380.6,7.5,0
311.0,17.0,480.0,380.2,7.5,0
312.0,17.0,479.2,377.4,7.5,0
311.6,17.0,478.6,373.0,7.5,0
311.2,17.0,479.0,374.2,7.5,0
311.6,16.8,479.2,372.6,7.5,0
312.0,17.0,480.8,376.0,7.5,0
312.0,17.0,481.4,377.0,7.5,0
311.2,16.8,480.0,371.6,7.5,0
310.8,16.8,480.0,372.0,7.5,0
310.0,17.0,480.6,376.6,7.5,0
310.0,17.0,481.0,380.8,7.5,0
310.8,17.0,481.6,383.6,7.5,0
311.0,17.0,481.0,381.6,7.5,0
310.4,17.0,481.8,384.8,7.5,0
310.2,17.0,481.8,385.8,7.5,0
310.6,17.0,481.8,386.0,7.5,0
310.2,17.0,481.0,383.2,7.5,0
310.4,17.0,480.8,379.0,7.5,0
310.0,17.0,480.4,378.4,7.5,0
310.0,17.0,481.0,379.6,7.5,0
310.0,17.0,480.4,377.2,7.5,0
310.0,16.8,479.0,371.4,7.5,0
310.0,17.0,478.6,372.0,7.5,0
310.0,17.0,479.0,375.2,7.5,0
310.0,17.0,479.0,375.8,7.5,0
310.0,17.0,479.2,377.2,7.5,0
310.0,17.0,480.0,380.0,7.5,0
310.0,17.0,480.0,380.8,7.5,0
310.0,17.0,480.0,381.0,7.5,0
310.0,17.0,480.0,381.8,7.5,0
310.2,17.0,480.0,382.2,7.5,0
310.0,17.0,480.0,381.2,7.5,0
310.0,17.0,480.0,380.4,7.5,0
310.0,17.0,480.0,380.8,7.5,0
310.0,17.0,480.0,381.2,7.5,0
310.0,17.0,480.2,383.2,7.5,0
310.0,17.0,480.8,385.6,7.5,0
310.0,17.0,481.0,386.8,7.5,0
310.0,17.0,481.2,388.0,7.5,0
310.0,17.0,481.4,388.8,7.5,0
310.0,17.0,481.0,385.0,7.5,0
310.6,17.0,481.0,385.8,7.5,0
311.0,17.0,481.0,385.8,7.5,0
310.8,17.0,481.2,387.4,7.5,0
311.0,17.0,482.2,391.2,7.5,0
311.0,17.0,483.0,391.8,7.5,0
311.0,17.0,483.0,392.8,7.5,0
310.8,17.0,483.0,392.6,7.5,0
310.6,17.0,482.2,391.0,7.5,0
311.0,17.0,482.8,391.4,7.5,0
311.0,17.0,483.0,392.0,7.5,0
311.0,17.0,482.6,391.2,7.5,0
310.8,17.0,482.8,391.6,7.5,0
310.8,17.0,483.0,393.2,7.5,0
311.0,17.0,484.0,395.8,7.5,0
310.6,17.0,483.8,394.6,7.5,0
310.4,17.0,483.0,393.0,7.5,0
311.0,17.0,483.2,393.2,7.5,0
310.8,17.0,483.0,392.6,7.5,0
310.6,17.0,483.0,393.0,7.5,0
310.8,17.0,483.0,393.2,7.5,0
310.8,17.0,483.8,394.8,7.5,0
311.0,17.0,484.0,396.2,7.5,0
310.4,17.0,481.0,385.2,7.5,0
310.6,17.0,476.2,370.8,7.5,0
311.0,16.8,476.0,369.2,7.5,0
311.0,16.4,476.0,364.6,7.5,0
311.0,16.0,474.0,353.2,7.5,0
310.6,16.0,472.8,347.4,7.5,0
309.4,16.0,466.0,320.8,7.5,0
309.8,15.8,462.6,312.4,7.5,0
310.4,16.0,464.0,319.6,7.5,0
311.2,16.0,470.4,345.2,7.5,0
311.6,16.0,467.2,335.0,7.5,0
311.0,15.4,460.0,308.0,7.5,0
311.0,15.0,453.0,291.0,7.5,0
310.2,14.4,442.8,247.4,7.5,0
309.0,14.0,433.6,225.8,7.5,0
309.8,14.0,434.4,232.8,7.5,0
310.2,14.4,441.8,266.2,7.5,0
311.0,15.0,445.8,275.4,7.5,0
311.0,15.0,447.0,281.8,7.5,0
311.0,15.8,458.8,326.0,7.5,0
311.0,16.0,469.0,355.6,7.5,0
311.0,16.8,482.4,394.6,7.5,0
310.8,17.2,490.0,417.2,7.5,0
309.6,17.0,489.8,416.2,7.5,0
308.6,17.0,490.4,416.6,7.5,0
308.0,17.0,489.2,413.0,7.5,0
308.0,17.0,485.0,398.8,7.5,0
308.0,17.0,482.8,395.2,7.5,0
307.8,17.0,484.0,401.4,7.5,0
307.0,17.0,484.0,408.2,7.5,0
306.0,17.0,484.4,411.0,7.5,0
305.0,17.0,482.8,406.0,7.5,0
305.0,17.0,485.6,414.8,7.5,0
304.2,17.0,486.4,418.6,7.5,0
304.0,17.6,491.4,431.2,7.5,0
304.8,18.0,492.6,436.2,7.5,0
305.0,18.0,494.4,441.4,7.5,0
301.8,17.8,492.8,438.0,7.5,0
296.6,17.0,488.8,426.4,7.5,0
301.4,17.0,485.8,415.8,7.5,0
303.8,17.0,483.0,408.4,7.5,0
305.0,17.0,486.0,421.4,7.5,0
305.0,17.0,487.0,424.0,7.5,0
305.0,17.0,488.8,425.8,7.5,0
305.0,17.0,490.0,426.2,7.5,0
305.6,18.0,492.2,432.4,7.5,0
306.6,18.0,493.8,437.2,7.5,0
307.0,18.0,494.0,438.2,7.5,0
307.0,18.0,494.0,438.2,7.5,0
307.4,18.0,493.0,435.4,7.5,0
307.8,18.0,492.0,434.8,7.5,0
308.0,18.0,492.0,433.4,7.5,0
308.8,17.2,486.8,414.4,7.5,0
309.0,17.0,481.0,394.2,7.5,0
309.8,17.0,479.6,390.0,7.5,0
309.4,17.0,482.0,398.8,7.5,0
308.0,17.0,486.0,414.0,7.5,0
307.0,17.0,489.2,425.8,7.5,0
306.2,17.8,490.0,429.8,7.5,0
306.0,17.8,490.0,430.6,7.5,0
306.0,17.6,489.4,428.4,7.5,0
305.4,17.0,485.0,413.8,7.5,0
303.6,17.0,478.8,392.4,7.5,0
303.8,16.0,472.0,364.4,7.5,0
305.6,16.6,474.2,374.6,7.5,0
306.0,17.0,478.0,389.4,7.5,0
306.0,17.0,481.0,399.0,7.5,0
306.0,17.0,482.8,406.0,7.5,0
306.0,17.0,482.6,402.0,7.5,0
305.8,17.0,481.0,396.4,7.5,0
305.4,17.0,480.0,392.8,7.5,0
305.8,17.0,477.6,383.6,7.5,0
306.0,16.8,476.4,379.6,7.5,0
305.4,17.0,477.0,379.8,7.5,0
305.0,17.0,477.8,378.6,7.5,0
305.4,16.8,477.0,369.4,7.5,0
306.0,16.4,475.6,358.6,7.5,0
306.0,16.0,473.6,349.0,7.5,0
306.4,16.0,473.0,345.8,7.5,0
307.0,16.0,473.0,346.2,7.5,0
307.0,16.0,471.4,345.2,7.5,0
307.0,16.0,471.0,346.6,7.5,0
306.2,16.0,471.0,348.6,7.5,0
306.0,16.0,472.0,351.4,7.5,0
304.8,16.0,472.0,352.0,7.5,0
303.8,16.0,472.0,352.8,7.5,0
303.0,16.0,474.2,361.6,7.5,0
304.2,16.2,477.6,372.2,7.5,0
305.0,16.6,478.0,372.4,7.5,0
305.0,16.0,476.8,363.2,7.5,0
305.0,16.0,476.4,361.4,7.5,0
304.0,16.0,476.8,362.2,7.5,0
304.0,16.0,475.0,357.4,7.5,0
304.0,15.8,467.0,326.6,7.5,0
303.0,14.6,448.6,261.4,7.5,0
302.2,14.0,442.2,246.6,7.5,0
303.0,14.0,440.8,245.4,7.5,0
302.6,14.0,437.6,234.2,7.5,0
303.0,14.0,438.8,242.8,7.5,0
303.0,14.6,443.0,263.4,7.5,0
303.6,15.0,446.6,277.6,7.5,0
304.0,15.0,449.0,285.0,7.5,0
304.0,15.0,449.4,288.2,7.5,0
304.0,15.0,447.8,277.8,7.5,0
304.0,15.0,445.4,268.0,7.5,0
304.0,15.0,446.0,270.4,7.5,0
303.6,15.0,446.8,274.0,7.5,0
303.8,15.0,449.2,287.0,7.5,0
304.4,15.0,452.0,300.2,7.5,0
305.0,15.0,452.8,304.8,7.5,0
305.0,15.2,455.8,315.6,7.5,0
305.0,15.0,451.6,298.4,7.5,0
305.0,15.0,450.2,293.2,7.5,0
305.0,15.0,449.2,288.6,7.5,0
305.0,15.0,448.6,286.8,7.5,0
305.0,15.0,448.6,288.2,7.5,0
305.0,15.0,450.2,298.4,7.5,0
305.2,15.0,451.2,301.8,7.5,0
306.0,15.0,452.0,304.8,7.5,0
306.0,15.4,454.6,314.0,7.5,0
306.0,16.0,458.0,326.2,7.5,0
306.0,16.0,460.2,331.0,7.5,0
306.0,16.0,461.2,334.6,7.5,0
305.0,16.0,459.6,328.0,7.5,0
304.0,16.0,459.2,329.2,7.5,0
304.0,16.0,461.2,335.8,7.5,0
305.0,16.0,461.8,337.6,7.5,0
305.0,16.0,462.0,339.4,7.5,0
305.4,16.0,462.8,342.8,7.5,0
306.0,16.0,467.2,355.6,7.5,0
306.0,16.8,474.8,375.4,7.5,0
306.0,16.0,471.8,364.6,7.5,0
306.0,16.0,468.6,354.0,7.5,0
306.0,16.0,466.0,346.6,7.5,0
306.0,16.0,465.8,346.6,7.5,0
306.0,16.0,464.4,340.0,7.5,0
305.6,16.0,463.2,336.4,7.5,0
305.8,16.0,464.4,339.8,7.5,0
305.6,16.0,464.0,337.2,7.5,0
304.4,16.0,464.8,341.4,7.5,0
304.0,16.0,465.4,344.0,7.5,0
304.0,16.0,463.4,333.8,7.5,0
304.0,16.0,463.6,333.6,7.5,0
303.4,16.0,462.0,326.0,7.5,0
303.0,15.6,461.2,325.4,7.5,0
303.0,16.0,462.8,331.4,7.5,0
303.0,16.0,462.4,331.4,7.5,0
303.0,16.0,462.6,333.0,7.5,0
303.0,16.0,461.2,329.0,7.5,0
303.8,16.0,461.6,330.4,7.5,0
304.6,16.0,460.4,328.2,7.5,0
305.0,16.0,460.4,328.4,7.5,0
304.6,16.0,460.2,326.8,7.5,0
304.0,16.0,461.2,331.2,7.5,0
304.0,16.0,463.4,341.0,7.5,0
304.0,16.0,466.4,352.0,7.5,0
303.8,16.0,463.6,345.8,7.5,0
302.6,15.4,455.0,316.4,7.5,0
301.6,15.2,454.6,311.2,7.5,0
302.4,15.2,456.0,318.6,7.5,0
303.0,15.8,457.0,324.4,7.5,0
303.0,16.0,457.6,326.2,7.5,0
303.8,15.8,458.0,326.4,7.5,0
304.8,16.0,458.6,328.0,7.5,0
305.0,15.6,457.6,323.0,7.5,0
305.0,15.6,457.6,322.8,7.5,0
305.0,15.0,455.4,311.0,7.5,0
305.8,15.6,457.4,322.6,7.5,0
306.0,15.8,457.4,325.2,7.5,0
306.0,16.0,459.2,335.2,7.5,0
306.0,16.0,462.0,342.0,7.5,0
306.0,16.0,464.4,345.0,7.5,0
306.0,16.0,461.6,338.6,7.5,0
306.0,16.0,464.0,342.6,7.5,0
305.6,16.0,465.8,347.4,7.5,0
305.8,16.0,464.0,340.6,7.5,0
304.8,16.0,462.6,338.6,7.5,0
305.0,16.0,468.4,356.6,7.5,0
306.4,16.2,472.8,369.4,7.5,0
307.0,17.0,481.6,392.8,7.5,0
307.0,17.0,480.6,385.8,7.5,0
306.0,17.0,482.6,393.0,7.5,0
306.0,17.0,484.2,398.6,7.5,0
303.2,17.2,487.2,413.4,7.5,0
304.2,18.0,492.6,431.2,7.5,0
306.2,17.0,487.4,417.2,7.5,0
307.6,17.4,489.0,424.8,7.5,0
308.6,17.2,488.0,421.6,7.5,0
309.0,17.4,488.6,423.6,7.5,0
308.4,17.0,487.6,420.0,7.5,0
308.0,17.0,487.0,418.4,7.5,0
308.8,17.0,485.4,410.0,7.5,0
309.0,17.0,484.6,407.2,7.5,0
309.2,17.0,481.4,393.2,7.5,0
310.0,17.0,478.6,378.4,7.5,0
310.0,17.0,479.8,379.8,7.5,0
309.8,17.0,481.0,378.0,7.5,0
309.6,17.0,484.4,392.0,7.5,0
309.0,17.0,487.4,402.2,7.5,0
309.0,17.0,486.8,401.4,7.5,0
308.4,17.0,487.4,404.2,7.5,0
307.4,17.0,489.8,411.4,7.5,0
307.0,17.0,492.2,417.2,7.5,0
307.2,17.6,493.6,422.0,7.5,0
308.6,18.0,496.2,431.2,7.5,0
309.6,18.0,498.2,438.2,7.5,0
310.0,18.0,501.2,447.0,7.5,0
310.0,18.0,505.8,460.2,7.5,0
310.0,18.4,509.6,468.2,7.5,0
310.2,19.0,512.2,474.4,7.5,0
310.0,19.0,515.0,480.8,7.5,0
310.0,19.0,515.0,481.0,7.5,0
310.4,19.0,515.0,482.2,7.5,0
311.0,19.0,515.6,483.4,7.5,0
311.0,19.0,515.0,483.0,7.5,0
310.8,19.0,516.0,484.8,7.5,0
311.0,19.0,520.6,493.0,7.5,0
310.4,19.0,527.8,506.4,7.5,0
309.2,19.0,531.2,515.4,7.5,0
308.2,19.8,536.4,524.8,7.5,0
308.8,20.0,544.2,540.2,7.5,0
308.0,20.0,550.4,554.2,7.5,0
308.4,20.0,554.6,560.6,7.5,0
308.0,20.2,557.2,566.0,7.5,0
308.4,20.8,559.4,569.8,7.5,0
309.0,21.0,562.0,573.8,7.5,0
309.0,21.0,564.0,576.8,7.5,0
309.8,21.0,565.6,578.2,7.5,0
310.0,21.0,567.4,580.4,7.5,0
310.6,21.0,568.0,581.2,7.5,0
310.2,21.0,569.4,582.0,7.5,0
310.0,21.0,570.8,583.0,7.5,0
310.0,21.0,570.8,583.4,7.5,0
310.6,21.0,571.0,584.0,7.5,0
311.0,21.0,571.0,584.8,7.5,0
311.0,21.0,571.0,585.0,7.5,0
311.0,21.0,571.0,585.2,7.5,0
311.0,21.0,571.6,585.6,7.5,0
311.0,21.0,571.2,585.4,7.5,0
311.6,21.0,570.0,584.2,7.5,0
312.0,21.0,569.0,583.0,7.5,0
312.0,21.0,568.6,582.2,7.5,0
312.0,21.0,568.4,581.8,7.5,0
312.0,21.0,568.0,580.4,7.5,0
312.0,21.0,567.6,580.0,7.5,0
312.0,21.0,568.0,580.0,7.5,0
312.0,21.0,568.0,580.2,7.5,0
312.0,21.0,568.0,580.8,7.5,0
312.0,21.0,567.6,580.6,7.5,0
312.0,21.0,567.0,580.0,7.5,0
312.0,21.0,566.6,579.6,7.5,0
312.2,21.0,566.0,579.6,7.5,0
312.0,21.0,565.8,579.4,7.5,0
312.0,21.0,565.4,579.0,7.5,0
312.0,21.0,565.4,579.0,7.5,0
312.2,21.0,565.4,579.6,7.5,0
312.2,21.0,565.0,579.0,7.5,0
312.6,21.0,565.0,578.2,7.5,0
313.0,21.0,563.0,578.0,7.5,0
312.8,21.0,563.0,577.0,7.5,0
312.8,21.0,562.6,576.8,7.5,0
313.0,21.0,561.6,575.6,7.5,0
313.0,21.0,561.0,575.0,7.5,0
313.0,21.0,560.8,574.8,7.5,0
313.0,20.8,558.4,571.2,7.5,0
313.0,20.6,557.6,569.4,7.5,0
313.8,21.0,557.4,568.4,7.5,0
314.0,20.8,557.0,566.4,7.5,0
313.2,20.4,556.8,566.0,7.5,0
313.0,20.8,556.2,565.4,7.5,0
313.0,20.0,556.0,565.0,7.5,0
313.0,20.4,556.0,565.2,7.5,0
312.6,20.2,556.0,565.4,7.5,0
312.0,20.4,556.4,567.0,7.5,0
312.0,20.8,556.0,566.0,7.5,0
312.0,20.4,555.8,566.0,7.5,0
312.0,20.4,555.8,566.0,7.5,0
312.0,20.4,555.0,565.2,7.5,0
311.6,20.6,555.8,565.6,7.5,0
311.0,20.6,555.4,566.0,7.5,0
311.0,20.0,556.0,566.0,7.5,0
311.0,20.4,556.0,566.0,7.5,0
311.0,20.2,555.0,566.0,7.5,0
311.0,20.2,556.0,566.0,7.5,0
311.8,20.0,556.0,566.0,7.5,0
312.0,20.2,556.0,566.0,7.5,0
311.6,20.4,556.0,566.0,7.5,0
311.2,20.4,555.4,565.2,7.5,0
311.8,20.2,555.0,564.2,7.5,0
311.4,20.2,555.0,564.2,7.5,0
311.0,20.0,555.6,565.0,7.5,0
311.0,20.2,555.0,564.6,7.5,0
311.0,20.0,554.0,563.8,7.5,0
311.0,20.2,554.2,563.0,7.5,0
310.6,20.0,551.8,559.8,7.5,0
310.0,20.0,549.2,554.8,7.5,0
309.6,20.0,546.2,548.8,7.5,0
309.0,20.0,544.2,545.6,7.5,0
309.4,20.0,543.2,543.6,7.5,0
310.4,20.0,542.4,542.6,7.5,0
311.0,20.0,542.0,542.6,7.5,0
311.0,20.0,542.0,543.2,7.5,0
311.2,20.0,541.2,541.8,7.5,0
311.6,20.0,540.6,540.2,7.5,0
311.8,20.0,539.6,537.8,7.5,0
312.0,20.0,538.6,535.6,7.5,0
312.0,20.0,538.0,534.4,7.5,0
312.0,20.0,538.0,535.0,7.5,0
312.0,20.0,539.0,536.8,7.5,0
311.6,20.0,538.4,537.0,7.5,0
311.4,20.0,538.2,536.8,7.5,0
312.0,20.0,539.0,537.4,7.5,0
312.0,20.0,539.0,538.0,7.5,0
311.0,20.0,539.0,538.0,7.5,0
310.8,20.0,539.0,538.4,7.5,0
309.6,20.0,540.0,540.0,7.5,0
309.0,20.0,539.8,539.8,7.5,0
309.6,20.0,539.0,539.0,7.5,0
310.0,20.0,539.0,539.0,7.5,0
310.0,20.0,538.8,538.2,7.5,0
310.0,20.0,538.0,538.0,7.5,0
309.8,20.0,538.0,538.0,7.5,0
309.0,20.0,538.0,538.0,7.5,0
309.2,20.0,538.0,537.6,7.5,0
309.0,20.0,538.2,538.4,7.5,0
309.0,20.0,538.0,537.6,7.5,0
309.0,20.0,538.0,536.6,7.5,0
309.0,20.0,537.8,535.6,7.5,0
309.6,20.0,536.6,532.2,7.5,0
309.0,20.0,535.8,528.8,7.5,0
309.0,20.0,534.8,526.2,7.5,0
309.0,20.0,535.0,526.0,7.5,0
309.0,20.0,535.0,526.0,7.5,0
309.6,20.0,534.8,526.6,7.5,0
310.6,20.0,534.4,527.2,7.5,0
311.4,20.0,535.0,528.8,7.5,0
312.0,20.0,534.2,528.8,7.5,0
312.4,20.0,534.4,528.6,7.5,0
313.0,20.0,534.8,529.0,7.5,0
312.2,20.0,535.0,528.8,7.5,0
312.0,20.0,536.0,530.0,7.5,0
311.8,20.0,536.0,530.8,7.5,0
311.2,20.0,537.2,533.8,7.5,0
312.0,20.0,538.8,535.8,7.5,0
312.4,20.0,539.0,536.4,7.5,0
312.8,20.0,539.0,536.6,7.5,0
312.2,20.0,539.2,536.8,7.5,0
312.0,20.0,539.4,537.8,7.5,0
312.0,20.0,539.2,538.0,7.5,0
312.0,20.0,539.0,537.4,7.5,0
311.0,20.0,539.0,538.2,7.5,0
311.0,20.0,540.0,539.0,7.5,0
311.0,20.0,539.0,539.0,7.5,0
311.0,20.0,539.0,538.8,7.5,0
310.8,20.0,539.0,538.2,7.5,0
310.0,20.0,539.0,539.0,7.5,0
310.0,20.0,539.0,539.0,7.5,0
310.0,20.0,539.0,538.4,7.5,0
310.0,20.0,538.8,537.4,7.5,0
310.0,20.0,539.0,537.8,7.5,0
310.0,20.0,538.2,536.2,7.5,0
309.4,20.0,538.0,535.6,7.5,0
309.2,20.0,537.0,535.0,7.5,0
309.0,20.0,536.8,534.6,7.5,0
309.0,20.0,536.2,534.0,7.5,0
309.0,20.0,536.2,535.2,7.5,0
309.0,20.0,536.0,534.0,7.5,0
309.0,20.0,536.0,534.0,7.5,0
309.0,20.0,536.0,534.0,7.5,0
309.0,20.0,536.0,533.8,7.5,0
309.4,20.0,536.0,533.0,7.5,0
309.0,20.0,536.0,532.6,7.5,0
309.2,20.0,536.0,532.2,7.5,0
309.2,20.0,536.0,531.6,7.5,0
310.0,20.0,535.0,530.4,7.5,0
309.4,20.0,534.0,528.4,7.5,0
309.0,20.0,535.0,530.0,7.5,0
309.0,20.0,535.0,530.8,7.5,0
309.2,20.0,536.2,533.2,7.5,0
309.4,20.0,537.0,534.0,7.5,0
309.8,20.0,537.8,536.2,7.5,0
309.4,20.0,538.2,537.2,7.5,0
310.0,20.0,539.0,538.4,7.5,0
310.0,20.0,539.6,539.8,7.5,0
310.0,20.0,540.0,540.6,7.5,0
310.0,20.0,541.0,541.0,7.5,0
310.4,20.0,541.6,542.6,7.5,0
310.6,20.0,542.6,544.0,7.5,0
311.0,20.0,542.8,545.0,7.5,0
310.4,20.0,543.0,545.2,7.5,0
310.8,20.0,543.4,546.6,7.5,0
310.6,20.0,544.0,547.0,7.5,0
311.0,20.0,544.0,546.6,7.5,0
311.0,20.0,544.0,546.0,7.5,0
311.2,20.0,544.0,545.6,7.5,0
311.0,20.0,543.8,544.6,7.5,0
311.0,20.0,542.6,542.6,7.5,0
310.2,20.0,542.0,542.2,7.5,0
310.6,20.0,541.4,541.4,7.5,0
310.0,20.0,541.0,541.2,7.5,0
310.0,20.0,541.0,541.2,7.5,0
310.0,20.0,541.0,541.2,7.5,0
310.0,20.0,541.0,541.2,7.5,0
310.0,20.0,541.0,541.6,7.5,0
310.0,20.0,540.6,541.4,7.5,0
310.6,20.0,540.0,540.0,7.5,0
310.6,20.0,540.0,539.8,7.5,0
310.2,20.0,538.6,536.4,7.5,0
310.0,20.0,535.2,529.6,7.5,0
310.4,20.0,536.8,532.4,7.5,0
310.6,20.0,539.4,537.8,7.5,0
308.8,20.0,541.8,542.8,7.5,0
308.0,20.0,543.6,547.6,7.5,0
309.0,20.0,544.0,549.8,7.5,0
309.8,20.0,545.0,551.4,7.5,0
309.6,20.0,543.8,549.8,7.5,0
309.0,20.0,542.4,546.8,7.5,0
309.0,20.0,539.6,541.4,7.5,0
309.0,20.0,538.4,537.6,7.5,0
309.0,20.0,539.8,540.6,7.5,0
309.0,20.0,541.0,541.0,7.5,0
309.6,20.0,540.8,541.0,7.5,0
310.0,20.0,539.0,537.6,7.5,0
310.0,20.0,539.4,539.0,7.5,0
310.2,20.0,539.0,539.8,7.5,0
310.0,20.0,539.8,541.0,7.5,0
310.0,20.0,539.6,541.0,7.5,0
310.0,20.0,540.0,541.0,7.5,0
310.0,20.0,540.0,541.2,7.5,0
310.0,20.0,540.0,541.2,7.5,0
310.0,20.0,540.0,542.0,7.5,0
310.0,20.0,540.6,542.0,7.5,0
310.0,20.0,541.4,542.8,7.5,0
310.0,20.0,542.4,545.2,7.5,0
309.8,20.0,544.2,549.4,7.5,0
309.4,20.0,546.0,553.4,7.5,0
309.0,20.0,548.6,558.2,7.5,0
309.2,20.0,549.2,560.2,7.5,0
309.0,20.0,551.2,563.0,7.5,0
308.0,20.0,553.0,564.8,7.5,0
308.0,20.0,554.0,566.6,7.5,0
308.6,20.6,555.2,568.8,7.5,0
309.0,20.4,557.6,571.2,7.5,0
309.0,21.0,558.8,573.6,7.5,0
309.0,20.8,559.6,575.2,7.5,0
309.0,21.0,560.8,577.0,7.5,0
309.0,21.0,561.4,578.2,7.5,0
309.0,21.0,562.0,579.2,7.5,0
309.0,21.0,562.2,580.0,7.5,0
309.0,21.0,563.0,580.8,7.5,0
309.0,21.0,563.0,581.2,7.5,0
309.0,21.0,563.0,581.2,7.5,0
309.0,21.0,563.0,582.0,7.5,0
309.0,21.0,563.0,581.6,7.5,0
309.0,21.0,561.8,580.4,7.5,0
309.0,21.0,561.8,580.2,7.5,0
309.0,21.0,562.0,580.0,7.5,0
309.0,21.0,562.0,580.0,7.5,0
309.0,21.0,561.0,579.2,7.5,0
308.8,21.0,561.6,580.0,7.5,0
309.0,21.0,561.8,580.0,7.5,0
309.0,21.0,561.0,578.8,7.5,0
309.0,21.0,561.0,578.0,7.5,0
309.0,21.0,561.0,578.0,7.5,0
309.0,21.0,560.8,577.2,7.5,0
309.8,21.0,559.8,575.2,7.5,0
310.0,21.0,559.0,573.6,7.5,0
310.2,20.8,557.8,571.6,7.5,0
310.8,20.8,556.8,569.2,7.5,0
311.2,20.8,555.4,566.8,7.5,0
312.0,20.2,555.0,566.0,7.5,0
312.0,20.6,555.6,566.8,7.5,0
312.0,20.4,556.0,566.8,7.5,0
312.0,20.4,556.0,565.4,7.5,0
311.6,20.0,554.6,562.8,7.5,0
310.4,20.0,550.6,554.8,7.5,0
309.0,20.0,548.4,551.4,7.5,0
308.0,20.0,540.2,533.2,7.5,0
308.0,19.8,534.6,522.2,7.5,0
308.0,19.0,530.2,514.6,7.5,0
308.0,19.0,529.4,514.0,7.5,0
308.2,19.0,528.6,512.4,7.5,0
308.6,19.0,526.0,506.8,7.5,0
306.0,19.0,520.2,496.4,7.5,0
304.8,19.0,518.6,495.2,7.5,0
306.0,19.0,514.4,485.6,7.5,0
