,Date,Argentina,Bolivia,Brazil,Chile,Colombia,Ecuador,Guyana,Paraguay,Peru,Suriname,Uruguay,Venezuela
1,1/23/20,0.0,0.0,0.0,0.0,0.0,0.0,0.0,0.0,0.0,0.0,0.0,0.0
2,1/24/20,0.0,0.0,0.0,0.0,0.0,0.0,0.0,0.0,0.0,0.0,0.0,0.0
3,1/25/20,0.0,0.0,0.0,0.0,0.0,0.0,0.0,0.0,0.0,0.0,0.0,0.0
4,1/26/20,0.0,0.0,0.0,0.0,0.0,0.0,0.0,0.0,0.0,0.0,0.0,0.0
5,1/27/20,0.0,0.0,0.0,0.0,0.0,0.0,0.0,0.0,0.0,0.0,0.0,0.0
6,1/28/20,0.0,0.0,0.0,0.0,0.0,0.0,0.0,0.0,0.0,0.0,0.0,0.0
7,1/29/20,0.0,0.0,0.0,0.0,0.0,0.0,0.0,0.0,0.0,0.0,0.0,0.0
8,1/30/20,0.0,0.0,0.0,0.0,0.0,0.0,0.0,0.0,0.0,0.0,0.0,0.0
9,1/31/20,0.0,0.0,0.0,0.0,0.0,0.0,0.0,0.0,0.0,0.0,0.0,0.0
10,2/1/20,0.0,0.0,0.0,0.0,0.0,0.0,0.0,0.0,0.0,0.0,0.0,0.0
11,2/2/20,0.0,0.0,0.0,0.0,0.0,0.0,0.0,0.0,0.0,0.0,0.0,0.0
12,2/3/20,0.0,0.0,0.0,0.0,0.0,0.0,0.0,0.0,0.0,0.0,0.0,0.0
13,2/4/20,0.0,0.0,0.0,0.0,0.0,0.0,0.0,0.0,0.0,0.0,0.0,0.0
14,2/5/20,0.0,0.0,0.0,0.0,0.0,0.0,0.0,0.0,0.0,0.0,0.0,0.0
15,2/6/20,0.0,0.0,0.0,0.0,0.0,0.0,0.0,0.0,0.0,0.0,0.0,0.0
16,2/7/20,0.0,0.0,0.0,0.0,0.0,0.0,0.0,0.0,0.0,0.0,0.0,0.0
17,2/8/20,0.0,0.0,0.0,0.0,0.0,0.0,0.0,0.0,0.0,0.0,0.0,0.0
18,2/9/20,0.0,0.0,0.0,0.0,0.0,0.0,0.0,0.0,0.0,0.0,0.0,0.0
19,2/10/20,0.0,0.0,0.0,0.0,0.0,0.0,0.0,0.0,0.0,0.0,0.0,0.0
20,2/11/20,0.0,0.0,0.0,0.0,0.0,0.0,0.0,0.0,0.0,0.0,0.0,0.0
21,2/12/20,0.0,0.0,0.0,0.0,0.0,0.0,0.0,0.0,0.0,0.0,0.0,0.0
22,2/13/20,0.0,0.0,0.0,0.0,0.0,0.0,0.0,0.0,0.0,0.0,0.0,0.0
23,2/14/20,0.0,0.0,0.0,0.0,0.0,0.0,0.0,0.0,0.0,0.0,0.0,0.0
24,2/15/20,0.0,0.0,0.0,0.0,0.0,0.0,0.0,0.0,0.0,0.0,0.0,0.0
25,2/16/20,0.0,0.0,0.0,0.0,0.0,0.0,0.0,0.0,0.0,0.0,0.0,0.0
26,2/17/20,0.0,0.0,0.0,0.0,0.0,0.0,0.0,0.0,0.0,0.0,0.0,0.0
27,2/18/20,0.0,0.0,0.0,0.0,0.0,0.0,0.0,0.0,0.0,0.0,0.0,0.0
28,2/19/20,0.0,0.0,0.0,0.0,0.0,0.0,0.0,0.0,0.0,0.0,0.0,0.0
29,2/20/20,0.0,0.0,0.0,0.0,0.0,0.0,0.0,0.0,0.0,0.0,0.0,0.0
30,2/21/20,0.0,0.0,0.0,0.0,0.0,0.0,0.0,0.0,0.0,0.0,0.0,0.0
31,2/22/20,0.0,0.0,0.0,0.0,0.0,0.0,0.0,0.0,0.0,0.0,0.0,0.0
32,2/23/20,0.0,0.0,0.0,0.0,0.0,0.0,0.0,0.0,0.0,0.0,0.0,0.0
33,2/24/20,0.0,0.0,0.0,0.0,0.0,0.0,0.0,0.0,0.0,0.0,0.0,0.0
34,2/25/20,0.0,0.0,0.0,0.0,0.0,0.0,0.0,0.0,0.0,0.0,0.0,0.0
35,2/26/20,0.0,0.0,0.0,0.0,0.0,0.0,0.0,0.0,0.0,0.0,0.0,0.0
36,2/27/20,0.0,0.0,0.0,0.0,0.0,0.0,0.0,0.0,0.0,0.0,0.0,0.0
37,2/28/20,0.0,0.0,0.0,0.0,0.0,0.0,0.0,0.0,0.0,0.0,0.0,0.0
38,2/29/20,0.0,0.0,0.0,0.0,0.0,0.0,0.0,0.0,0.0,0.0,0.0,0.0
39,3/1/20,0.0,0.0,0.0,0.0,0.0,0.0,0.0,0.0,0.0,0.0,0.0,0.0
40,3/2/20,0.0,0.0,0.0,0.0,0.0,0.0,0.0,0.0,0.0,0.0,0.0,0.0
41,3/3/20,0.0,0.0,0.0,0.0,0.0,0.0,0.0,0.0,0.0,0.0,0.0,0.0
42,3/4/20,0.0,0.0,0.0,0.0,0.0,0.0,0.0,0.0,0.0,0.0,0.0,0.0
43,3/5/20,0.0,0.0,0.0,0.0,0.0,0.0,0.0,0.0,0.0,0.0,0.0,0.0
44,3/6/20,0.0,0.0,0.0,0.0,0.0,0.0,0.0,0.0,0.0,0.0,0.0,0.0
45,3/7/20,0.0,0.0,0.0,0.0,0.0,0.0,0.0,0.0,0.0,0.0,0.0,0.0
46,3/8/20,1.0,0.0,0.0,0.0,0.0,0.0,0.0,0.0,0.0,0.0,0.0,0.0
47,3/9/20,0.0,0.0,0.0,0.0,0.0,0.0,0.0,0.0,0.0,0.0,0.0,0.0
48,3/10/20,0.0,0.0,0.0,0.0,0.0,0.0,0.0,0.0,0.0,0.0,0.0,0.0
49,3/11/20,0.0,0.0,0.0,0.0,0.0,0.0,0.0,0.0,0.0,0.0,0.0,0.0
50,3/12/20,0.0,0.0,0.0,0.0,0.0,0.0,1.0,0.0,0.0,0.0,0.0,0.0
51,3/13/20,1.0,0.0,0.0,0.0,0.0,0.0,0.0,0.0,0.0,0.0,0.0,0.0
52,3/14/20,0.0,0.0,0.0,0.0,0.0,2.0,0.0,0.0,0.0,0.0,0.0,0.0
53,3/15/20,0.0,0.0,0.0,0.0,0.0,0.0,0.0,0.0,0.0,0.0,0.0,0.0
54,3/16/20,0.0,0.0,0.0,0.0,0.0,0.0,0.0,0.0,0.0,0.0,0.0,0.0
55,3/17/20,0.0,0.0,1.0,0.0,0.0,0.0,0.0,0.0,0.0,0.0,0.0,0.0
56,3/18/20,0.0,0.0,2.0,0.0,0.0,0.0,0.0,0.0,0.0,0.0,0.0,0.0
57,3/19/20,1.0,0.0,3.0,0.0,0.0,1.0,0.0,0.0,0.0,0.0,0.0,0.0
58,3/20/20,0.0,0.0,5.0,0.0,0.0,2.0,0.0,0.0,3.0,0.0,0.0,0.0
59,3/21/20,1.0,0.0,4.0,0.0,0.0,2.0,0.0,1.0,2.0,0.0,0.0,0.0
60,3/22/20,0.0,0.0,10.0,1.0,2.0,7.0,0.0,0.0,0.0,0.0,0.0,0.0
61,3/23/20,0.0,0.0,9.0,1.0,1.0,4.0,0.0,0.0,0.0,0.0,0.0,0.0
62,3/24/20,2.0,0.0,12.0,0.0,0.0,9.0,0.0,1.0,2.0,0.0,0.0,0.0
63,3/25/20,2.0,0.0,13.0,1.0,1.0,1.0,0.0,1.0,2.0,0.0,0.0,0.0
64,3/26/20,1.0,0.0,18.0,1.0,2.0,6.0,0.0,0.0,0.0,0.0,0.0,0.0
65,3/27/20,4.0,0.0,15.0,1.0,0.0,2.0,0.0,0.0,2.0,0.0,0.0,1.0
66,3/28/20,5.0,0.0,19.0,1.0,0.0,12.0,0.0,0.0,5.0,0.0,1.0,1.0
67,3/29/20,1.0,1.0,25.0,1.0,4.0,10.0,0.0,0.0,2.0,0.0,0.0,0.0
68,3/30/20,4.0,3.0,23.0,1.0,2.0,2.0,0.0,0.0,6.0,0.0,0.0,1.0
69,3/31/20,4.0,2.0,42.0,4.0,4.0,15.0,1.0,0.0,6.0,0.0,0.0,0.0
70,4/1/20,1.0,1.0,39.0,4.0,1.0,18.0,0.0,0.0,8.0,0.0,1.0,0.0
71,4/2/20,8.0,1.0,84.0,2.0,2.0,27.0,2.0,0.0,17.0,0.0,2.0,2.0
72,4/3/20,3.0,1.0,35.0,4.0,6.0,25.0,0.0,0.0,6.0,1.0,0.0,2.0
73,4/4/20,4.0,1.0,86.0,5.0,7.0,27.0,0.0,0.0,12.0,0.0,1.0,0.0
74,4/5/20,1.0,0.0,41.0,7.0,3.0,8.0,0.0,0.0,10.0,0.0,1.0,0.0
75,4/6/20,4.0,1.0,78.0,3.0,11.0,11.0,0.0,2.0,9.0,0.0,0.0,0.0
76,4/7/20,8.0,3.0,122.0,6.0,4.0,0.0,1.0,0.0,15.0,0.0,1.0,0.0
77,4/8/20,7.0,1.0,133.0,5.0,4.0,51.0,1.0,0.0,14.0,0.0,0.0,2.0
78,4/9/20,9.0,3.0,131.0,9.0,15.0,30.0,0.0,0.0,17.0,0.0,0.0,0.0
79,4/10/20,10.0,1.0,107.0,8.0,11.0,25.0,0.0,1.0,31.0,0.0,0.0,0.0
80,4/11/20,1.0,1.0,67.0,8.0,20.0,18.0,0.0,0.0,12.0,0.0,0.0,0.0
81,4/12/20,7.0,4.0,99.0,7.0,9.0,18.0,0.0,0.0,12.0,0.0,0.0,0.0
82,4/13/20,7.0,3.0,105.0,2.0,3.0,22.0,0.0,0.0,23.0,0.0,1.0,0.0
83,4/14/20,5.0,1.0,204.0,10.0,15.0,14.0,0.0,1.0,14.0,0.0,0.0,0.0
84,4/15/20,9.0,0.0,204.0,2.0,4.0,19.0,0.0,1.0,24.0,0.0,1.0,0.0
85,4/16/20,4.0,1.0,188.0,11.0,13.0,15.0,0.0,0.0,20.0,0.0,0.0,0.0
86,4/17/20,8.0,2.0,217.0,11.0,9.0,18.0,0.0,0.0,26.0,0.0,0.0,0.0
87,4/18/20,6.0,0.0,213.0,10.0,13.0,35.0,0.0,0.0,48.0,0.0,0.0,0.0
88,4/19/20,3.0,1.0,108.0,7.0,13.0,18.0,1.0,0.0,52.0,0.0,1.0,0.0
89,4/20/20,4.0,1.0,125.0,6.0,10.0,33.0,0.0,0.0,45.0,0.0,0.0,0.0
90,4/21/20,11.0,1.0,154.0,8.0,7.0,13.0,0.0,0.0,39.0,0.0,2.0,1.0
91,4/22/20,5.0,3.0,165.0,13.0,10.0,17.0,0.0,1.0,46.0,0.0,0.0,0.0
92,4/23/20,13.0,6.0,425.0,8.0,9.0,23.0,0.0,0.0,42.0,0.0,0.0,0.0
93,4/24/20,11.0,1.0,373.0,6.0,10.0,16.0,0.0,0.0,62.0,0.0,0.0,0.0
94,4/25/20,9.0,2.0,353.0,7.0,8.0,0.0,0.0,0.0,66.0,0.0,2.0,0.0
95,4/26/20,7.0,4.0,229.0,8.0,11.0,0.0,1.0,0.0,28.0,0.0,1.0,0.0
96,4/27/20,5.0,3.0,317.0,9.0,9.0,87.0,0.0,0.0,54.0,0.0,0.0,0.0
97,4/28/20,10.0,2.0,480.0,9.0,16.0,208.0,0.0,0.0,72.0,0.0,0.0,0.0
98,4/29/20,7.0,4.0,430.0,9.0,9.0,12.0,0.0,0.0,89.0,0.0,0.0,0.0
99,4/30/20,4.0,3.0,493.0,11.0,15.0,17.0,1.0,1.0,108.0,0.0,2.0,6.0
100,5/1/20,7.0,4.0,406.0,7.0,21.0,163.0,0.0,0.0,73.0,0.0,0.0,-6.0
101,5/2/20,12.0,5.0,349.0,13.0,10.0,308.0,0.0,0.0,76.0,0.0,0.0,0.0
102,5/3/20,9.0,5.0,290.0,13.0,16.0,193.0,0.0,0.0,86.0,0.0,0.0,0.0
103,5/4/20,14.0,6.0,316.0,10.0,18.0,5.0,0.0,0.0,58.0,0.0,0.0,0.0
104,5/5/20,4.0,4.0,571.0,5.0,20.0,0.0,1.0,0.0,100.0,0.0,0.0,0.0
105,5/6/20,9.0,5.0,650.0,6.0,19.0,49.0,0.0,0.0,89.0,0.0,0.0,0.0
106,5/7/20,9.0,11.0,602.0,4.0,10.0,36.0,0.0,0.0,94.0,0.0,0.0,0.0
107,5/8/20,11.0,4.0,827.0,9.0,21.0,50.0,0.0,0.0,87.0,0.0,1.0,0.0
108,5/9/20,7.0,8.0,639.0,10.0,17.0,13.0,0.0,0.0,100.0,0.0,0.0,0.0
109,5/10/20,5.0,4.0,467.0,8.0,18.0,410.0,0.0,0.0,75.0,0.0,1.0,0.0
110,5/11/20,9.0,4.0,530.0,11.0,16.0,18.0,0.0,0.0,72.0,0.0,0.0,0.0
111,5/12/20,5.0,6.0,808.0,12.0,14.0,182.0,0.0,0.0,96.0,0.0,0.0,0.0
112,5/13/20,10.0,14.0,779.0,11.0,16.0,7.0,0.0,1.0,112.0,0.0,0.0,0.0
113,5/14/20,24.0,10.0,759.0,22.0,16.0,4.0,0.0,0.0,98.0,0.0,0.0,0.0
114,5/15/20,3.0,12.0,963.0,26.0,21.0,256.0,0.0,0.0,125.0,0.0,0.0,0.0
115,5/16/20,7.0,1.0,700.0,27.0,16.0,94.0,0.0,0.0,131.0,0.0,0.0,0.0
116,5/17/20,10.0,4.0,456.0,29.0,12.0,48.0,0.0,0.0,125.0,0.0,1.0,0.0
117,5/18/20,9.0,5.0,735.0,28.0,18.0,63.0,0.0,0.0,141.0,0.0,0.0,0.0
118,5/19/20,11.0,15.0,1130.0,31.0,21.0,40.0,0.0,0.0,125.0,0.0,0.0,0.0
119,5/20/20,10.0,10.0,876.0,35.0,17.0,49.0,0.0,0.0,110.0,0.0,0.0,0.0
120,5/21/20,13.0,16.0,1188.0,45.0,22.0,51.0,0.0,0.0,124.0,0.0,0.0,0.0
121,5/22/20,17.0,15.0,1001.0,41.0,30.0,117.0,0.0,0.0,96.0,0.0,0.0,0.0
122,5/23/20,12.0,10.0,965.0,43.0,23.0,40.0,0.0,0.0,129.0,0.0,2.0,0.0
123,5/24/20,7.0,10.0,653.0,45.0,22.0,12.0,0.0,0.0,83.0,0.0,0.0,0.0
124,5/25/20,15.0,11.0,807.0,43.0,23.0,95.0,1.0,0.0,173.0,0.0,0.0,0.0
125,5/26/20,17.0,13.0,1039.0,45.0,26.0,0.0,0.0,0.0,159.0,0.0,0.0,1.0
126,5/27/20,16.0,6.0,1086.0,35.0,27.0,72.0,0.0,0.0,195.0,0.0,0.0,0.0
127,5/28/20,8.0,13.0,1156.0,49.0,19.0,38.0,0.0,0.0,116.0,0.0,0.0,0.0
128,5/29/20,12.0,7.0,1124.0,54.0,31.0,21.0,0.0,0.0,131.0,0.0,0.0,3.0
129,5/30/20,8.0,10.0,956.0,53.0,37.0,0.0,1.0,0.0,141.0,0.0,0.0,0.0
130,5/31/20,11.0,3.0,480.0,57.0,49.0,24.0,0.0,0.0,135.0,0.0,0.0,0.0
131,6/1/20,17.0,30.0,623.0,59.0,30.0,0.0,0.0,0.0,128.0,0.0,1.0,3.0
132,6/2/20,13.0,33.0,1262.0,75.0,40.0,80.0,0.0,0.0,133.0,0.0,0.0,1.0
133,6/3/20,14.0,24.0,1349.0,87.0,36.0,48.0,0.0,0.0,127.0,0.0,0.0,2.0
134,6/4/20,25.0,15.0,1473.0,81.0,42.0,0.0,0.0,0.0,137.0,0.0,0.0,0.0
135,6/5/20,24.0,12.0,1005.0,92.0,58.0,48.0,0.0,0.0,131.0,0.0,0.0,0.0
136,6/6/20,16.0,27.0,904.0,93.0,60.0,74.0,0.0,0.0,139.0,0.0,0.0,2.0
137,6/7/20,16.0,11.0,525.0,96.0,54.0,13.0,0.0,0.0,164.0,0.0,0.0,0.0
138,6/8/20,29.0,10.0,679.0,627.0,49.0,21.0,0.0,0.0,106.0,1.0,0.0,0.0
139,6/9/20,24.0,12.0,1272.0,19.0,64.0,48.0,0.0,0.0,167.0,0.0,0.0,1.0
140,6/10/20,18.0,25.0,1274.0,192.0,61.0,30.0,0.0,0.0,165.0,0.0,0.0,0.0
141,6/11/20,30.0,21.0,1239.0,173.0,55.0,0.0,0.0,0.0,185.0,0.0,0.0,0.0
142,6/12/20,20.0,26.0,909.0,222.0,57.0,108.0,0.0,0.0,0.0,1.0,0.0,0.0
143,6/13/20,30.0,26.0,892.0,231.0,47.0,46.0,0.0,0.0,220.0,0.0,0.0,1.0
144,6/14/20,18.0,26.0,612.0,222.0,75.0,22.0,0.0,0.0,380.0,0.0,0.0,1.0
145,6/15/20,21.0,21.0,627.0,39.0,59.0,33.0,0.0,1.0,172.0,2.0,0.0,1.0
146,6/16/20,24.0,27.0,1282.0,21.0,75.0,41.0,0.0,1.0,196.0,1.0,1.0,1.0
147,6/17/20,35.0,20.0,1269.0,232.0,63.0,37.0,0.0,0.0,201.0,0.0,0.0,1.0
148,6/18/20,35.0,18.0,1238.0,226.0,86.0,80.0,0.0,0.0,204.0,1.0,0.0,0.0
149,6/19/20,31.0,18.0,1206.0,252.0,95.0,69.0,0.0,0.0,199.0,1.0,0.0,2.0
150,6/20/20,13.0,25.0,1022.0,202.0,81.0,0.0,0.0,0.0,201.0,0.0,1.0,3.0
151,6/21/20,19.0,33.0,615.0,184.0,111.0,67.0,0.0,0.0,184.0,0.0,0.0,0.0
152,6/22/20,32.0,47.0,680.0,23.0,73.0,0.0,0.0,0.0,178.0,0.0,0.0,2.0
153,6/23/20,35.0,26.0,1374.0,3.0,94.0,51.0,0.0,0.0,181.0,1.0,0.0,0.0
154,6/24/20,38.0,30.0,1185.0,226.0,87.0,0.0,0.0,0.0,182.0,1.0,1.0,3.0
155,6/25/20,34.0,37.0,1141.0,172.0,163.0,69.0,0.0,0.0,175.0,0.0,0.0,1.0
156,6/26/20,34.0,21.0,990.0,165.0,157.0,63.0,0.0,0.0,178.0,0.0,0.0,2.0
157,6/27/20,23.0,36.0,1109.0,279.0,128.0,18.0,0.0,2.0,196.0,1.0,0.0,1.0
158,6/28/20,25.0,44.0,552.0,162.0,239.0,5.0,0.0,0.0,182.0,0.0,1.0,2.0
159,6/29/20,48.0,57.0,692.0,66.0,96.0,73.0,0.0,1.0,187.0,2.0,0.0,4.0
160,6/30/20,27.0,52.0,1280.0,113.0,60.0,25.0,0.0,1.0,173.0,0.0,0.0,3.0
161,7/1/20,44.0,78.0,1038.0,65.0,136.0,49.0,1.0,2.0,183.0,0.0,1.0,3.0
162,7/2/20,34.0,70.0,1252.0,167.0,171.0,63.0,1.0,0.0,185.0,0.0,0.0,3.0
163,7/3/20,52.0,49.0,1290.0,131.0,136.0,61.0,0.0,0.0,181.0,0.0,0.0,2.0
164,7/4/20,44.0,58.0,1091.0,141.0,165.0,69.0,0.0,1.0,186.0,1.0,0.0,3.0
165,7/5/20,26.0,56.0,602.0,116.0,122.0,12.0,1.0,0.0,177.0,0.0,0.0,3.0
166,7/6/20,75.0,42.0,620.0,76.0,146.0,40.0,0.0,0.0,183.0,0.0,1.0,3.0
167,7/7/20,62.0,54.0,1254.0,50.0,149.0,52.0,1.0,0.0,180.0,1.0,0.0,3.0
168,7/8/20,50.0,47.0,1223.0,139.0,168.0,0.0,0.0,0.0,181.0,2.0,0.0,4.0
169,7/9/20,26.0,61.0,1220.0,109.0,187.0,27.0,0.0,0.0,181.0,0.0,0.0,5.0
170,7/10/20,54.0,64.0,1214.0,99.0,211.0,39.0,0.0,0.0,186.0,1.0,0.0,3.0
171,7/11/20,36.0,52.0,1071.0,100.0,194.0,92.0,1.0,1.0,182.0,0.0,1.0,2.0
172,7/12/20,35.0,53.0,631.0,98.0,188.0,16.0,0.0,1.0,188.0,0.0,1.0,4.0
173,7/13/20,58.0,59.0,733.0,45.0,148.0,16.0,0.0,3.0,184.0,0.0,0.0,4.0
174,7/14/20,65.0,32.0,1300.0,45.0,170.0,67.0,0.0,0.0,175.0,0.0,0.0,3.0
175,7/15/20,82.0,44.0,1233.0,117.0,189.0,28.0,1.0,0.0,188.0,0.0,0.0,4.0
176,7/16/20,62.0,42.0,1322.0,104.0,215.0,49.0,1.0,2.0,198.0,0.0,1.0,4.0
177,7/17/20,66.0,65.0,1163.0,1057.0,259.0,43.0,0.0,1.0,184.0,1.0,0.0,3.0
178,7/18/20,42.0,57.0,921.0,98.0,228.0,32.0,0.0,1.0,199.0,1.0,1.0,3.0
179,7/19/20,40.0,45.0,716.0,58.0,220.0,31.0,0.0,2.0,189.0,1.0,0.0,2.0
180,7/20/20,113.0,67.0,632.0,130.0,193.0,5.0,0.0,2.0,197.0,0.0,0.0,4.0
181,7/21/20,117.0,55.0,1367.0,44.0,237.0,48.0,0.0,2.0,195.0,0.0,0.0,4.0
182,7/22/20,98.0,55.0,1284.0,45.0,207.0,52.0,0.0,1.0,188.0,0.0,1.0,4.0
183,7/23/20,114.0,79.0,1311.0,116.0,315.0,21.0,0.0,0.0,3887.0,2.0,0.0,5.0
184,7/24/20,105.0,66.0,1156.0,76.0,287.0,29.0,1.0,2.0,189.0,0.0,0.0,5.0
185,7/25/20,86.0,62.0,1211.0,106.0,294.0,39.0,0.0,2.0,0.0,0.0,0.0,4.0
186,7/26/20,46.0,48.0,555.0,92.0,256.0,8.0,0.0,1.0,0.0,0.0,0.0,4.0
187,7/27/20,120.0,64.0,614.0,75.0,252.0,17.0,0.0,2.0,575.0,1.0,1.0,4.0
188,7/28/20,120.0,73.0,921.0,53.0,297.0,52.0,0.0,2.0,194.0,0.0,0.0,5.0
189,7/29/20,109.0,88.0,1595.0,38.0,380.0,39.0,0.0,1.0,204.0,2.0,0.0,5.0
190,7/30/20,153.0,86.0,1129.0,99.0,356.0,34.0,0.0,1.0,0.0,0.0,0.0,2.0
191,7/31/20,102.0,83.0,1212.0,80.0,295.0,45.0,0.0,2.0,205.0,0.0,0.0,6.0
192,8/1/20,53.0,87.0,1088.0,76.0,225.0,34.0,0.0,3.0,0.0,0.0,0.0,5.0
193,8/2/20,52.0,89.0,541.0,75.0,320.0,0.0,1.0,0.0,593.0,1.0,1.0,5.0
194,8/3/20,165.0,75.0,561.0,99.0,367.0,31.0,0.0,3.0,197.0,0.0,0.0,6.0
195,8/4/20,166.0,92.0,1154.0,38.0,298.0,41.0,1.0,4.0,196.0,0.0,1.0,7.0
196,8/5/20,127.0,65.0,1437.0,47.0,309.0,39.0,0.0,2.0,221.0,0.0,0.0,8.0
197,8/6/20,145.0,80.0,1237.0,97.0,315.0,30.0,0.0,5.0,196.0,2.0,0.0,7.0
198,8/7/20,160.0,59.0,1079.0,69.0,311.0,20.0,0.0,3.0,225.0,0.0,0.0,6.0
199,8/8/20,112.0,63.0,905.0,53.0,290.0,19.0,0.0,3.0,0.0,0.0,0.0,7.0
200,8/9/20,83.0,53.0,572.0,66.0,302.0,6.0,0.0,3.0,423.0,0.0,0.0,8.0
201,8/10/20,158.0,72.0,703.0,62.0,312.0,10.0,0.0,7.0,204.0,1.0,0.0,6.0
202,8/11/20,240.0,49.0,1274.0,39.0,321.0,19.0,0.0,4.0,225.0,9.0,0.0,9.0
203,8/12/20,209.0,66.0,1175.0,27.0,362.0,33.0,0.0,7.0,0.0,0.0,0.0,9.0
204,8/13/20,149.0,57.0,1262.0,94.0,308.0,26.0,0.0,4.0,212.0,1.0,0.0,12.0
205,8/14/20,165.0,55.0,1060.0,41.0,347.0,20.0,0.0,11.0,4143.0,1.0,1.0,7.0
206,8/15/20,110.0,64.0,709.0,55.0,318.0,35.0,0.0,19.0,0.0,1.0,0.0,10.0
207,8/16/20,66.0,55.0,620.0,57.0,287.0,5.0,1.0,11.0,219.0,5.0,0.0,5.0
208,8/17/20,111.0,65.0,684.0,61.0,275.0,13.0,0.0,7.0,206.0,1.0,2.0,7.0
209,8/18/20,234.0,49.0,1352.0,33.0,247.0,22.0,2.0,16.0,200.0,6.0,0.0,9.0
210,8/19/20,282.0,61.0,1212.0,32.0,360.0,41.0,2.0,4.0,177.0,0.0,0.0,6.0
211,8/20/20,187.0,72.0,1204.0,93.0,204.0,54.0,2.0,5.0,176.0,1.0,1.0,8.0
212,8/21/20,213.0,61.0,1054.0,52.0,385.0,48.0,1.0,12.0,200.0,1.0,1.0,6.0
213,8/22/20,118.0,76.0,892.0,69.0,400.0,29.0,1.0,10.0,211.0,1.0,0.0,6.0
214,8/23/20,137.0,67.0,494.0,60.0,348.0,33.0,0.0,13.0,208.0,1.0,0.0,6.0
215,8/24/20,381.0,69.0,565.0,64.0,296.0,12.0,0.0,14.0,210.0,2.0,0.0,8.0
216,8/25/20,197.0,86.0,1271.0,42.0,277.0,46.0,0.0,12.0,150.0,1.0,1.0,6.0
217,8/26/20,276.0,62.0,1085.0,32.0,295.0,42.0,0.0,16.0,188.0,1.0,0.0,8.0
218,8/27/20,211.0,65.0,984.0,82.0,283.0,61.0,1.0,18.0,123.0,4.0,0.0,7.0
219,8/28/20,221.0,55.0,855.0,60.0,299.0,33.0,3.0,15.0,153.0,0.0,0.0,8.0
220,8/29/20,82.0,92.0,758.0,49.0,297.0,33.0,0.0,14.0,194.0,1.0,1.0,9.0
221,8/30/20,104.0,28.0,566.0,63.0,300.0,18.0,1.0,14.0,136.0,0.0,0.0,6.0
222,8/31/20,203.0,61.0,553.0,45.0,299.0,1.0,3.0,18.0,181.0,4.0,0.0,5.0
223,9/1/20,259.0,74.0,1215.0,32.0,388.0,15.0,2.0,22.0,156.0,1.0,0.0,5.0
224,9/2/20,199.0,102.0,1184.0,23.0,295.0,48.0,0.0,10.0,124.0,0.0,0.0,7.0
225,9/3/20,243.0,85.0,834.0,78.0,273.0,29.0,3.0,15.0,0.0,1.0,0.0,4.0
226,9/4/20,262.0,55.0,888.0,72.0,270.0,26.0,0.0,25.0,337.0,2.0,1.0,10.0
227,9/5/20,116.0,55.0,701.0,57.0,268.0,50.0,2.0,14.0,149.0,1.0,0.0,8.0
228,9/6/20,120.0,0.0,447.0,41.0,256.0,0.0,0.0,23.0,133.0,9.0,0.0,8.0
229,9/7/20,270.0,1656.0,310.0,60.0,203.0,3852.0,1.0,14.0,151.0,6.0,0.0,8.0
230,9/8/20,276.0,43.0,504.0,30.0,202.0,51.0,1.0,14.0,138.0,0.0,0.0,8.0
231,9/9/20,253.0,49.0,1075.0,20.0,236.0,74.0,0.0,11.0,147.0,1.0,0.0,8.0
232,9/10/20,249.0,47.0,983.0,79.0,222.0,48.0,1.0,11.0,113.0,1.0,0.0,8.0
233,9/11/20,241.0,57.0,874.0,69.0,243.0,87.0,3.0,11.0,108.0,0.0,0.0,8.0
234,9/12/20,115.0,47.0,814.0,45.0,216.0,28.0,2.0,18.0,126.0,0.0,0.0,9.0
235,9/13/20,89.0,47.0,415.0,54.0,190.0,39.0,2.0,11.0,56.0,0.0,0.0,8.0
236,9/14/20,315.0,50.0,381.0,64.0,199.0,19.0,0.0,14.0,184.0,2.0,0.0,9.0
237,9/15/20,185.0,53.0,1113.0,27.0,165.0,41.0,2.0,13.0,102.0,0.0,0.0,8.0
238,9/16/20,264.0,31.0,987.0,18.0,190.0,33.0,0.0,14.0,115.0,0.0,0.0,9.0
239,9/17/20,344.0,33.0,829.0,84.0,187.0,33.0,2.0,18.0,124.0,0.0,1.0,9.0
240,9/18/20,196.0,39.0,858.0,57.0,0.0,15.0,2.0,27.0,95.0,1.0,0.0,10.0
241,9/19/20,143.0,36.0,739.0,55.0,374.0,40.0,2.0,25.0,137.0,1.0,0.0,9.0
242,9/20/20,254.0,31.0,363.0,32.0,169.0,6.0,0.0,23.0,86.0,0.0,0.0,8.0
243,9/21/20,429.0,37.0,377.0,12.0,189.0,5.0,1.0,17.0,0.0,0.0,0.0,8.0
244,9/22/20,470.0,39.0,833.0,23.0,0.0,31.0,2.0,29.0,0.0,3.0,0.0,9.0
245,9/23/20,424.0,38.0,0.0,24.0,349.0,45.0,2.0,22.0,199.0,1.0,1.0,10.0
246,9/24/20,390.0,34.0,1703.0,124.0,0.0,42.0,2.0,16.0,302.0,1.0,0.0,7.0
247,9/25/20,442.0,35.0,729.0,58.0,357.0,23.0,2.0,18.0,167.0,0.0,0.0,10.0
248,9/26/20,335.0,28.0,869.0,64.0,193.0,37.0,1.0,21.0,0.0,0.0,0.0,9.0
249,9/27/20,206.0,30.0,335.0,50.0,192.0,6.0,2.0,21.0,105.0,0.0,0.0,6.0
250,9/28/20,364.0,42.0,317.0,57.0,153.0,1.0,2.0,15.0,120.0,0.0,0.0,8.0
251,9/29/20,406.0,31.0,863.0,27.0,187.0,32.0,0.0,23.0,62.0,2.0,1.0,7.0
252,9/30/20,418.0,34.0,1031.0,16.0,170.0,43.0,2.0,16.0,72.0,0.0,0.0,7.0
253,10/1/20,3351.0,36.0,728.0,81.0,198.0,78.0,2.0,12.0,67.0,1.0,0.0,7.0
254,10/2/20,311.0,44.0,0.0,45.0,201.0,62.0,3.0,21.0,72.0,0.0,0.0,8.0
255,10/3/20,196.0,28.0,1307.0,52.0,159.0,102.0,0.0,23.0,74.0,1.0,0.0,6.0
256,10/4/20,223.0,28.0,365.0,60.0,156.0,50.0,2.0,16.0,0.0,0.0,0.0,4.0
257,10/5/20,450.0,28.0,323.0,58.0,132.0,34.0,3.0,18.0,133.0,0.0,0.0,5.0
258,10/6/20,359.0,27.0,819.0,33.0,173.0,21.0,2.0,19.0,92.0,0.0,1.0,7.0
259,10/7/20,399.0,36.0,734.0,20.0,163.0,41.0,3.0,23.0,80.0,0.0,0.0,6.0
260,10/8/20,484.0,36.0,729.0,77.0,0.0,398.0,3.0,23.0,95.0,0.0,0.0,7.0
261,10/9/20,515.0,34.0,682.0,53.0,315.0,34.0,2.0,33.0,89.0,0.0,0.0,6.0
262,10/10/20,356.0,30.0,559.0,52.0,165.0,13.0,2.0,20.0,125.0,1.0,1.0,7.0
263,10/11/20,287.0,16.0,290.0,46.0,174.0,3.0,1.0,12.0,82.0,0.0,0.0,6.0
264,10/12/20,318.0,18.0,201.0,58.0,151.0,27.0,1.0,19.0,52.0,0.0,1.0,7.0
265,10/13/20,386.0,25.0,309.0,20.0,156.0,17.0,2.0,12.0,62.0,0.0,0.0,6.0
266,10/14/20,349.0,26.0,749.0,19.0,165.0,29.0,0.0,23.0,0.0,1.0,0.0,4.0
267,10/15/20,421.0,30.0,713.0,19.0,151.0,42.0,1.0,19.0,158.0,1.0,0.0,6.0
268,10/16/20,381.0,32.0,754.0,95.0,159.0,51.0,0.0,15.0,0.0,0.0,0.0,5.0
269,10/17/20,384.0,24.0,461.0,59.0,187.0,18.0,2.0,14.0,71.0,0.0,0.0,6.0
270,10/18/20,160.0,18.0,0.0,47.0,167.0,12.0,0.0,9.0,54.0,0.0,0.0,5.0
271,10/19/20,449.0,21.0,501.0,41.0,132.0,8.0,2.0,19.0,57.0,0.0,0.0,0.0
272,10/20/20,384.0,24.0,661.0,26.0,170.0,9.0,3.0,24.0,61.0,0.0,1.0,11.0
273,10/21/20,419.0,32.0,566.0,17.0,192.0,49.0,2.0,19.0,55.0,0.0,1.0,6.0
274,10/22/20,438.0,26.0,497.0,73.0,173.0,47.0,1.0,12.0,109.0,0.0,0.0,6.0
275,10/23/20,381.0,24.0,571.0,52.0,165.0,28.0,0.0,16.0,0.0,0.0,0.0,5.0
276,10/24/20,275.0,19.0,432.0,48.0,198.0,14.0,0.0,15.0,49.0,0.0,0.0,6.0
277,10/25/20,283.0,18.0,231.0,52.0,154.0,11.0,2.0,16.0,116.0,0.0,0.0,3.0
278,10/26/20,405.0,13.0,263.0,59.0,194.0,20.0,0.0,24.0,0.0,1.0,1.0,4.0
279,10/27/20,429.0,14.0,549.0,23.0,217.0,15.0,0.0,14.0,48.0,1.0,0.0,3.0
280,10/28/20,341.0,22.0,510.0,6.0,188.0,20.0,4.0,12.0,60.0,0.0,1.0,4.0
281,10/29/20,371.0,11.0,513.0,86.0,173.0,14.0,0.0,14.0,58.0,0.0,2.0,5.0
282,10/30/20,350.0,10.0,508.0,40.0,209.0,10.0,1.0,14.0,47.0,0.0,1.0,4.0
283,10/31/20,210.0,10.0,407.0,49.0,179.0,38.0,0.0,17.0,49.0,0.0,0.0,5.0
284,11/1/20,138.0,6.0,190.0,40.0,201.0,14.0,2.0,14.0,65.0,0.0,1.0,3.0
285,11/2/20,483.0,10.0,179.0,55.0,138.0,8.0,2.0,11.0,0.0,0.0,1.0,5.0
286,11/3/20,429.0,10.0,243.0,17.0,194.0,6.0,0.0,12.0,0.0,0.0,1.0,4.0
287,11/4/20,468.0,7.0,610.0,21.0,166.0,6.0,2.0,13.0,195.0,1.0,0.0,4.0
288,11/5/20,246.0,10.0,0.0,64.0,196.0,26.0,0.0,8.0,59.0,0.0,0.0,5.0
289,11/6/20,370.0,13.0,909.0,46.0,196.0,31.0,3.0,10.0,0.0,0.0,0.0,2.0
290,11/7/20,212.0,9.0,254.0,49.0,190.0,54.0,1.0,7.0,53.0,1.0,0.0,3.0
291,11/8/20,212.0,5.0,128.0,44.0,196.0,15.0,0.0,11.0,38.0,0.0,1.0,2.0
292,11/9/20,347.0,7.0,231.0,45.0,183.0,9.0,1.0,12.0,58.0,0.0,0.0,4.0
293,11/10/20,276.0,6.0,174.0,23.0,154.0,10.0,0.0,14.0,64.0,0.0,0.0,4.0
294,11/11/20,348.0,10.0,566.0,22.0,184.0,71.0,2.0,16.0,49.0,0.0,1.0,4.0
295,11/12/20,251.0,7.0,913.0,66.0,179.0,26.0,1.0,11.0,39.0,1.0,0.0,3.0
296,11/13/20,263.0,10.0,456.0,39.0,178.0,31.0,0.0,13.0,36.0,0.0,1.0,3.0
297,11/14/20,262.0,6.0,921.0,39.0,160.0,20.0,0.0,13.0,39.0,0.0,0.0,4.0
298,11/15/20,129.0,8.0,140.0,42.0,202.0,11.0,1.0,18.0,71.0,0.0,1.0,3.0
299,11/16/20,291.0,10.0,216.0,44.0,192.0,8.0,0.0,15.0,54.0,1.0,2.0,4.0
300,11/17/20,379.0,7.0,685.0,20.0,158.0,9.0,1.0,11.0,40.0,1.0,1.0,3.0
301,11/18/20,241.0,9.0,756.0,14.0,182.0,27.0,2.0,11.0,46.0,0.0,0.0,2.0
302,11/19/20,185.0,14.0,606.0,58.0,198.0,21.0,1.0,12.0,0.0,0.0,1.0,3.0
303,11/20/20,258.0,11.0,552.0,48.0,168.0,22.0,0.0,11.0,129.0,0.0,0.0,3.0
304,11/21/20,112.0,4.0,376.0,27.0,175.0,44.0,0.0,5.0,103.0,0.0,0.0,3.0
305,11/22/20,100.0,3.0,194.0,39.0,183.0,62.0,0.0,5.0,0.0,0.0,2.0,2.0
306,11/23/20,120.0,9.0,302.0,37.0,192.0,24.0,3.0,8.0,46.0,0.0,0.0,2.0
307,11/24/20,310.0,12.0,630.0,25.0,198.0,39.0,1.0,12.0,46.0,1.0,1.0,3.0
308,11/25/20,282.0,5.0,654.0,7.0,183.0,24.0,0.0,14.0,44.0,0.0,1.0,4.0
309,11/26/20,227.0,6.0,691.0,97.0,159.0,28.0,2.0,13.0,0.0,0.0,1.0,4.0
310,11/27/20,275.0,4.0,514.0,43.0,195.0,42.0,0.0,16.0,100.0,0.0,0.0,4.0
311,11/28/20,106.0,6.0,587.0,44.0,187.0,13.0,0.0,11.0,94.0,0.0,1.0,4.0
312,11/29/20,151.0,3.0,272.0,34.0,183.0,52.0,1.0,12.0,44.0,0.0,1.0,2.0
313,11/30/20,257.0,5.0,287.0,54.0,182.0,38.0,1.0,13.0,0.0,0.0,1.0,3.0
314,12/1/20,198.0,6.0,697.0,20.0,168.0,40.0,0.0,15.0,43.0,0.0,1.0,4.0
315,12/2/20,228.0,9.0,698.0,8.0,183.0,61.0,0.0,12.0,0.0,0.0,2.0,4.0
316,12/3/20,149.0,10.0,755.0,81.0,188.0,50.0,0.0,13.0,110.0,0.0,0.0,4.0
317,12/4/20,207.0,5.0,694.0,39.0,162.0,84.0,0.0,17.0,0.0,0.0,0.0,4.0
318,12/5/20,120.0,5.0,664.0,34.0,166.0,60.0,0.0,20.0,119.0,0.0,1.0,3.0
319,12/6/20,138.0,3.0,313.0,36.0,175.0,22.0,2.0,20.0,36.0,0.0,1.0,3.0
320,12/7/20,118.0,2.0,376.0,35.0,187.0,2.0,1.0,19.0,43.0,0.0,1.0,5.0
321,12/8/20,121.0,5.0,842.0,17.0,163.0,14.0,0.0,15.0,0.0,0.0,3.0,4.0
322,12/9/20,213.0,2.0,836.0,10.0,150.0,20.0,0.0,14.0,127.0,0.0,1.0,5.0
323,12/10/20,209.0,4.0,770.0,84.0,176.0,36.0,0.0,13.0,98.0,0.0,3.0,5.0
324,12/11/20,175.0,5.0,672.0,8.0,185.0,8.0,0.0,13.0,0.0,0.0,0.0,6.0
325,12/12/20,62.0,1.0,686.0,64.0,197.0,16.0,0.0,10.0,45.0,0.0,1.0,5.0
326,12/13/20,98.0,4.0,279.0,40.0,187.0,1.0,1.0,16.0,0.0,0.0,1.0,5.0
327,12/14/20,275.0,6.0,433.0,45.0,142.0,0.0,1.0,18.0,133.0,0.0,3.0,6.0
328,12/15/20,163.0,2.0,964.0,18.0,161.0,21.0,0.0,20.0,77.0,0.0,3.0,5.0
329,12/16/20,161.0,3.0,936.0,10.0,204.0,19.0,2.0,23.0,0.0,0.0,4.0,5.0
330,12/17/20,169.0,2.0,1092.0,48.0,227.0,17.0,0.0,18.0,104.0,0.0,3.0,5.0
331,12/18/20,138.0,2.0,823.0,44.0,232.0,10.0,1.0,18.0,0.0,0.0,4.0,4.0
332,12/19/20,91.0,2.0,706.0,50.0,249.0,6.0,0.0,22.0,0.0,1.0,5.0,5.0
333,12/20/20,50.0,1.0,408.0,53.0,207.0,0.0,0.0,16.0,176.0,0.0,5.0,4.0
334,12/21/20,184.0,7.0,527.0,43.0,205.0,1.0,0.0,15.0,69.0,0.0,0.0,5.0
335,12/22/20,257.0,9.0,968.0,20.0,251.0,0.0,1.0,17.0,70.0,0.0,1.0,4.0
336,12/23/20,60.0,13.0,961.0,11.0,243.0,13.0,2.0,18.0,45.0,0.0,8.0,5.0
337,12/24/20,0.0,11.0,762.0,75.0,280.0,15.0,0.0,16.0,0.0,0.0,7.0,4.0
338,12/25/20,108.0,7.0,506.0,55.0,236.0,7.0,0.0,0.0,99.0,1.0,8.0,4.0
339,12/26/20,79.0,10.0,307.0,46.0,253.0,6.0,0.0,20.0,51.0,0.0,4.0,3.0
340,12/27/20,149.0,5.0,344.0,39.0,228.0,2.0,2.0,14.0,0.0,0.0,11.0,1.0
341,12/28/20,218.0,8.0,431.0,0.0,203.0,2.0,0.0,14.0,106.0,1.0,2.0,4.0
342,12/29/20,150.0,29.0,1111.0,45.0,246.0,7.0,0.0,18.0,51.0,0.0,8.0,3.0
343,12/30/20,145.0,14.0,1194.0,11.0,289.0,22.0,0.0,22.0,49.0,1.0,6.0,4.0
344,12/31/20,82.0,16.0,1074.0,109.0,304.0,11.0,0.0,20.0,106.0,1.0,7.0,3.0
345,1/1/21,74.0,10.0,462.0,52.0,282.0,17.0,0.0,0.0,0.0,1.0,12.0,2.0
346,1/2/21,56.0,11.0,314.0,64.0,270.0,8.0,0.0,17.0,0.0,0.0,8.0,2.0
347,1/3/21,107.0,15.0,293.0,43.0,200.0,0.0,0.0,13.0,93.0,0.0,3.0,2.0
348,1/4/21,152.0,18.0,543.0,0.0,222.0,10.0,2.0,13.0,57.0,1.0,7.0,4.0
349,1/5/21,151.0,22.0,1171.0,21.0,241.0,34.0,0.0,16.0,0.0,1.0,6.0,4.0
350,1/6/21,191.0,46.0,1242.0,28.0,295.0,43.0,0.0,16.0,95.0,1.0,4.0,5.0
351,1/7/21,146.0,17.0,1524.0,97.0,344.0,12.0,1.0,15.0,0.0,4.0,10.0,5.0
352,1/8/21,151.0,24.0,962.0,61.0,364.0,7.0,0.0,20.0,124.0,1.0,9.0,4.0
353,1/9/21,144.0,23.0,1171.0,63.0,353.0,12.0,0.0,15.0,0.0,1.0,8.0,5.0
354,1/10/21,78.0,25.0,469.0,59.0,330.0,0.0,2.0,18.0,0.0,1.0,8.0,0.0
355,1/11/21,159.0,39.0,480.0,66.0,337.0,7.0,1.0,15.0,231.0,5.0,6.0,12.0
356,1/12/21,194.0,39.0,1110.0,20.0,331.0,12.0,0.0,17.0,55.0,0.0,7.0,5.0
357,1/13/21,135.0,39.0,1274.0,22.0,342.0,33.0,0.0,14.0,64.0,1.0,6.0,6.0
358,1/14/21,142.0,37.0,1131.0,90.0,367.0,17.0,0.0,15.0,0.0,0.0,5.0,6.0
359,1/15/21,102.0,41.0,1151.0,75.0,377.0,27.0,0.0,13.0,255.0,0.0,11.0,5.0
360,1/16/21,68.0,25.0,1050.0,66.0,388.0,43.0,0.0,16.0,0.0,2.0,7.0,6.0
361,1/17/21,112.0,40.0,551.0,42.0,375.0,3.0,0.0,10.0,116.0,0.0,13.0,5.0
362,1/18/21,425.0,44.0,452.0,70.0,373.0,3.0,0.0,13.0,0.0,4.0,8.0,6.0
363,1/19/21,234.0,42.0,1192.0,26.0,398.0,60.0,0.0,17.0,0.0,1.0,11.0,4.0
364,1/20/21,150.0,42.0,1340.0,21.0,390.0,55.0,0.0,21.0,274.0,0.0,6.0,6.0
365,1/21/21,139.0,54.0,1316.0,108.0,395.0,89.0,0.0,14.0,0.0,0.0,11.0,7.0
366,1/22/21,220.0,53.0,1096.0,84.0,399.0,36.0,0.0,15.0,230.0,2.0,17.0,7.0
367,1/23/21,162.0,56.0,1202.0,68.0,396.0,34.0,0.0,22.0,0.0,0.0,3.0,6.0
368,1/24/21,90.0,58.0,592.0,79.0,392.0,27.0,2.0,10.0,334.0,1.0,9.0,6.0
369,1/25/21,207.0,66.0,627.0,66.0,373.0,16.0,0.0,15.0,0.0,0.0,14.0,6.0
370,1/26/21,219.0,54.0,1214.0,24.0,381.0,29.0,0.0,19.0,499.0,1.0,11.0,5.0
371,1/27/21,182.0,62.0,1283.0,17.0,395.0,36.0,2.0,17.0,0.0,2.0,6.0,6.0
372,1/28/21,166.0,59.0,1386.0,134.0,390.0,62.0,1.0,13.0,165.0,2.0,8.0,6.0
373,1/29/21,174.0,53.0,1119.0,83.0,371.0,36.0,0.0,12.0,212.0,0.0,10.0,6.0
374,1/30/21,156.0,51.0,1279.0,82.0,366.0,49.0,1.0,11.0,373.0,0.0,6.0,6.0
375,1/31/21,43.0,49.0,559.0,113.0,333.0,8.0,0.0,14.0,169.0,0.0,5.0,6.0
376,2/1/21,275.0,60.0,595.0,85.0,289.0,31.0,1.0,15.0,0.0,2.0,8.0,7.0
377,2/2/21,177.0,74.0,1210.0,22.0,304.0,25.0,0.0,17.0,155.0,0.0,9.0,6.0
378,2/3/21,113.0,58.0,1254.0,17.0,301.0,34.0,0.0,15.0,357.0,0.0,11.0,7.0
379,2/4/21,161.0,62.0,1232.0,155.0,254.0,19.0,0.0,14.0,0.0,2.0,12.0,7.0
380,2/5/21,285.0,54.0,1239.0,77.0,272.0,14.0,2.0,12.0,215.0,0.0,2.0,7.0
381,2/6/21,125.0,66.0,0.0,87.0,290.0,22.0,1.0,16.0,180.0,2.0,3.0,5.0
382,2/7/21,61.0,43.0,1500.0,79.0,300.0,8.0,0.0,19.0,375.0,1.0,9.0,5.0
383,2/8/21,227.0,68.0,0.0,82.0,297.0,1.0,1.0,20.0,0.0,1.0,7.0,7.0
384,2/9/21,168.0,65.0,1986.0,28.0,217.0,73.0,0.0,16.0,318.0,1.0,9.0,7.0
385,2/10/21,108.0,67.0,1330.0,21.0,226.0,30.0,1.0,14.0,0.0,1.0,10.0,6.0
386,2/11/21,200.0,48.0,1351.0,157.0,250.0,58.0,2.0,15.0,419.0,2.0,8.0,7.0
387,2/12/21,155.0,63.0,1288.0,83.0,213.0,46.0,2.0,13.0,0.0,0.0,3.0,7.0
388,2/13/21,159.0,48.0,1043.0,98.0,229.0,49.0,0.0,16.0,210.0,0.0,6.0,6.0
389,2/14/21,48.0,47.0,713.0,98.0,180.0,52.0,0.0,16.0,448.0,0.0,2.0,6.0
390,2/15/21,91.0,32.0,528.0,83.0,181.0,34.0,0.0,17.0,177.0,1.0,6.0,6.0
391,2/16/21,105.0,40.0,1167.0,20.0,163.0,37.0,2.0,18.0,0.0,0.0,5.0,7.0
392,2/17/21,184.0,29.0,1150.0,15.0,185.0,2.0,1.0,20.0,176.0,1.0,7.0,5.0
393,2/18/21,241.0,50.0,1367.0,139.0,200.0,50.0,0.0,17.0,252.0,0.0,5.0,6.0
394,2/19/21,143.0,37.0,1280.0,99.0,177.0,30.0,0.0,18.0,181.0,0.0,5.0,5.0
395,2/20/21,122.0,27.0,1240.0,77.0,174.0,39.0,0.0,19.0,201.0,0.0,6.0,4.0
396,2/21/21,76.0,24.0,527.0,68.0,149.0,23.0,0.0,20.0,407.0,0.0,5.0,4.0
397,2/22/21,161.0,29.0,639.0,84.0,140.0,11.0,0.0,15.0,0.0,1.0,9.0,4.0
398,2/23/21,151.0,38.0,1386.0,25.0,144.0,20.0,1.0,21.0,166.0,1.0,5.0,5.0
399,2/24/21,140.0,39.0,1428.0,22.0,142.0,67.0,2.0,18.0,224.0,0.0,3.0,6.0
400,2/25/21,145.0,30.0,1541.0,137.0,136.0,35.0,3.0,16.0,196.0,0.0,4.0,3.0
401,2/26/21,92.0,32.0,1337.0,90.0,122.0,44.0,0.0,17.0,411.0,0.0,6.0,4.0
402,2/27/21,59.0,19.0,1386.0,76.0,142.0,66.0,0.0,15.0,205.0,0.0,2.0,3.0
403,2/28/21,19.0,21.0,721.0,96.0,106.0,32.0,0.0,14.0,0.0,2.0,5.0,3.0
404,3/1/21,112.0,17.0,778.0,88.0,100.0,21.0,2.0,17.0,195.0,1.0,3.0,4.0
405,3/2/21,115.0,37.0,1641.0,24.0,106.0,18.0,0.0,20.0,400.0,0.0,6.0,5.0
406,3/3/21,261.0,31.0,1910.0,20.0,110.0,71.0,2.0,21.0,0.0,0.0,7.0,5.0
407,3/4/21,191.0,27.0,1699.0,134.0,107.0,38.0,0.0,17.0,195.0,2.0,7.0,6.0
408,3/5/21,140.0,28.0,1800.0,90.0,111.0,38.0,1.0,22.0,217.0,0.0,6.0,7.0
409,3/6/21,86.0,18.0,1555.0,80.0,112.0,23.0,0.0,16.0,185.0,0.0,8.0,7.0
410,3/7/21,10.0,16.0,1086.0,69.0,91.0,19.0,1.0,24.0,190.0,0.0,6.0,6.0
411,3/8/21,241.0,22.0,987.0,86.0,95.0,4.0,2.0,25.0,173.0,0.0,7.0,7.0
412,3/9/21,131.0,13.0,1972.0,19.0,78.0,26.0,1.0,17.0,309.0,0.0,8.0,8.0
413,3/10/21,107.0,26.0,2286.0,24.0,97.0,36.0,1.0,27.0,0.0,0.0,12.0,0.0
414,3/11/21,134.0,19.0,2233.0,156.0,85.0,23.0,1.0,24.0,160.0,1.0,5.0,16.0
415,3/12/21,85.0,27.0,2216.0,89.0,92.0,65.0,0.0,25.0,161.0,0.0,6.0,7.0
416,3/13/21,68.0,14.0,1997.0,123.0,96.0,22.0,0.0,20.0,180.0,0.0,9.0,8.0
417,3/14/21,24.0,14.0,1127.0,100.0,97.0,21.0,1.0,20.0,177.0,0.0,14.0,0.0
418,3/15/21,166.0,16.0,1057.0,98.0,100.0,4.0,0.0,41.0,162.0,0.0,5.0,14.0
419,3/16/21,200.0,23.0,2841.0,17.0,125.0,19.0,1.0,37.0,174.0,0.0,8.0,7.0
420,3/17/21,195.0,18.0,2648.0,27.0,130.0,41.0,1.0,34.0,346.0,0.0,15.0,8.0
421,3/18/21,155.0,13.0,2724.0,172.0,138.0,33.0,3.0,32.0,0.0,0.0,9.0,8.0
422,3/19/21,90.0,13.0,2815.0,99.0,135.0,79.0,0.0,42.0,374.0,0.0,11.0,8.0
423,3/20/21,41.0,10.0,2438.0,93.0,136.0,23.0,2.0,33.0,0.0,0.0,16.0,8.0
424,3/21/21,28.0,9.0,1290.0,99.0,121.0,16.0,1.0,35.0,301.0,0.0,16.0,10.0
425,3/22/21,126.0,14.0,1383.0,80.0,120.0,27.0,1.0,39.0,0.0,1.0,19.0,9.0
426,3/23/21,152.0,19.0,3251.0,25.0,126.0,26.0,2.0,49.0,276.0,0.0,16.0,9.0
427,3/24/21,123.0,14.0,2009.0,18.0,120.0,36.0,2.0,51.0,0.0,0.0,16.0,10.0
428,3/25/21,146.0,24.0,2777.0,122.0,125.0,42.0,3.0,41.0,357.0,0.0,13.0,11.0
429,3/26/21,143.0,12.0,3650.0,63.0,126.0,50.0,2.0,48.0,201.0,0.0,19.0,11.0
430,3/27/21,133.0,22.0,3438.0,66.0,145.0,47.0,0.0,45.0,206.0,0.0,26.0,12.0
431,3/28/21,81.0,21.0,1656.0,101.0,165.0,59.0,2.0,60.0,231.0,0.0,14.0,10.0
432,3/29/21,162.0,25.0,1660.0,316.0,124.0,8.0,2.0,50.0,166.0,0.0,13.0,12.0
433,3/30/21,125.0,28.0,3780.0,37.0,176.0,34.0,2.0,48.0,0.0,0.0,25.0,12.0
434,3/31/21,122.0,18.0,3869.0,28.0,167.0,67.0,0.0,45.0,373.0,0.0,21.0,13.0
435,4/1/21,83.0,23.0,3769.0,193.0,192.0,30.0,2.0,44.0,153.0,0.0,35.0,13.0
436,4/2/21,82.0,25.0,2922.0,93.0,163.0,33.0,2.0,44.0,170.0,0.0,32.0,14.0
437,4/3/21,83.0,11.0,1987.0,103.0,155.0,19.0,2.0,50.0,294.0,0.0,30.0,18.0
438,4/4/21,93.0,8.0,1240.0,120.0,162.0,27.0,6.0,55.0,252.0,0.0,30.0,15.0
439,4/5/21,272.0,20.0,1319.0,33.0,199.0,31.0,3.0,64.0,261.0,0.0,45.0,16.0
440,4/6/21,163.0,22.0,4195.0,57.0,231.0,17.0,1.0,59.0,0.0,1.0,45.0,15.0
441,4/7/21,198.0,19.0,3829.0,62.0,243.0,53.0,3.0,62.0,273.0,0.0,40.0,12.0
442,4/8/21,290.0,27.0,4249.0,183.0,247.0,58.0,2.0,60.0,567.0,0.0,44.0,15.0
443,4/9/21,228.0,16.0,3693.0,129.0,269.0,43.0,0.0,54.0,307.0,0.0,88.0,19.0
444,4/10/21,297.0,14.0,2616.0,105.0,325.0,117.0,0.0,51.0,384.0,1.0,51.0,20.0
445,4/11/21,132.0,9.0,1803.0,133.0,281.0,18.0,3.0,78.0,234.0,3.0,48.0,19.0
446,4/12/21,178.0,18.0,1480.0,137.0,267.0,5.0,2.0,62.0,327.0,0.0,71.0,17.0
447,4/13/21,217.0,27.0,3808.0,35.0,326.0,53.0,1.0,89.0,259.0,2.0,62.0,20.0
448,4/14/21,368.0,23.0,3459.0,30.0,337.0,49.0,2.0,62.0,323.0,0.0,52.0,19.0
449,4/15/21,383.0,84.0,3560.0,218.0,380.0,89.0,3.0,70.0,0.0,1.0,79.0,19.0
450,4/16/21,159.0,22.0,3305.0,157.0,365.0,39.0,4.0,0.0,337.0,2.0,62.0,17.0
451,4/17/21,80.0,0.0,2929.0,132.0,367.0,113.0,1.0,141.0,648.0,0.0,60.0,18.0
452,4/18/21,64.0,23.0,1657.0,122.0,397.0,62.0,3.0,62.0,0.0,0.0,60.0,17.0
453,4/19/21,248.0,18.0,1347.0,100.0,420.0,0.0,0.0,71.0,740.0,0.0,63.0,20.0
454,4/20/21,316.0,29.0,3321.0,40.0,429.0,41.0,2.0,86.0,417.0,1.0,51.0,19.0
455,4/21/21,291.0,36.0,3472.0,36.0,419.0,60.0,1.0,91.0,0.0,1.0,61.0,21.0
456,4/22/21,537.0,27.0,2027.0,179.0,430.0,161.0,3.0,72.0,650.0,2.0,77.0,22.0
457,4/23/21,556.0,25.0,2914.0,109.0,420.0,97.0,0.0,82.0,408.0,2.0,67.0,22.0
458,4/24/21,298.0,29.0,3076.0,101.0,440.0,96.0,2.0,87.0,428.0,2.0,56.0,19.0
459,4/25/21,170.0,12.0,1305.0,114.0,465.0,19.0,5.0,98.0,284.0,3.0,43.0,19.0
460,4/26/21,443.0,37.0,1139.0,119.0,448.0,123.0,3.0,102.0,289.0,3.0,65.0,18.0
461,4/27/21,512.0,24.0,3086.0,45.0,436.0,89.0,4.0,92.0,0.0,0.0,61.0,17.0
462,4/28/21,348.0,35.0,3163.0,53.0,490.0,81.0,2.0,102.0,729.0,0.0,45.0,17.0
463,4/29/21,561.0,0.0,3001.0,174.0,505.0,82.0,2.0,106.0,0.0,0.0,66.0,18.0
464,4/30/21,357.0,31.0,2595.0,106.0,490.0,79.0,1.0,83.0,735.0,3.0,53.0,19.0
465,5/1/21,231.0,58.0,2656.0,104.0,272.0,93.0,2.0,91.0,0.0,0.0,53.0,19.0
466,5/2/21,156.0,0.0,1202.0,104.0,485.0,16.0,1.0,96.0,649.0,3.0,55.0,17.0
467,5/3/21,540.0,26.0,983.0,98.0,687.0,25.0,4.0,81.0,249.0,0.0,72.0,17.0
468,5/4/21,410.0,0.0,2966.0,37.0,463.0,98.0,3.0,69.0,299.0,5.0,65.0,19.0
469,5/5/21,663.0,47.0,2811.0,30.0,388.0,44.0,2.0,76.0,0.0,0.0,57.0,18.0
470,5/6/21,398.0,69.0,2550.0,169.0,399.0,111.0,2.0,85.0,302.0,1.0,54.0,18.0
471,5/7/21,609.0,0.0,2165.0,109.0,453.0,43.0,4.0,91.0,0.0,1.0,60.0,19.0
472,5/8/21,170.0,54.0,2202.0,97.0,492.0,76.0,9.0,76.0,850.0,0.0,50.0,17.0
473,5/9/21,283.0,0.0,1024.0,117.0,495.0,85.0,2.0,80.0,277.0,1.0,40.0,11.0
474,5/10/21,496.0,23.0,889.0,100.0,488.0,20.0,2.0,79.0,0.0,3.0,49.0,13.0
475,5/11/21,490.0,30.0,2311.0,38.0,429.0,44.0,4.0,75.0,270.0,2.0,37.0,16.0
476,5/12/21,496.0,50.0,2494.0,28.0,490.0,63.0,0.0,74.0,525.0,0.0,44.0,17.0
477,5/13/21,447.0,37.0,2383.0,136.0,499.0,93.0,2.0,69.0,0.0,1.0,66.0,15.0
478,5/14/21,599.0,64.0,2211.0,127.0,490.0,72.0,2.0,55.0,710.0,2.0,51.0,14.0
479,5/15/21,400.0,42.0,2087.0,87.0,530.0,178.0,3.0,52.0,0.0,1.0,50.0,0.0
480,5/16/21,269.0,66.0,1036.0,98.0,520.0,7.0,3.0,62.0,612.0,4.0,40.0,30.0
481,5/17/21,505.0,49.0,786.0,102.0,509.0,87.0,3.0,96.0,0.0,2.0,62.0,15.0
482,5/18/21,744.0,0.0,2513.0,31.0,482.0,91.0,1.0,110.0,251.0,8.0,57.0,17.0
483,5/19/21,494.0,69.0,2641.0,32.0,452.0,102.0,4.0,112.0,563.0,1.0,60.0,18.0
484,5/20/21,434.0,58.0,2403.0,172.0,490.0,43.0,0.0,98.0,0.0,1.0,53.0,19.0
485,5/21/21,692.0,87.0,2215.0,121.0,486.0,85.0,0.0,103.0,219.0,3.0,69.0,18.0
486,5/22/21,297.0,77.0,1899.0,96.0,509.0,73.0,6.0,120.0,554.0,2.0,51.0,16.0
487,5/23/21,375.0,108.0,860.0,132.0,496.0,13.0,4.0,125.0,246.0,4.0,60.0,14.0
488,5/24/21,417.0,0.0,790.0,30.0,483.0,17.0,0.0,114.0,0.0,7.0,51.0,15.0
